"componente","nombre del input","descripcion","tipo de elemento","selector","propiedad","tipo de dato","requerido","valor predeterminado","mecanismo","ambito","legacy","obsoleto","archivo","linea","fuente de descripcion","transformacion"
"BmbAcademicProgressComponent","accredited","Sets the value of accredited.","Componente","bmb-academic-progress","accredited","IBmbNameValuePair","Sí","Sin valor predeterminado (requerido)","input.required","Biblioteca","No","No","ui-angular/src/lib/components/bmb-academic-progress/bmb-academic-progress.component.ts","42","ui-angular/src/lib/components/bmb-academic-progress/bmb-academic-progress.component.stories.ts:32",""
"BmbAcademicProgressComponent","average","Sets the value of average.","Componente","bmb-academic-progress","average","IBmbNameValuePair","Sí","Sin valor predeterminado (requerido)","input.required","Biblioteca","No","No","ui-angular/src/lib/components/bmb-academic-progress/bmb-academic-progress.component.ts","43","ui-angular/src/lib/components/bmb-academic-progress/bmb-academic-progress.component.stories.ts:49",""
"BmbAcademicProgressComponent","summary","Sets the value of summary.","Componente","bmb-academic-progress","summary","IBmbNameValuePair","Sí","Sin valor predeterminado (requerido)","input.required","Biblioteca","No","No","ui-angular/src/lib/components/bmb-academic-progress/bmb-academic-progress.component.ts","44","ui-angular/src/lib/components/bmb-academic-progress/bmb-academic-progress.component.stories.ts:66",""
"BmbAccordionComponent","appearanceContrast","Defines the appearance style.","Componente","bmb-accordion","appearanceContrast","IBmbContrast","No","'default'","input","Biblioteca","No","No","ui-angular/src/lib/components/bmb-accordion/bmb-accordion.component.ts","54","ui-angular/src/lib/components/bmb-accordion/bmb-accordion.stories.ts:69",""
"BmbAccordionComponent","borderRadius","Determines the corner radius size","Componente","bmb-accordion","borderRadius","SizeNames | SizeNames[]","No","'m'","input","Biblioteca","No","No","ui-angular/src/lib/components/bmb-accordion/bmb-accordion.component.ts","55","ui-angular/src/lib/components/bmb-accordion/bmb-accordion.stories.ts:80",""
"BmbAccordionComponent","margin","Descripción no resuelta automáticamente; consultar la fuente de documentación.","Componente","bmb-accordion","margin","SizeNames | SizeNames[]","No","'m'","input","Biblioteca","No","No","ui-angular/src/lib/components/bmb-accordion/bmb-accordion.component.ts","56","ui-angular/src/lib/components/bmb-accordion/bmb-accordion.stories.ts:92",""
"BmbAccordionComponent","paddingHeader","Descripción no resuelta automáticamente; consultar la fuente de documentación.","Componente","bmb-accordion","paddingHeader","SizeNames | SizeNames[]","No","'m'","input","Biblioteca","No","No","ui-angular/src/lib/components/bmb-accordion/bmb-accordion.component.ts","57","ui-angular/src/lib/components/bmb-accordion/bmb-accordion.stories.ts:103",""
"BmbAccordionComponent","paddingContent","Descripción no resuelta automáticamente; consultar la fuente de documentación.","Componente","bmb-accordion","paddingContent","SizeNames | SizeNames[]","No","'m'","input","Biblioteca","No","No","ui-angular/src/lib/components/bmb-accordion/bmb-accordion.component.ts","58","ui-angular/src/lib/components/bmb-accordion/bmb-accordion.stories.ts:114",""
"BmbAccordionComponent","icon","Name of the icon to be displayed in the input field. Refer to Material Icons for options.","Componente","bmb-accordion","icon","string","No","''","input","Biblioteca","No","No","ui-angular/src/lib/components/bmb-accordion/bmb-accordion.component.ts","59","ui-angular/src/lib/components/bmb-accordion/bmb-accordion.stories.ts:125",""
"BmbAccordionComponent","accordionId","Is a identifier for the component, this attribute is REQUIRED to use the accordion control directive","Componente","bmb-accordion","accordionId","number | null","No","null","input","Biblioteca","No","No","ui-angular/src/lib/components/bmb-accordion/bmb-accordion.component.ts","60","ui-angular/src/lib/components/bmb-accordion/bmb-accordion.stories.ts:134",""
"BmbAccordionComponent","hideToggle","This property hides or show the toggle to collapse the accordion","Componente","bmb-accordion","hideToggle","boolean","No","false","input","Biblioteca","No","No","ui-angular/src/lib/components/bmb-accordion/bmb-accordion.component.ts","61","ui-angular/src/lib/components/bmb-accordion/bmb-accordion.stories.ts:143",""
"BmbAccordionComponent","active","When this property is set as true, the accordion is not collapsed, so the content is shown.","Componente","bmb-accordion","active","boolean","No","false","input","Biblioteca","No","No","ui-angular/src/lib/components/bmb-accordion/bmb-accordion.component.ts","62","ui-angular/src/lib/components/bmb-accordion/bmb-accordion.stories.ts:153",""
"BmbAccordionComponent","disabled","If set to true, disables the accordion, making it non-interactive and unclickable. This is useful for conditions where user interaction should be restricted.","Componente","bmb-accordion","disabled","boolean","No","false","input","Biblioteca","No","No","ui-angular/src/lib/components/bmb-accordion/bmb-accordion.component.ts","63","ui-angular/src/lib/components/bmb-accordion/bmb-accordion.stories.ts:163",""
"BmbAccordionComponent","expanded","If set to true, expanded the accordion.","Componente","bmb-accordion","expanded","boolean | undefined","No","undefined","input","Biblioteca","No","No","ui-angular/src/lib/components/bmb-accordion/bmb-accordion.component.ts","64","ui-angular/src/lib/components/bmb-accordion/bmb-accordion.stories.ts:173",""
"BmbAccordionComponent","lockToggle","If set to true, the click interaction is disabled, but without adding disabled styles.","Componente","bmb-accordion","lockToggle","boolean","No","false","input","Biblioteca","No","No","ui-angular/src/lib/components/bmb-accordion/bmb-accordion.component.ts","65","ui-angular/src/lib/components/bmb-accordion/bmb-accordion.stories.ts:182",""
"BmbAccordionControlDirective","accordionStates","Sin descripción documentada.","Directiva","[bmbAccordionControl]","accordionStates","{ [id: string]: boolean }","No","{}","input","Biblioteca","Sí","No","ui-angular/src/lib/directives/old/bmb-accordion/bmb-accordion-control.directive.ts","23","",""
"BmbAccordionSimpleTextComponent","appearanceContrast","Sin descripción documentada.","Componente","bmb-accordion-simple-text","appearanceContrast","IBmbContrast","No","'default'","input","Biblioteca","No","No","ui-angular/src/lib/components/bmb-accordion/bmb-accordion-simple-text/bmb-accordion-simple-text.component.ts","20","",""
"BmbAccordionSimpleTextComponent","titleContent","Sin descripción documentada.","Componente","bmb-accordion-simple-text","titleContent","string","Sí","Sin valor predeterminado (requerido)","input.required","Biblioteca","No","No","ui-angular/src/lib/components/bmb-accordion/bmb-accordion-simple-text/bmb-accordion-simple-text.component.ts","21","",""
"BmbAccordionSimpleTextComponent","textContent","Sin descripción documentada.","Componente","bmb-accordion-simple-text","textContent","string","Sí","Sin valor predeterminado (requerido)","input.required","Biblioteca","No","No","ui-angular/src/lib/components/bmb-accordion/bmb-accordion-simple-text/bmb-accordion-simple-text.component.ts","22","",""
"BmbAccordionSimpleTextComponent","expanded","Sin descripción documentada.","Componente","bmb-accordion-simple-text","expanded","boolean","No","undefined","input","Biblioteca","No","No","ui-angular/src/lib/components/bmb-accordion/bmb-accordion-simple-text/bmb-accordion-simple-text.component.ts","23","",""
"BmbAccordionSimpleTextComponent","disabled","Sin descripción documentada.","Componente","bmb-accordion-simple-text","disabled","boolean","No","undefined","input","Biblioteca","No","No","ui-angular/src/lib/components/bmb-accordion/bmb-accordion-simple-text/bmb-accordion-simple-text.component.ts","24","",""
"BmbAccountStatementComponent","progressCircleTitle","Sets the label of progress circle.","Componente","bmb-account-statement","progressCircleTitle","string | string[]","No","''","input","Biblioteca","No","No","ui-angular/src/lib/components/bmb-account-statement/bmb-account-statement.component.ts","71","ui-angular/src/lib/components/bmb-account-statement/bmb-account-statement.component.stories.ts:137",""
"BmbAccountStatementComponent","labelPrimary","Sets the text of primary label of account statement.","Componente","bmb-account-statement","labelPrimary","string","No","undefined","input","Biblioteca","No","No","ui-angular/src/lib/components/bmb-account-statement/bmb-account-statement.component.ts","72","ui-angular/src/lib/components/bmb-account-statement/bmb-account-statement.component.stories.ts:58",""
"BmbAccountStatementComponent","labelSecondary","Sets the text of secondary label of account statement.","Componente","bmb-account-statement","labelSecondary","string","No","undefined","input","Biblioteca","No","No","ui-angular/src/lib/components/bmb-account-statement/bmb-account-statement.component.ts","73","ui-angular/src/lib/components/bmb-account-statement/bmb-account-statement.component.stories.ts:62",""
"BmbAccountStatementComponent","totalCount","Sets the total amount of account statement.","Componente","bmb-account-statement","totalCount","number","No","0","input","Biblioteca","No","No","ui-angular/src/lib/components/bmb-account-statement/bmb-account-statement.component.ts","74","ui-angular/src/lib/components/bmb-account-statement/bmb-account-statement.component.stories.ts:66",""
"BmbAccountStatementComponent","counter","Sets the partial amount of account statement.","Componente","bmb-account-statement","counter","number","No","0","input","Biblioteca","No","No","ui-angular/src/lib/components/bmb-account-statement/bmb-account-statement.component.ts","75","ui-angular/src/lib/components/bmb-account-statement/bmb-account-statement.component.stories.ts:70",""
"BmbAccountStatementComponent","progressTitle","Sets the progress title of header.","Componente","bmb-account-statement","progressTitle","string","No","undefined","input","Biblioteca","No","No","ui-angular/src/lib/components/bmb-account-statement/bmb-account-statement.component.ts","76","ui-angular/src/lib/components/bmb-account-statement/bmb-account-statement.component.stories.ts:74",""
"BmbAccountStatementComponent","formatDates","Sets the format dates of `cutOffDate` and `paymentDeadline`.","Componente","bmb-account-statement","formatDates","string","No","'yyyy-MM-dd'","input","Biblioteca","No","No","ui-angular/src/lib/components/bmb-account-statement/bmb-account-statement.component.ts","77","ui-angular/src/lib/components/bmb-account-statement/bmb-account-statement.component.stories.ts:78",""
"BmbAccountStatementComponent","paymentDeadline","Sets the date of payment deadline.","Componente","bmb-account-statement","paymentDeadline","string","No","undefined","input","Biblioteca","No","No","ui-angular/src/lib/components/bmb-account-statement/bmb-account-statement.component.ts","78","ui-angular/src/lib/components/bmb-account-statement/bmb-account-statement.component.stories.ts:82",""
"BmbAccountStatementComponent","cutOffDate","Sets the date of payment cutoff.","Componente","bmb-account-statement","cutOffDate","string","No","undefined","input","Biblioteca","No","No","ui-angular/src/lib/components/bmb-account-statement/bmb-account-statement.component.ts","79","ui-angular/src/lib/components/bmb-account-statement/bmb-account-statement.component.stories.ts:85",""
"BmbAccountStatementComponent","paymentDeadlineLabel","Sets the payment deadline label.","Componente","bmb-account-statement","paymentDeadlineLabel","string","No","undefined","input","Biblioteca","No","No","ui-angular/src/lib/components/bmb-account-statement/bmb-account-statement.component.ts","80","ui-angular/src/lib/components/bmb-account-statement/bmb-account-statement.component.stories.ts:88",""
"BmbAccountStatementComponent","cutOffDateLabel","Sets the cutoff date label.","Componente","bmb-account-statement","cutOffDateLabel","string","No","undefined","input","Biblioteca","No","No","ui-angular/src/lib/components/bmb-account-statement/bmb-account-statement.component.ts","81","ui-angular/src/lib/components/bmb-account-statement/bmb-account-statement.component.stories.ts:99",""
"BmbAccountStatementComponent","payButtonLabel","Sets the title of pay button.","Componente","bmb-account-statement","payButtonLabel","string","No","undefined","input","Biblioteca","No","No","ui-angular/src/lib/components/bmb-account-statement/bmb-account-statement.component.ts","82","ui-angular/src/lib/components/bmb-account-statement/bmb-account-statement.component.stories.ts:110",""
"BmbAccountStatementComponent","backButtonLabel","Sets the title of back button.","Componente","bmb-account-statement","backButtonLabel","string","No","undefined","input","Biblioteca","No","No","ui-angular/src/lib/components/bmb-account-statement/bmb-account-statement.component.ts","83","ui-angular/src/lib/components/bmb-account-statement/bmb-account-statement.component.stories.ts:113",""
"BmbAccountStatementComponent","modalTitle","Sets the title of modal.","Componente","bmb-account-statement","modalTitle","string","No","undefined","input","Biblioteca","No","No","ui-angular/src/lib/components/bmb-account-statement/bmb-account-statement.component.ts","84","ui-angular/src/lib/components/bmb-account-statement/bmb-account-statement.component.stories.ts:116",""
"BmbAccountStatementComponent","modalSubtitle","Sets the subtitle of modal.","Componente","bmb-account-statement","modalSubtitle","string","No","undefined","input","Biblioteca","No","No","ui-angular/src/lib/components/bmb-account-statement/bmb-account-statement.component.ts","85","ui-angular/src/lib/components/bmb-account-statement/bmb-account-statement.component.stories.ts:117",""
"BmbAccountStatementComponent","modalRestLabel","Sets the balance label of modal.","Componente","bmb-account-statement","modalRestLabel","string","No","undefined","input","Biblioteca","No","No","ui-angular/src/lib/components/bmb-account-statement/bmb-account-statement.component.ts","86","ui-angular/src/lib/components/bmb-account-statement/bmb-account-statement.component.stories.ts:120",""
"BmbAccountStatementComponent","modalOtherAmountLabel","Sets the label for the custom amount of modal.","Componente","bmb-account-statement","modalOtherAmountLabel","string","No","undefined","input","Biblioteca","No","No","ui-angular/src/lib/components/bmb-account-statement/bmb-account-statement.component.ts","87","ui-angular/src/lib/components/bmb-account-statement/bmb-account-statement.component.stories.ts:124",""
"BmbAccountStatementComponent","modalPrimaryButtonLabel","Sets the primary button label of modal.","Componente","bmb-account-statement","modalPrimaryButtonLabel","string","No","undefined","input","Biblioteca","No","No","ui-angular/src/lib/components/bmb-account-statement/bmb-account-statement.component.ts","88","ui-angular/src/lib/components/bmb-account-statement/bmb-account-statement.component.stories.ts:128",""
"BmbAccountStatementComponent","errorMessage","Sets the *error message* of custom amount.","Componente","bmb-account-statement","errorMessage","string","No","undefined","input","Biblioteca","No","No","ui-angular/src/lib/components/bmb-account-statement/bmb-account-statement.component.ts","89","ui-angular/src/lib/components/bmb-account-statement/bmb-account-statement.component.stories.ts:132",""
"BmbAccountStatementComponent","componentTitle","Sets the title of account statement.","Componente","bmb-account-statement","componentTitle","string","No","undefined","input","Biblioteca","No","No","ui-angular/src/lib/components/bmb-account-statement/bmb-account-statement.component.ts","90","ui-angular/src/lib/components/bmb-account-statement/bmb-account-statement.component.stories.ts:55",""
"BmbAccountStatementComponent","title","Please use `componentTitle` instead of `title` to set the component title.","Componente","bmb-account-statement","title","string","No","undefined","input","Biblioteca","No","Sí","ui-angular/src/lib/components/bmb-account-statement/bmb-account-statement.component.ts","92","ui-angular/src/lib/components/bmb-account-statement/bmb-account-statement.component.stories.ts:154",""
"BmbActionIconComponent","idElement","Sets the unique identifier for the field.

This property is used to link the label to the field through the ***for*** attribute, improving accessibility and usability.","Componente","bmb-action-icon","idElement","string","No","undefined","input","Biblioteca","No","No","ui-angular/src/lib/components/bmb-action-icon/bmb-action-icon.component.ts","40","ui-angular/src/lib/components/bmb-action-icon/bmp-action-icon.stories.ts:113",""
"BmbActionIconComponent","icon","Sets the name of the icon to be displayed.

> [!CALLOUT]
⚙️**Configuration**

>Please refer to [Google Fonts](https://fonts.google.com/icons?icon.size=24&icon.color=%23e8eaed&icon.style=Rounded&icon.set=Material+Symbols) for more icons and make sure that you have selected the filters:
- Fill
- Style:
 - Material Symbols
 - Rounded

‼️These filters are important to ensure that you are choosing an icon that meets the guidelines of ***Bamboo***‼️.

> [!NOTE]
✳️**Note**

>Images are also supported; instead of the icon name, enter the URL or path of the image to use.

> [!WARNING]
⚠️**Warning**

>Please remember that images need an *alt* to be accessible.
Look for the property to set the alt, if it does not exist in the component it is because the component implements it internally.","Componente","bmb-action-icon","icon","string","Sí","Sin valor predeterminado (requerido)","input.required","Biblioteca","No","No","ui-angular/src/lib/components/bmb-action-icon/bmb-action-icon.component.ts","41","ui-angular/src/lib/components/bmb-action-icon/bmp-action-icon.stories.ts:114",""
"BmbActionIconComponent","alt","Sets the alternative text for the icon when it is an image. It is an essential part of making content accessible.

Refer [here](https://www.w3.org/WAI/alt/) for more information.","Componente","bmb-action-icon","alt","string","No","''","input","Biblioteca","No","No","ui-angular/src/lib/components/bmb-action-icon/bmb-action-icon.component.ts","42","ui-angular/src/lib/components/bmb-action-icon/bmp-action-icon.stories.ts:115",""
"BmbActionIconComponent","iconSize","Sets the size of the icon or width of the image to use.

✳️**Note**
 <= 0 will be inherited.","Componente","bmb-action-icon","iconSize","number | undefined","No","undefined","input","Biblioteca","No","No","ui-angular/src/lib/components/bmb-action-icon/bmb-action-icon.component.ts","43","ui-angular/src/lib/components/bmb-action-icon/bmp-action-icon.stories.ts:116",""
"BmbActionIconComponent","isFill","⛔**Deprecated**
This property will not be maintainable.
  This will be removed in future versions.

Please remember to refer to the [Bamboo - General documentation](https://bamboo.tec.mx/latest/foundations/icon/iconos-wukxE19q) for more details about it. Visit the best practices section.","Componente","bmb-action-icon","isFill","boolean","No","true","input","Biblioteca","No","Sí","ui-angular/src/lib/components/bmb-action-icon/bmb-action-icon.component.ts","44","ui-angular/src/lib/components/bmb-action-icon/bmp-action-icon.stories.ts:133",""
"BmbActionIconComponent","toggleIconActive","Sets the name of the alternative icon to be displayed.

> [!CALLOUT]
⚙️**Configuration**

>Please refer to [Google Fonts](https://fonts.google.com/icons?icon.size=24&icon.color=%23e8eaed&icon.style=Rounded&icon.set=Material+Symbols) for more icons and make sure that you have selected the filters:
- Fill
- Style:
 - Material Symbols
 - Rounded

‼️These filters are important to ensure that you are choosing an icon that meets the guidelines of ***Bamboo***‼️.

> [!NOTE]
✳️**Note**

>Images are also supported; instead of the icon name, enter the URL or path of the image to use.

> [!WARNING]
⚠️**Warning**

>Please remember that images need an *alt* to be accessible.
Look for the property to set the alt, if it does not exist in the component it is because the component implements it internally.

> [!CALLOUT]
⚙️**Configuration**

>
Remember that model is two-way binding (signal), it is possible to use it as:
    [(toggleIconActive)]=""toggleIconActive""
    `(toggleIconActiveChange)=""handleToggleIconActiveChange()`","Componente","bmb-action-icon","toggleIconActive","string | undefined","No","undefined","input","Biblioteca","No","No","ui-angular/src/lib/components/bmb-action-icon/bmb-action-icon.component.ts","45","ui-angular/src/lib/components/bmb-action-icon/bmp-action-icon.stories.ts:134",""
"BmbActionIconComponent","isToggleActive","Displays the alternative icon when `true`.

> [!CALLOUT]
<b>ℹ️**Important**
</b>
>
Please remember to set the alternative icon in `toggleIconActive` to complete the configuration of this property
.","Componente","bmb-action-icon","isToggleActive","boolean | undefined","No","false","model","Biblioteca","No","No","ui-angular/src/lib/components/bmb-action-icon/bmb-action-icon.component.ts","46","ui-angular/src/lib/components/bmb-action-icon/bmp-action-icon.stories.ts:144",""
"BmbActionIconComponent","isAccentColor","Sets the accent color on toggle icons when true.","Componente","bmb-action-icon","isAccentColor","boolean | undefined","No","true","model","Biblioteca","No","No","ui-angular/src/lib/components/bmb-action-icon/bmb-action-icon.component.ts","47","ui-angular/src/lib/components/bmb-action-icon/bmp-action-icon.stories.ts:167",""
"BmbActionIconComponent","dotNotification","Sets the notification counter number (0 to hide).","Componente","bmb-action-icon","dotNotification","number","No","undefined","input","Biblioteca","No","No","ui-angular/src/lib/components/bmb-action-icon/bmb-action-icon.component.ts","48","ui-angular/src/lib/components/bmb-action-icon/bmp-action-icon.stories.ts:178",""
"BmbActionIconComponent","target","Sets the target property for the link. Refer to [here](https://developer.mozilla.org/en-US/docs/Web/HTML/Element/a) for more information.","Componente","bmb-action-icon","target","IBmbTargetLink","No","undefined","input","Biblioteca","No","No","ui-angular/src/lib/components/bmb-action-icon/bmb-action-icon.component.ts","49","ui-angular/src/lib/components/bmb-action-icon/bmp-action-icon.stories.ts:180",""
"BmbActionIconComponent","link","Sets the link for redirection to another or same page. If this property is empty it will emit the button event.","Componente","bmb-action-icon","link","string","No","undefined","input","Biblioteca","No","No","ui-angular/src/lib/components/bmb-action-icon/bmb-action-icon.component.ts","50","ui-angular/src/lib/components/bmb-action-icon/bmp-action-icon.stories.ts:179",""
"BmbActionIconComponent","disabled","Disables the element when true, making it non-interactive and cannot be clicked.

This is useful for conditions where user interaction should be restricted.","Componente","bmb-action-icon","disabled","boolean","No","false","input","Biblioteca","No","No","ui-angular/src/lib/components/bmb-action-icon/bmb-action-icon.component.ts","51","ui-angular/src/lib/components/bmb-action-icon/bmp-action-icon.stories.ts:191",""
"BmbActionIconComponent","isSVGTemplate","Sin descripción documentada.","Componente","bmb-action-icon","isSVGTemplate","boolean","No","undefined","input","Biblioteca","No","No","ui-angular/src/lib/components/bmb-action-icon/bmb-action-icon.component.ts","52","",""
"BmbActionIconComponent","tooltipText","Sets a tooltip base to be displayed when hovering the icon.
Please use it to provide additional details or context.

> [!CALLOUT]
<b>ℹ️**Important**
</b>
>Please remember that this must be a brief text.","Componente","bmb-action-icon","tooltipText","string","No","''","input","Biblioteca","No","No","ui-angular/src/lib/components/bmb-action-icon/bmb-action-icon.component.ts","53","ui-angular/src/lib/components/bmb-action-icon/bmp-action-icon.stories.ts:117",""
"BmbActionMenuComponent","componentTitle","Sets the title of the card.","Componente","bmb-action-menu","componentTitle","string","No","undefined","input","Biblioteca","No","No","ui-angular/src/lib/components/bmb-action-menu/bmb-action-menu.component.ts","36","ui-angular/src/lib/components/bmb-action-menu/bmb-profile-switch-menu.stories.ts:50",""
"BmbActionMenuComponent","icon","Sets the name of the icon to be displayed.

> [!CALLOUT]
⚙️**Configuration**

>Please refer to [Google Fonts](https://fonts.google.com/icons?icon.size=24&icon.color=%23e8eaed&icon.style=Rounded&icon.set=Material+Symbols) for more icons and make sure that you have selected the filters:
- Fill
- Style:
 - Material Symbols
 - Rounded

‼️These filters are important to ensure that you are choosing an icon that meets the guidelines of ***Bamboo***‼️.

> [!NOTE]
✳️**Note**

>Images are also supported; instead of the icon name, enter the URL or path of the image to use.

> [!WARNING]
⚠️**Warning**

>Please remember that images need an *alt* to be accessible.
Look for the property to set the alt, if it does not exist in the component it is because the component implements it internally.","Componente","bmb-action-menu","icon","string","No","''","input","Biblioteca","No","No","ui-angular/src/lib/components/bmb-action-menu/bmb-action-menu.component.ts","37","ui-angular/src/lib/components/bmb-action-menu/bmb-profile-switch-menu.stories.ts:50",""
"BmbActionMenuComponent","iconSize","Sets the size of the icon or width of the image to use.

✳️**Note**
 <= 0 will be inherited.","Componente","bmb-action-menu","iconSize","number","No","24","input","Biblioteca","No","No","ui-angular/src/lib/components/bmb-action-menu/bmb-action-menu.component.ts","38","ui-angular/src/lib/components/bmb-action-menu/bmb-profile-switch-menu.stories.ts:50",""
"BmbActionMenuComponent","bgIconAppearance","Sets the appearance of the box icon, affecting its visual style.","Componente","bmb-action-menu","bgIconAppearance","IBmbColor","No","undefined","input","Biblioteca","No","No","ui-angular/src/lib/components/bmb-action-menu/bmb-action-menu.component.ts","39","ui-angular/src/lib/components/bmb-action-menu/bmb-profile-switch-menu.stories.ts:50",""
"BmbActionMenuComponent","showHeader","Sets a flag to indicate whether the card should show the header.

Shows the header when true.","Componente","bmb-action-menu","showHeader","boolean","No","true","input","Biblioteca","No","No","ui-angular/src/lib/components/bmb-action-menu/bmb-action-menu.component.ts","40","ui-angular/src/lib/components/bmb-action-menu/bmb-profile-switch-menu.stories.ts:50",""
"BmbActionMenuComponent","title","Please use `componentTitle` instead of `title` to set the component title.","Componente","bmb-action-menu","title","string","No","undefined","input","Biblioteca","No","Sí","ui-angular/src/lib/components/bmb-action-menu/bmb-action-menu.component.ts","42","ui-angular/src/lib/components/bmb-action-menu/bmb-profile-switch-menu.stories.ts:50",""
"BmbActionMenuComponent","subtitle","Sets the card subtitle.","Componente","bmb-action-menu","subtitle","string","No","undefined","input","Biblioteca","No","Sí","ui-angular/src/lib/components/bmb-action-menu/bmb-action-menu.component.ts","43","ui-angular/src/lib/components/bmb-action-menu/bmb-profile-switch-menu.stories.ts:50",""
"BmbAdvertisementCardComponent","data","Sets information that the component will show.","Componente","bmb-advertisement-card","data","IBmbAdvertisementData","No","undefined","model","Biblioteca","No","No","ui-angular/src/lib/components/bmb-advertisement-card/bmb-advertisement-card.component.ts","45","ui-angular/src/lib/components/bmb-advertisement-card/bmb-advertisement-card.stories.ts:31",""
"BmbAdvertisementCardComponent","componentTitle","Sets the title that the card shows","Componente","bmb-advertisement-card","componentTitle","string","No","''","input","Biblioteca","No","No","ui-angular/src/lib/components/bmb-advertisement-card/bmb-advertisement-card.component.ts","46","ui-angular/src/lib/components/bmb-advertisement-card/bmb-advertisement-card.stories.ts:70",""
"BmbAdvertisementCardComponent","subtitle","Sets the subtitle that the card shows when its expanded","Componente","bmb-advertisement-card","subtitle","string","No","''","input","Biblioteca","No","No","ui-angular/src/lib/components/bmb-advertisement-card/bmb-advertisement-card.component.ts","47","ui-angular/src/lib/components/bmb-advertisement-card/bmb-advertisement-card.stories.ts:81",""
"BmbAdvertisementCardComponent","title","Please use `componentTitle` instead of `title` to set the component title.","Componente","bmb-advertisement-card","title","string","No","''","input","Biblioteca","No","Sí","ui-angular/src/lib/components/bmb-advertisement-card/bmb-advertisement-card.component.ts","49","ui-angular/src/lib/components/bmb-advertisement-card/bmb-advertisement-card.stories.ts:92",""
"BmbAiChatBubbleComponent","botIcon","Bot icon token used for assistant messages.","Componente","bmb-ai-chat-bubble","botIcon","string","No","'bot_tecStandar'","input","Biblioteca","No","No","ui-angular/src/lib/components/bmb-ai-chat-bubble/bmb-ai-chat-bubble.component.ts","68","ui-angular/src/lib/components/bmb-ai-chat-bubble/bmb-ai-chat-bubble.component.ts:68",""
"BmbAiChatBubbleComponent","testId","Testing identifier used for automation and e2e selectors.","Componente","bmb-ai-chat-bubble","testId","string","No","'chat-bubble'","input","Biblioteca","No","No","ui-angular/src/lib/components/bmb-ai-chat-bubble/bmb-ai-chat-bubble.component.ts","73","ui-angular/src/lib/components/bmb-ai-chat-bubble/bmb-ai-chat-bubble.component.ts:73",""
"BmbAiChatBubbleComponent","message","Chat message contract.","Componente","bmb-ai-chat-bubble","message","BmbChatMessage","Sí","Sin valor predeterminado (requerido)","input.required","Biblioteca","No","No","ui-angular/src/lib/components/bmb-ai-chat-bubble/bmb-ai-chat-bubble.component.ts","78","ui-angular/src/lib/components/bmb-ai-chat-bubble/bmb-ai-chat-bubble.component.ts:78",""
"BmbAiChatBubbleComponent","isThinking","Loading visual state.","Componente","bmb-ai-chat-bubble","isThinking","boolean","No","false","input","Biblioteca","No","No","ui-angular/src/lib/components/bmb-ai-chat-bubble/bmb-ai-chat-bubble.component.ts","83","ui-angular/src/lib/components/bmb-ai-chat-bubble/bmb-ai-chat-bubble.component.ts:83",""
"BmbAiChatBubbleComponent","showActions","Enables action buttons.","Componente","bmb-ai-chat-bubble","showActions","boolean","No","true","input","Biblioteca","No","No","ui-angular/src/lib/components/bmb-ai-chat-bubble/bmb-ai-chat-bubble.component.ts","88","ui-angular/src/lib/components/bmb-ai-chat-bubble/bmb-ai-chat-bubble.component.ts:88",""
"BmbAiChatBubbleComponent","actions","Actions displayed for user messages.","Componente","bmb-ai-chat-bubble","actions","BmbChatAction[] | null","No","null","input","Biblioteca","No","No","ui-angular/src/lib/components/bmb-ai-chat-bubble/bmb-ai-chat-bubble.component.ts","91","ui-angular/src/lib/components/bmb-ai-chat-bubble/bmb-ai-chat-bubble.component.ts:91",""
"BmbAiChatBubbleEditorComponent","initialValue","Text shown in the textarea when the editor opens.","Componente","bmb-ai-chat-bubble-editor","initialValue","string","Sí","Sin valor predeterminado (requerido)","input.required","Biblioteca","No","No","ui-angular/src/lib/components/bmb-ai-chat-bubble/bmb-ai-chat-bubble-editor/bmb-ai-chat-bubble-editor.component.ts","26","ui-angular/src/lib/components/bmb-ai-chat-bubble/bmb-ai-chat-bubble-editor/bmb-ai-chat-bubble-editor.stories.ts:66",""
"BmbAiChatBubbleEditorComponent","testId","Testing identifier used for automation selectors. It is applied as a suffix to the `-textarea`, `-cancel` and `-save` elements.","Componente","bmb-ai-chat-bubble-editor","testId","string","No","'ai-chat-bubble-editor'","input","Biblioteca","No","No","ui-angular/src/lib/components/bmb-ai-chat-bubble/bmb-ai-chat-bubble-editor/bmb-ai-chat-bubble-editor.component.ts","27","ui-angular/src/lib/components/bmb-ai-chat-bubble/bmb-ai-chat-bubble-editor/bmb-ai-chat-bubble-editor.stories.ts:74",""
"BmbAIChatCardComponent","bgIconAppearance","Sets the appearance of the box icon, affecting its visual style.","Componente","bmb-ai-chat-card","bgIconAppearance","IBmbColor","No","'gray-charade-500'","input","Biblioteca","No","No","ui-angular/src/lib/components/bmb-ai-chat-card/bmb-ai-chat-card.component.ts","64","ui-angular/src/lib/components/bmb-ai-chat-card/bmb-ai-chat-card.stories.ts:153",""
"BmbAIChatCardComponent","componentTitle","Sets the title of the card.","Componente","bmb-ai-chat-card","componentTitle","string","No","''","input","Biblioteca","No","No","ui-angular/src/lib/components/bmb-ai-chat-card/bmb-ai-chat-card.component.ts","65","ui-angular/src/lib/components/bmb-ai-chat-card/bmb-ai-chat-card.stories.ts:154",""
"BmbAIChatCardComponent","subtitle","Sets the card subtitle.","Componente","bmb-ai-chat-card","subtitle","string","No","undefined","input","Biblioteca","No","No","ui-angular/src/lib/components/bmb-ai-chat-card/bmb-ai-chat-card.component.ts","66","ui-angular/src/lib/components/bmb-ai-chat-card/bmb-ai-chat-card.stories.ts:155",""
"BmbAIChatCardComponent","headerActions","Sets the elements to execute actions or page navigation.

These are to implement icons as buttons or links according to the needs of the application, it contains toggle functionalities to indicate different actions.","Componente","bmb-ai-chat-card","headerActions","IBmbActionHeader[]","No","[]","input","Biblioteca","No","No","ui-angular/src/lib/components/bmb-ai-chat-card/bmb-ai-chat-card.component.ts","67","ui-angular/src/lib/components/bmb-ai-chat-card/bmb-ai-chat-card.stories.ts:168",""
"BmbAIChatCardComponent","testId","Sets the base test id used for automation and testing selectors.","Componente","bmb-ai-chat-card","testId","string","No","`ai_chat_card_test_${getUUID()}`","input","Biblioteca","No","No","ui-angular/src/lib/components/bmb-ai-chat-card/bmb-ai-chat-card.component.ts","68","ui-angular/src/lib/components/bmb-ai-chat-card/bmb-ai-chat-card.stories.ts:167",""
"BmbAIChatCardComponent","currentBot","Places the bot icon to the right of the title.","Componente","bmb-ai-chat-card","currentBot","IBotType","No","{ name: 'TecBot', label: this.translationService.translate('chat_bar.default_bot_label'), icon: 'bot_tecStandar', }","model","Biblioteca","No","No","ui-angular/src/lib/components/bmb-ai-chat-card/bmb-ai-chat-card.component.ts","69","ui-angular/src/lib/components/bmb-ai-chat-card/bmb-ai-chat-card.stories.ts:156",""
"BmbAIChatCardComponent","mode","Sets the appearance of mode, affecting its visual style.
> [!CALLOUT]
ℹ️**Important**

>
Flows automatically supported by the component:
 - ""compact"" -> ""chat"" (collapsing) -> compact
 - ""chat"" (expanding) -> ""expanded""
 - ""expanded"" (collapsing) -> ""chat""
 - ""invisible"" -> ""chat"" (collapsing) -> invisible

      
> [!WARNING]
⚠️**Warning**

>
If the AI chat card is in ""expanded"" mode, it will occupy the full available space, so we recommend redirect to a page where it can be used exclusively for this purpose in layouts where this behavior is desired.
        

The ""invisible"" mode allows you to hide the ""AI chat card""; to show it, you simply need to change the mode value to ""chat"".

In the case where the ""invisible"" mode is switched to ""chat"" mode via an external implementation, it automatically reverts to ""invisible"" upon collapsing.,","Componente","bmb-ai-chat-card","mode","IBmbAIChatCardMode","No","'expanded'","model","Biblioteca","No","No","ui-angular/src/lib/components/bmb-ai-chat-card/bmb-ai-chat-card.component.ts","75","ui-angular/src/lib/components/bmb-ai-chat-card/bmb-ai-chat-card.stories.ts:126",""
"BmbAlertCenterAdsComponent","advertisements","Sin descripción documentada.","Componente","bmb-alert-center-ads","advertisements","IBmbDataAlert[]","Sí","Sin valor predeterminado (requerido)","input.required","Biblioteca","No","No","ui-angular/src/lib/components/bmb-alert-center/bmb-alert-center-ads/bmb-alert-center-ads.component.ts","35","",""
"BmbAlertCenterAdsComponent","emptyStateData","Sin descripción documentada.","Componente","bmb-alert-center-ads","emptyStateData","IBmbAlertEmptyState","No","{ primaryText: this.translationsService.translate('alert_center.empty_state.primary_text'), secondaryText: '', tertiaryText: '', buttonText: '', size: 'large', showButton: false, }","input","Biblioteca","No","No","ui-angular/src/lib/components/bmb-alert-center/bmb-alert-center-ads/bmb-alert-center-ads.component.ts","36","",""
"BmbAlertCenterComponent","dateFormat","Sets the format of the dates.","Componente","bmb-alert-center","dateFormat","string","No","'dd/MM/yyyy'","input","Biblioteca","No","No","ui-angular/src/lib/components/bmb-alert-center/bmb-alert-center.component.ts","73","ui-angular/src/lib/components/bmb-alert-center/bmb-alert-center.stories.ts:443",""
"BmbAlertCenterComponent","tabsName","Sets the tabs name, also you can hide tabs for mobile or desktop.","Componente","bmb-alert-center","tabsName","string[] | IBmbAlertCenterTabConfig[]","No","[ { title: this.translationsService.translate('alert_center.tabs.notifications'), isMobile: true, isDesktop: true, }, { title: this.translationsService.translate('alert_center.tabs.unread'), isMobile: true, isDesktop: true, }, { title: this.translationsService.translate('alert_center.tabs.favorites'), isMobile: false, isDesktop: true, }, { title: this.translationsService.translate('alert_center.tabs.archived'), isMobile: false, isDesktop: true, }, { title: this.translationsService.translate('alert_center.tabs.ads'), isMobile: false, isDesktop: false, }, ]","input","Biblioteca","No","No","ui-angular/src/lib/components/bmb-alert-center/bmb-alert-center.component.ts","74","ui-angular/src/lib/components/bmb-alert-center/bmb-alert-center.stories.ts:429",""
"BmbAlertCenterComponent","hideTabs","Sets the hide tabs when true.","Componente","bmb-alert-center","hideTabs","boolean","No","false","input","Biblioteca","No","No","ui-angular/src/lib/components/bmb-alert-center/bmb-alert-center.component.ts","101","ui-angular/src/lib/components/bmb-alert-center/bmb-alert-center.stories.ts:497",""
"BmbAlertCenterComponent","enableMultipleSelection","Enables multiple selection of alerts.","Componente","bmb-alert-center","enableMultipleSelection","boolean","No","true","input","Biblioteca","No","No","ui-angular/src/lib/components/bmb-alert-center/bmb-alert-center.component.ts","102","ui-angular/src/lib/components/bmb-alert-center/bmb-alert-center.stories.ts:526",""
"BmbAlertCenterComponent","showMobileVersion","Shows the mobile version of the alert center.","Componente","bmb-alert-center","showMobileVersion","boolean","No","false","input","Biblioteca","No","No","ui-angular/src/lib/components/bmb-alert-center/bmb-alert-center.component.ts","103","ui-angular/src/lib/components/bmb-alert-center/bmb-alert-center.stories.ts:517",""
"BmbAlertCenterComponent","emptyStateData","Sets the configuration object for the empty state display.","Componente","bmb-alert-center","emptyStateData","IBmbAlertEmptyState","No","{ primaryText: '', secondaryText: '', tertiaryText: '', buttonText: '', size: 'large', showButton: false, }","input","Biblioteca","No","No","ui-angular/src/lib/components/bmb-alert-center/bmb-alert-center.component.ts","104","ui-angular/src/lib/components/bmb-alert-center/bmb-alert-center.stories.ts:501",""
"BmbAlertCenterComponent","alerts","⛔**Deprecated**
This property will not be maintainable.
  This will be removed in future versions.

✳️**Note**
Use bmbAlertCenterService.getAlerts() instead.","Componente","bmb-alert-center","alerts","IBmbDataAlert[]","No","[]","input","Biblioteca","No","No","ui-angular/src/lib/components/bmb-alert-center/bmb-alert-center.component.ts","114","ui-angular/src/lib/components/bmb-alert-center/bmb-alert-center.stories.ts:454",""
"BmbAlertCenterComponent","advertisements","⛔**Deprecated**
This property will not be maintainable.
  This will be removed in future versions.

✳️**Note**
Use bmbAlertCenterService.addAdvertisements() instead.","Componente","bmb-alert-center","advertisements","IBmbDataAlert[]","No","[]","input","Biblioteca","No","No","ui-angular/src/lib/components/bmb-alert-center/bmb-alert-center.component.ts","115","ui-angular/src/lib/components/bmb-alert-center/bmb-alert-center.stories.ts:484",""
"BmbAlertCenterComponent","enabledFooterOptions","Configures the options to show in the footer navigation bar and enables or disables them.","Componente","bmb-alert-center","enabledFooterOptions","IBmbBottomNavigationBarProps","No","{ tags: true, favorites: true, archive: true, }","input","Biblioteca","No","No","ui-angular/src/lib/components/bmb-alert-center/bmb-alert-center.component.ts","116","ui-angular/src/lib/components/bmb-alert-center/bmb-alert-center.stories.ts:535",""
"BmbAlertCenterComponent","notificationSelectionState","Represents the selection state of the notifications. The keys of the object are the notification IDs, and the values are booleans indicating whether each notification is selected.","Componente","bmb-alert-center","notificationSelectionState","{ [key: string]: boolean }","No","{}","model","Biblioteca","No","No","ui-angular/src/lib/components/bmb-alert-center/bmb-alert-center.component.ts","121","ui-angular/src/lib/components/bmb-alert-center/bmb-alert-center.stories.ts:549",""
"BmbAlertCenterComponent","selectedTab","Sets the selected tab number. This is a ***model***, in such a way the selected tab number will automatically update every time whether tab is clicked.","Componente","bmb-alert-center","selectedTab","number","No","1","model","Biblioteca","No","No","ui-angular/src/lib/components/bmb-alert-center/bmb-alert-center.component.ts","168","ui-angular/src/lib/components/bmb-alert-center/bmb-alert-center.stories.ts:415",""
"BmbAlertCenterDetailComponent","alert","Sin descripción documentada.","Componente","bmb-alert-center-detail","alert","IBmbDataAlertsParsed | IBmbDataAlert","Sí","Sin valor predeterminado (requerido)","input.required","Biblioteca","No","No","ui-angular/src/lib/components/utils/bmb-alert-center-detail/bmb-alert-center-detail.component.ts","29","",""
"BmbAlertCenterEmptyComponent","data","Sin descripción documentada.","Componente","bmb-alert-center-empty","data","IBmbAlertEmptyState","Sí","Sin valor predeterminado (requerido)","input.required","Biblioteca","No","No","ui-angular/src/lib/components/bmb-alert-center/bmb-alert-center-empty/bmb-alert-center-empty.component.ts","23","",""
"BmbAlertCenterFormComponent","eventsInCategories","Sin descripción documentada.","Componente","bmb-alert-center-form","eventsInCategories","IBmbAlertCenterCategories","Sí","Sin valor predeterminado (requerido)","input.required","Biblioteca","No","No","ui-angular/src/lib/components/bmb-alert-center/bmb-alert-center-form/bmb-alert-center-form.component.ts","52","",""
"BmbAlertCenterFormComponent","filterBy","Sin descripción documentada.","Componente","bmb-alert-center-form","filterBy","'all' | 'unread' | 'archived' | 'favorites'","No","'all'","input","Biblioteca","No","No","ui-angular/src/lib/components/bmb-alert-center/bmb-alert-center-form/bmb-alert-center-form.component.ts","53","",""
"BmbAlertCenterFormComponent","enableMultipleSelection","Sin descripción documentada.","Componente","bmb-alert-center-form","enableMultipleSelection","boolean","No","true","input","Biblioteca","No","No","ui-angular/src/lib/components/bmb-alert-center/bmb-alert-center-form/bmb-alert-center-form.component.ts","54","",""
"BmbAlertCenterFormComponent","emptyStateData","Sin descripción documentada.","Componente","bmb-alert-center-form","emptyStateData","IBmbAlertEmptyState","No","{ primaryText: '', secondaryText: '', tertiaryText: '', buttonText: '', size: 'large', showButton: false, }","input","Biblioteca","No","No","ui-angular/src/lib/components/bmb-alert-center/bmb-alert-center-form/bmb-alert-center-form.component.ts","55","",""
"BmbAlertCenterFormComponent","enabledOptions","Sin descripción documentada.","Componente","bmb-alert-center-form","enabledOptions","IBmbBottomNavigationBarProps","No","{ tags: true, favorites: true, archive: true, }","input","Biblioteca","No","No","ui-angular/src/lib/components/bmb-alert-center/bmb-alert-center-form/bmb-alert-center-form.component.ts","63","",""
"BmbAlertCenterFormComponent","selectionState","Sin descripción documentada.","Componente","bmb-alert-center-form","selectionState","Record<string, boolean>","No","{}","model","Biblioteca","No","No","ui-angular/src/lib/components/bmb-alert-center/bmb-alert-center-form/bmb-alert-center-form.component.ts","68","",""
"BmbAlertCenterListComponent","alerts","Sin descripción documentada.","Componente","bmb-alert-center-list","alerts","IBmbDataAlertsParsed[]","Sí","Sin valor predeterminado (requerido)","input.required","Biblioteca","No","No","ui-angular/src/lib/components/bmb-alert-center/bmb-alert-center-list/bmb-alert-center-list.component.ts","44","",""
"BmbAlertCenterListComponent","name","Sin descripción documentada.","Componente","bmb-alert-center-list","name","string","No","''","input","Biblioteca","No","No","ui-angular/src/lib/components/bmb-alert-center/bmb-alert-center-list/bmb-alert-center-list.component.ts","45","",""
"BmbAlertCenterListComponent","enableMultipleSelection","Sin descripción documentada.","Componente","bmb-alert-center-list","enableMultipleSelection","boolean","No","true","input","Biblioteca","No","No","ui-angular/src/lib/components/bmb-alert-center/bmb-alert-center-list/bmb-alert-center-list.component.ts","46","",""
"BmbAlertCenterListComponent","selectionState","Sin descripción documentada.","Componente","bmb-alert-center-list","selectionState","Record<string, boolean>","No","{}","model","Biblioteca","No","No","ui-angular/src/lib/components/bmb-alert-center/bmb-alert-center-list/bmb-alert-center-list.component.ts","47","",""
"BmbAlertCenterListComponent","enableRowClick","Sin descripción documentada.","Componente","bmb-alert-center-list","enableRowClick","boolean","No","true","input","Biblioteca","No","No","ui-angular/src/lib/components/bmb-alert-center/bmb-alert-center-list/bmb-alert-center-list.component.ts","48","",""
"BmbBadgeComponent","appearance","Sets the appearance of badge, affecting its visual style.
> [!NOTE]
⚙️**Configuration**

>***normal*** is the default value.","Componente","bmb-badge","appearance","IBmbBadgeAppearance","No","'normal'","input","Biblioteca","No","No","ui-angular/src/lib/components/bmb-badge/bmb-badge.component.ts","24","ui-angular/src/lib/components/bmb-badge/bmb-badge.stories.ts:102",""
"BmbBadgeComponent","text","Sets the title of badge.

✳️**Note**

The width of the badge will increase depending on the length of the text.","Componente","bmb-badge","text","string","No","''","input","Biblioteca","No","No","ui-angular/src/lib/components/bmb-badge/bmb-badge.component.ts","25","ui-angular/src/lib/components/bmb-badge/bmb-badge.stories.ts:99",""
"BmbBadgeComponent","container","Sets the container when true. When false, show a bullet.","Componente","bmb-badge","container","boolean","No","true","input","Biblioteca","No","No","ui-angular/src/lib/components/bmb-badge/bmb-badge.component.ts","26","ui-angular/src/lib/components/bmb-badge/bmb-badge.stories.ts:114",""
"BmbBalanceOverviewComponent","progressCirclePercent","Sets the percentage that the Progress Circle component show.","Componente","bmb-balance-overview","progressCirclePercent","number","No","0","input","Biblioteca","No","No","ui-angular/src/lib/components/bmb-balance-overview/bmb-balance-overview.component.ts","33","ui-angular/src/lib/components/bmb-balance-overview/bmb-balance-overview.stories.ts:32",""
"BmbBalanceOverviewComponent","progressCircleValue","Sets the total value that the Progress Circle component show.","Componente","bmb-balance-overview","progressCircleValue","string","No","''","input","Biblioteca","No","No","ui-angular/src/lib/components/bmb-balance-overview/bmb-balance-overview.component.ts","34","ui-angular/src/lib/components/bmb-balance-overview/bmb-balance-overview.stories.ts:44",""
"BmbBalanceOverviewComponent","showProgressCircleValue","Enables and displays the progress circle value when true.","Componente","bmb-balance-overview","showProgressCircleValue","boolean","No","true","input","Biblioteca","No","No","ui-angular/src/lib/components/bmb-balance-overview/bmb-balance-overview.component.ts","35","ui-angular/src/lib/components/bmb-balance-overview/bmb-balance-overview.stories.ts:56",""
"BmbBalanceOverviewComponent","progressCircleTitle","Sets the text of the progress circle, to show the text in one line use a simple array, if you want to show the title in more than one line, use an array string","Componente","bmb-balance-overview","progressCircleTitle","string | string[]","No","''","input","Biblioteca","No","No","ui-angular/src/lib/components/bmb-balance-overview/bmb-balance-overview.component.ts","36","ui-angular/src/lib/components/bmb-balance-overview/bmb-balance-overview.stories.ts:67",""
"BmbBalanceOverviewComponent","showProgressCircleTitle","Enables and displays the progress circle title when true.","Componente","bmb-balance-overview","showProgressCircleTitle","boolean","No","true","input","Biblioteca","No","No","ui-angular/src/lib/components/bmb-balance-overview/bmb-balance-overview.component.ts","40","ui-angular/src/lib/components/bmb-balance-overview/bmb-balance-overview.stories.ts:141",""
"BmbBalanceOverviewComponent","showProgressCircleBackground","Enables the background of the progress circle when true.","Componente","bmb-balance-overview","showProgressCircleBackground","boolean","No","true","input","Biblioteca","No","No","ui-angular/src/lib/components/bmb-balance-overview/bmb-balance-overview.component.ts","41","ui-angular/src/lib/components/bmb-balance-overview/bmb-balance-overview.stories.ts:90",""
"BmbBalanceOverviewComponent","labelPrimary","Sets the label section of the left content.","Componente","bmb-balance-overview","labelPrimary","string","No","''","input","Biblioteca","No","No","ui-angular/src/lib/components/bmb-balance-overview/bmb-balance-overview.component.ts","42","ui-angular/src/lib/components/bmb-balance-overview/bmb-balance-overview.stories.ts:101",""
"BmbBalanceOverviewComponent","valuePrimary","Sets the value section of the left content.","Componente","bmb-balance-overview","valuePrimary","string","No","''","input","Biblioteca","No","No","ui-angular/src/lib/components/bmb-balance-overview/bmb-balance-overview.component.ts","43","ui-angular/src/lib/components/bmb-balance-overview/bmb-balance-overview.stories.ts:110",""
"BmbBalanceOverviewComponent","labelSecondary","Sets the label section of the right content.","Componente","bmb-balance-overview","labelSecondary","string","No","''","input","Biblioteca","No","No","ui-angular/src/lib/components/bmb-balance-overview/bmb-balance-overview.component.ts","44","ui-angular/src/lib/components/bmb-balance-overview/bmb-balance-overview.stories.ts:121",""
"BmbBalanceOverviewComponent","valueSecondary","Sets the value section of the right content.","Componente","bmb-balance-overview","valueSecondary","string","No","''","input","Biblioteca","No","No","ui-angular/src/lib/components/bmb-balance-overview/bmb-balance-overview.component.ts","45","ui-angular/src/lib/components/bmb-balance-overview/bmb-balance-overview.stories.ts:130",""
"BmbBalanceOverviewComponent","icon","Sets the name of the icon to be displayed.

> [!CALLOUT]
⚙️**Configuration**

>Please refer to [Google Fonts](https://fonts.google.com/icons?icon.size=24&icon.color=%23e8eaed&icon.style=Rounded&icon.set=Material+Symbols) for more icons and make sure that you have selected the filters:
- Fill
- Style:
 - Material Symbols
 - Rounded

‼️These filters are important to ensure that you are choosing an icon that meets the guidelines of ***Bamboo***‼️.

> [!NOTE]
✳️**Note**

>Images are also supported; instead of the icon name, enter the URL or path of the image to use.

> [!WARNING]
⚠️**Warning**

>Please remember that images need an *alt* to be accessible.
Look for the property to set the alt, if it does not exist in the component it is because the component implements it internally.

The icon to display within the field.","Componente","bmb-balance-overview","icon","string","No","''","input","Biblioteca","No","No","ui-angular/src/lib/components/bmb-balance-overview/bmb-balance-overview.component.ts","46","ui-angular/src/lib/components/bmb-balance-overview/bmb-balance-overview.stories.ts:152",""
"BmbBalanceOverviewComponent","progressCircleFillPathStatus","Sets the color of the path that fills the circle. 

ℹ️**Important**
 The gray fill path (progressCircleFillPathStatus) does not work for the full state (progressCircleFullFillPathStatus).","Componente","bmb-balance-overview","progressCircleFillPathStatus","BmbProgressCirclePathStatus","No","'success'","input","Biblioteca","No","No","ui-angular/src/lib/components/bmb-balance-overview/bmb-balance-overview.component.ts","47","ui-angular/src/lib/components/bmb-balance-overview/bmb-balance-overview.stories.ts:153",""
"BmbBalanceOverviewComponent","progressCircleFullFillPathStatus","Sets the full state when true.

The progress circle will display in a full state and the percentage path and value content will be hidden. 

ℹ️**Important**
 The gray fill path (progressCircleFillPathStatus) does not work for the full state (progressCircleFullFillPathStatus).","Componente","bmb-balance-overview","progressCircleFullFillPathStatus","boolean","No","false","input","Biblioteca","No","No","ui-angular/src/lib/components/bmb-balance-overview/bmb-balance-overview.component.ts","48","ui-angular/src/lib/components/bmb-balance-overview/bmb-balance-overview.stories.ts:165",""
"BmbBalanceOverviewComponent","showProgressCircleOperationState","Displays an operation state indicator for success or error statuses when the progress circle is fully filled.","Componente","bmb-balance-overview","showProgressCircleOperationState","boolean","No","false","input","Biblioteca","No","No","ui-angular/src/lib/components/bmb-balance-overview/bmb-balance-overview.component.ts","49","ui-angular/src/lib/components/bmb-balance-overview/bmb-balance-overview.stories.ts:170",""
"BmbBalanceOverviewComponent","indicatorAppearance","Sets the appearance of legend, affecting its visual style.","Componente","bmb-balance-overview","indicatorAppearance","IBmbLegendVariations | null","No","null","input","Biblioteca","No","No","ui-angular/src/lib/components/bmb-balance-overview/bmb-balance-overview.component.ts","50","ui-angular/src/lib/components/bmb-balance-overview/bmb-balance-overview.stories.ts:182",""
"BmbBalanceOverviewComponent","emptyState","Displays the empty state variant of the progress circle, hiding the progress indicator and showing the empty-state content.","Componente","bmb-balance-overview","emptyState","boolean","No","false","input","Biblioteca","No","No","ui-angular/src/lib/components/bmb-balance-overview/bmb-balance-overview.component.ts","51","ui-angular/src/lib/components/bmb-balance-overview/bmb-balance-overview.stories.ts:196",""
"BmbBookmarkComponent","isActive","Sets the active state of the bookmark.

> [!CALLOUT]
⚙️**Configuration**

>This is a model so you can detect a change in the state in the same place.

`[(isActive)]=""isActive""` or `[isActive]=""false"" (isActiveChange)=""yourHandle...()""`","Componente","bmb-bookmark","isActive","boolean","No","false","model","Biblioteca","No","No","ui-angular/src/lib/components/bmb-bookmark/bmb-bookmark.component.ts","25","ui-angular/src/lib/components/bmb-bookmark/bmb-bookmark.component.stories.ts:28",""
"BmbBotIconComponent","iconName","Built-in icon identifier or SVG file name.","Componente","bmb-bot-icon","iconName","BmbBotIconName","Sí","Sin valor predeterminado (requerido)","input.required","Biblioteca","No","No","ui-angular/src/lib/components/bmb-bot-icon/bmb-bot-icon.component.ts","26","ui-angular/src/lib/components/bmb-bot-icon/bmb-bot-icon.stories.ts:22",""
"BmbBottomNavigationBarComponent","navigationBarIcons","Navigation icons.","Componente","bmb-bottom-navigation-bar","navigationBarIcons","IBmbNavigationBarIcons","Sí","Sin valor predeterminado (requerido)","input.required","Biblioteca","No","No","ui-angular/src/lib/components/bmb-bottom-navigation-bar/bmb-bottom-navigation-bar.component.ts","27","ui-angular/src/lib/components/bmb-bottom-navigation-bar/bmb-bottom-navigation-bar.component.stories.ts:34",""
"BmbBoxIconComponent","iconName","Sets the name of the icon to be displayed.

> [!CALLOUT]
⚙️**Configuration**

>Please refer to [Google Fonts](https://fonts.google.com/icons?icon.size=24&icon.color=%23e8eaed&icon.style=Rounded&icon.set=Material+Symbols) for more icons and make sure that you have selected the filters:
- Fill
- Style:
 - Material Symbols
 - Rounded

‼️These filters are important to ensure that you are choosing an icon that meets the guidelines of ***Bamboo***‼️.

> [!NOTE]
✳️**Note**

>Images are also supported; instead of the icon name, enter the URL or path of the image to use.

> [!WARNING]
⚠️**Warning**

>Please remember that images need an *alt* to be accessible.
Look for the property to set the alt, if it does not exist in the component it is because the component implements it internally.","Componente","bmb-box-icon","iconName","string","Sí","Sin valor predeterminado (requerido)","input.required","Biblioteca","No","No","ui-angular/src/lib/components/bmb-box-icon/bmb-box-icon.component.ts","38","ui-angular/src/lib/components/bmb-box-icon/bmb-box-icon.stories.ts:39",""
"BmbBoxIconComponent","iconImageAlt","Sets the alternative text for the icon when it is an image. It is an essential part of making content accessible.

Refer [here](https://www.w3.org/WAI/alt/) for more information.","Componente","bmb-box-icon","iconImageAlt","string","No","undefined","input","Biblioteca","No","No","ui-angular/src/lib/components/bmb-box-icon/bmb-box-icon.component.ts","39","ui-angular/src/lib/components/bmb-box-icon/bmb-box-icon.stories.ts:40",""
"BmbBoxIconComponent","isIconFilled","⛔**Deprecated**
This property will not be maintainable.
  This will be removed in future versions.

Please remember to refer to the [Bamboo - General documentation](https://bamboo.tec.mx/latest/foundations/icon/iconos-wukxE19q) for more details about it. Visit the best practices section.","Componente","bmb-box-icon","isIconFilled","boolean","No","true","input","Biblioteca","No","No","ui-angular/src/lib/components/bmb-box-icon/bmb-box-icon.component.ts","40","ui-angular/src/lib/components/bmb-box-icon/bmb-box-icon.stories.ts:41",""
"BmbBoxIconComponent","boxColor","Sets the appearance of the box icon, affecting its visual style.","Componente","bmb-box-icon","boxColor","| IBmbBaseColors | IBmbmitecBaseColors | IBmbCreativeBaseColors | IBmbSemanticBaseColors | IBmbSemanticColors | IBmbMitecInstitutionalColors | IBmbCreativeUseColors | IBmbAlertColors | IBmbInteractiveIconAppearance | IBmbColor","No","undefined","input","Biblioteca","No","No","ui-angular/src/lib/components/bmb-box-icon/bmb-box-icon.component.ts","41","ui-angular/src/lib/components/bmb-box-icon/bmb-box-icon.stories.ts:42",""
"BmbBoxIconComponent","boxSize","Sets the appearance of the box size, affecting its visual style.","Componente","bmb-box-icon","boxSize","IBmbBoxIconSize","No","'small'","input","Biblioteca","No","No","ui-angular/src/lib/components/bmb-box-icon/bmb-box-icon.component.ts","53","ui-angular/src/lib/components/bmb-box-icon/bmb-box-icon.stories.ts:44",""
"BmbBoxIconComponent","boxShape","Sets the appearance of the box shape, affecting its visual style.

Square keeps the radius associated with the box size and circle applies a 50% border radius.","Componente","bmb-box-icon","boxShape","IBmbBoxIconShape","No","'square'","input","Biblioteca","No","No","ui-angular/src/lib/components/bmb-box-icon/bmb-box-icon.component.ts","54","ui-angular/src/lib/components/bmb-box-icon/bmb-box-icon.stories.ts:43",""
"BmbBreadcrumbComponent","dataTopBar","Sets the array of breadcrumb data for the top bar.

The first item contains text and internal (router) link, and clicking it navigates to the designated home page.

The second item displays the name of the global page and has no link.","Componente","bmb-breadcrumb","dataTopBar","IBmbDataTopBar[]","No","[]","input","Biblioteca","No","No","ui-angular/src/lib/components/bmb-breadcrumb/bmb-breadcrumb.component.ts","30","ui-angular/src/lib/components/bmb-breadcrumb/bmb-breadcrumb.stories.ts:76",""
"BmbBreadcrumbComponent","dataLocalNav","Sets the array of breadcrumb data for local navigation.","Componente","bmb-breadcrumb","dataLocalNav","IBmbDataTopBar[]","No","[]","input","Biblioteca","No","No","ui-angular/src/lib/components/bmb-breadcrumb/bmb-breadcrumb.component.ts","31","ui-angular/src/lib/components/bmb-breadcrumb/bmb-breadcrumb.stories.ts:92",""
"BmbBreadcrumbComponent","isTopBar","Sets the toggles between top bar breadcrumb style and local navigation style.","Componente","bmb-breadcrumb","isTopBar","boolean","No","false","input","Biblioteca","No","No","ui-angular/src/lib/components/bmb-breadcrumb/bmb-breadcrumb.component.ts","32","ui-angular/src/lib/components/bmb-breadcrumb/bmb-breadcrumb.stories.ts:107",""
"BmbBreadcrumbComponent","isInactive","Sets a flag to indicate whether the local navigation is inactive or not.
Sets inactive when true.","Componente","bmb-breadcrumb","isInactive","boolean","No","false","input","Biblioteca","No","No","ui-angular/src/lib/components/bmb-breadcrumb/bmb-breadcrumb.component.ts","33","ui-angular/src/lib/components/bmb-breadcrumb/bmb-breadcrumb.stories.ts:117",""
"BmbBreadcrumbComponent","dropdownOpen","Sets a flag to indicate whether the dropdown is open.
The dropdown is open when true.","Componente","bmb-breadcrumb","dropdownOpen","boolean","No","false","model","Biblioteca","No","No","ui-angular/src/lib/components/bmb-breadcrumb/bmb-breadcrumb.component.ts","34","ui-angular/src/lib/components/bmb-breadcrumb/bmb-breadcrumb.stories.ts:127",""
"BmbButtonDirective","icon","Sets the name of the icon to be displayed.

> [!CALLOUT]
⚙️**Configuration**

>Please refer to [Google Fonts](https://fonts.google.com/icons?icon.size=24&icon.color=%23e8eaed&icon.style=Rounded&icon.set=Material+Symbols) for more icons and make sure that you have selected the filters:
- Fill
- Style:
 - Material Symbols
 - Rounded

‼️These filters are important to ensure that you are choosing an icon that meets the guidelines of ***Bamboo***‼️.

> [!NOTE]
✳️**Note**

>Images are also supported; instead of the icon name, enter the URL or path of the image to use.

> [!WARNING]
⚠️**Warning**

>Please remember that images need an *alt* to be accessible.
Look for the property to set the alt, if it does not exist in the component it is because the component implements it internally.

The icon to display on the button.","Directiva","[bmbButton]","icon","string","No","''","input","Biblioteca","No","No","ui-angular/src/lib/directives/bmb-button/button.directive.ts","27","ui-angular/src/lib/directives/bmb-button/button.stories.ts:54",""
"BmbButtonDirective","iconSize","Sets size of the icon to use. 

✳️**Note**
 <= 0 will be inherited.","Directiva","[bmbButton]","iconSize","number | undefined","No","16","input","Biblioteca","No","No","ui-angular/src/lib/directives/bmb-button/button.directive.ts","28","ui-angular/src/lib/directives/bmb-button/button.stories.ts:55",""
"BmbButtonDirective","position","Sets the position of the icon.","Directiva","[bmbButton]","position","IBmbHorizontalPosition","No","'left'","input","Biblioteca","No","No","ui-angular/src/lib/directives/bmb-button/button.directive.ts","29","ui-angular/src/lib/directives/bmb-button/button.stories.ts:67",""
"BmbButtonDirective","case","Sets the icon at the end of the button, away from the text. Only visible when the button size is large.","Directiva","[bmbButton]","case","boolean","No","false","input","Biblioteca","No","No","ui-angular/src/lib/directives/bmb-button/button.directive.ts","30","ui-angular/src/lib/directives/bmb-button/button.stories.ts:77",""
"BmbButtonDirective","appearance","Sets the appearance of the buttons, affecting its visual style.","Directiva","[bmbButton]","appearance","IButtonAppearance","No","'primary'","input","Biblioteca","No","No","ui-angular/src/lib/directives/bmb-button/button.directive.ts","31","ui-angular/src/lib/directives/bmb-button/button.stories.ts:53",""
"BmbButtonDirective","size","Sets the size of the button, affecting its visual size.","Directiva","[bmbButton]","size","IButtonSize","No","'small'","input","Biblioteca","No","No","ui-angular/src/lib/directives/bmb-button/button.directive.ts","32","ui-angular/src/lib/directives/bmb-button/button.stories.ts:66",""
"BmbButtonDirective","isToggleActive","Indicates whether the toggle state of the button is active.","Directiva","[bmbButton]","isToggleActive","boolean","No","false","input","Biblioteca","No","No","ui-angular/src/lib/directives/bmb-button/button.directive.ts","33","ui-angular/src/lib/directives/bmb-button/button.stories.ts:95",""
"BmbButtonDirective","enableButtonToggle","Enables the active button state","Directiva","[bmbButton]","enableButtonToggle","boolean","No","false","input","Biblioteca","No","No","ui-angular/src/lib/directives/bmb-button/button.directive.ts","34","ui-angular/src/lib/directives/bmb-button/button.stories.ts:105",""
"BmbButtonDirective","isRounded","⛔**Deprecated**
This property will not be maintainable.
  This will be removed in future versions.","Directiva","[bmbButton]","isRounded","boolean","No","true","input","Biblioteca","No","No","ui-angular/src/lib/directives/bmb-button/button.directive.ts","35","ui-angular/src/lib/directives/bmb-button/button.stories.ts:114",""
"BmbButtonDirective","isMobile","Enables the mobile button state, which is a rounded button and width is 100%.","Directiva","[bmbButton]","isMobile","boolean","No","false","input","Biblioteca","No","No","ui-angular/src/lib/directives/bmb-button/button.directive.ts","36","ui-angular/src/lib/directives/bmb-button/button.stories.ts:115",""
"BmbButtonDirective","iconAlt","Sets the alternative text for the icon when it is an image. It is an essential part of making content accessible.

Refer [here](https://www.w3.org/WAI/alt/) for more information.","Directiva","[bmbButton]","iconAlt","string","No","'icon'","input","Biblioteca","No","No","ui-angular/src/lib/directives/bmb-button/button.directive.ts","37","ui-angular/src/lib/directives/bmb-button/button.stories.ts:125",""
"BmbButtonGroupDirective","size","Sets the size of the button, affecting its visual size.","Directiva","[bmbButtonGroup]","size","IBbmButtonGroupType","No","'small'","input","Biblioteca","Sí","No","ui-angular/src/lib/directives/old/bmb-button-group/bmb-button-group.directive.ts","10","ui-angular/src/lib/directives/old/bmb-button-group/bmb-button-group.stories.ts:30",""
"BmbButtonIconComponent","appearanceContrast","Sets the appearance of button icon, affecting its visual style.","Componente","bmb-button-icon","appearanceContrast","IBmbContrast","No","'default'","input","Biblioteca","No","No","ui-angular/src/lib/components/bmb-button-icon/bmb-button-icon.component.ts","24","ui-angular/src/lib/components/bmb-button-icon/bmp-button-icon.stories.ts:48",""
"BmbButtonIconComponent","idElement","Sets the unique identifier for the field.

This property is used to link the label to the field through the ***for*** attribute, improving accessibility and usability.","Componente","bmb-button-icon","idElement","string","No","undefined","input","Biblioteca","No","No","ui-angular/src/lib/components/bmb-button-icon/bmb-button-icon.component.ts","25","ui-angular/src/lib/components/bmb-button-icon/bmp-button-icon.stories.ts:53",""
"BmbButtonIconComponent","icon","Sets the name of the icon to be displayed.

> [!CALLOUT]
⚙️**Configuration**

>Please refer to [Google Fonts](https://fonts.google.com/icons?icon.size=24&icon.color=%23e8eaed&icon.style=Rounded&icon.set=Material+Symbols) for more icons and make sure that you have selected the filters:
- Fill
- Style:
 - Material Symbols
 - Rounded

‼️These filters are important to ensure that you are choosing an icon that meets the guidelines of ***Bamboo***‼️.

> [!NOTE]
✳️**Note**

>Images are also supported; instead of the icon name, enter the URL or path of the image to use.

> [!WARNING]
⚠️**Warning**

>Please remember that images need an *alt* to be accessible.
Look for the property to set the alt, if it does not exist in the component it is because the component implements it internally.","Componente","bmb-button-icon","icon","string","Sí","Sin valor predeterminado (requerido)","input.required","Biblioteca","No","No","ui-angular/src/lib/components/bmb-button-icon/bmb-button-icon.component.ts","26","ui-angular/src/lib/components/bmb-button-icon/bmp-button-icon.stories.ts:54",""
"BmbButtonIconComponent","showContainer","Sets the flag to show the container when true.","Componente","bmb-button-icon","showContainer","boolean","No","true","input","Biblioteca","No","No","ui-angular/src/lib/components/bmb-button-icon/bmb-button-icon.component.ts","27","ui-angular/src/lib/components/bmb-button-icon/bmp-button-icon.stories.ts:55",""
"BmbButtonIconComponent","disabled","Disables the element when true, making it non-interactive and cannot be clicked.

This is useful for conditions where user interaction should be restricted.","Componente","bmb-button-icon","disabled","boolean","No","false","input","Biblioteca","No","No","ui-angular/src/lib/components/bmb-button-icon/bmb-button-icon.component.ts","28","ui-angular/src/lib/components/bmb-button-icon/bmp-button-icon.stories.ts:77",""
"BmbButtonIconComponent","active","Sets the active state of the button icon, this input is a model so you can detect a change in the state in the same place.","Componente","bmb-button-icon","active","boolean","No","false","model","Biblioteca","No","No","ui-angular/src/lib/components/bmb-button-icon/bmb-button-icon.component.ts","29","ui-angular/src/lib/components/bmb-button-icon/bmp-button-icon.stories.ts:78",""
"BmbButtonIconComponent","isOutline","Sets the appearance of the outline when true.

✳️**Note**
 `showContainer` must also be true.","Componente","bmb-button-icon","isOutline","boolean","No","false","model","Biblioteca","No","No","ui-angular/src/lib/components/bmb-button-icon/bmb-button-icon.component.ts","30","ui-angular/src/lib/components/bmb-button-icon/bmp-button-icon.stories.ts:64",""
"BmbButtonIconComponent","alt","Sets the alternative text for the icon when it is an image. It is an essential part of making content accessible.

Refer [here](https://www.w3.org/WAI/alt/) for more information.","Componente","bmb-button-icon","alt","string","No","''","input","Biblioteca","No","No","ui-angular/src/lib/components/bmb-button-icon/bmb-button-icon.component.ts","31","ui-angular/src/lib/components/bmb-button-icon/bmp-button-icon.stories.ts:91",""
"BmbCalendarComponent","view","Sin descripción documentada.","Componente","bmb-calendar","view","IBmbCalendarView","No","'week'","model","Biblioteca","No","No","ui-angular/src/lib/components/bmb-calendar/bmb-calendar.component.ts","61","",""
"BmbCalendarComponent","filters","Sets the filters for calendar events, this is a model input, so you can update the filters externally","Componente","bmb-calendar","filters","{ [key: string]: boolean }","No","{}","model","Biblioteca","No","No","ui-angular/src/lib/components/bmb-calendar/bmb-calendar.component.ts","62","ui-angular/src/lib/components/bmb-calendar/bmb-calendar.stories.ts:368",""
"BmbCalendarComponent","calendarTimezone","Sets the remote timezone for the events (example: ""America/Mexico_City"")","Componente","bmb-calendar","calendarTimezone","string","No","Intl.DateTimeFormat().resolvedOptions().timeZone","input","Biblioteca","No","No","ui-angular/src/lib/components/bmb-calendar/bmb-calendar.component.ts","63","ui-angular/src/lib/components/bmb-calendar/bmb-calendar.stories.ts:304",""
"BmbCalendarComponent","clientTimezone","Sets the client timezone for the events (example: ""America/Mexico_City"")","Componente","bmb-calendar","clientTimezone","string","No","Intl.DateTimeFormat().resolvedOptions().timeZone","input","Biblioteca","No","No","ui-angular/src/lib/components/bmb-calendar/bmb-calendar.component.ts","66","ui-angular/src/lib/components/bmb-calendar/bmb-calendar.stories.ts:314",""
"BmbCalendarComponent","height","Sets the default height, you can also set a valid CSS value (example: 100vh).","Componente","bmb-calendar","height","number | string","No","'100%'","input","Biblioteca","No","No","ui-angular/src/lib/components/bmb-calendar/bmb-calendar.component.ts","69","ui-angular/src/lib/components/bmb-calendar/bmb-calendar.stories.ts:325",""
"BmbCalendarComponent","calendarTitle","Sets the title for the calendar","Componente","bmb-calendar","calendarTitle","string","No","undefined","input","Biblioteca","No","No","ui-angular/src/lib/components/bmb-calendar/bmb-calendar.component.ts","70","ui-angular/src/lib/components/bmb-calendar/bmb-calendar.stories.ts:349",""
"BmbCalendarComponent","dateFormat","Sets the date format for the calendar (example: ""yyyy-MM-dd"")","Componente","bmb-calendar","dateFormat","string","No","DEFAULT_DATE_FORMAT","input","Biblioteca","No","No","ui-angular/src/lib/components/bmb-calendar/bmb-calendar.component.ts","71","ui-angular/src/lib/components/bmb-calendar/bmb-calendar.stories.ts:358",""
"BmbCalendarComponent","showFilterButton","Shows or hides the filter button. Shows the button when true.","Componente","bmb-calendar","showFilterButton","boolean","No","false","input","Biblioteca","No","No","ui-angular/src/lib/components/bmb-calendar/bmb-calendar.component.ts","72","ui-angular/src/lib/components/bmb-calendar/bmb-calendar.stories.ts:339",""
"BmbCalendarComponent","disableMobileFilter","Disables the filter button on mobile view when true.","Componente","bmb-calendar","disableMobileFilter","boolean","No","false","input","Biblioteca","No","No","ui-angular/src/lib/components/bmb-calendar/bmb-calendar.component.ts","73","ui-angular/src/lib/components/bmb-calendar/bmb-calendar.stories.ts:388",""
"BmbCalendarComponent","startBusinessHour","Sets the start business hour for the calendar (example: 8)","Componente","bmb-calendar","startBusinessHour","number","No","8","input","Biblioteca","No","Sí","ui-angular/src/lib/components/bmb-calendar/bmb-calendar.component.ts","74","ui-angular/src/lib/components/bmb-calendar/bmb-calendar.stories.ts:378",""
"BmbCalendarHeaderComponent","view","Sin descripción documentada.","Componente","bmb-calendar-header","view","IBmbCalendarView","No","'week'","input","Biblioteca","No","No","ui-angular/src/lib/components/bmb-calendar/common/bmb-calendar-header/bmb-calendar-header.component.ts","54","",""
"BmbCalendarHeaderComponent","showFilterButton","Sin descripción documentada.","Componente","bmb-calendar-header","showFilterButton","boolean","No","false","input","Biblioteca","No","No","ui-angular/src/lib/components/bmb-calendar/common/bmb-calendar-header/bmb-calendar-header.component.ts","55","",""
"BmbCalendarHourViewComponent","events","Sin descripción documentada.","Componente","bmb-calendar-hour-view","events","IBmbCalendarEvent[]","No","[]","input","Biblioteca","No","No","ui-angular/src/lib/components/bmb-calendar/common/bmb-calendar-hour-view/bmb-calendar-hour-view.component.ts","23","",""
"BmbCalendarScheduleCardsComponent","event","Sin descripción documentada.","Componente","bmb-calendar-schedule-cards","event","IBmbCalendarEvent","Sí","Sin valor predeterminado (requerido)","input.required","Biblioteca","No","No","ui-angular/src/lib/components/bmb-calendar/common/bmb-calendar-schedule-cards/bmb-calendar-schedule-cards.component.ts","44","",""
"BmbCalendarScheduleCardsComponent","isPositionAbsolute","Sin descripción documentada.","Componente","bmb-calendar-schedule-cards","isPositionAbsolute","boolean","No","true","input","Biblioteca","No","No","ui-angular/src/lib/components/bmb-calendar/common/bmb-calendar-schedule-cards/bmb-calendar-schedule-cards.component.ts","45","",""
"BmbCalendarScheduleCardsComponent","extendedContent","Sin descripción documentada.","Componente","bmb-calendar-schedule-cards","extendedContent","boolean","No","true","input","Biblioteca","No","No","ui-angular/src/lib/components/bmb-calendar/common/bmb-calendar-schedule-cards/bmb-calendar-schedule-cards.component.ts","46","",""
"BmbCalendarTemplateDayComponent","dateFormat","Sin descripción documentada.","Componente","bmb-calendar-template-day","dateFormat","string","No","DEFAULT_DATE_FORMAT","input","Biblioteca","No","No","ui-angular/src/lib/components/bmb-calendar/common/bmb-calendar-template-day/bmb-calendar-template-day.component.ts","33","",""
"BmbCalendarTemplateMobileComponent","calendarTitle","Sin descripción documentada.","Componente","bmb-calendar-template-mobile","calendarTitle","string","No","undefined","input","Biblioteca","No","No","ui-angular/src/lib/components/bmb-calendar/common/bmb-calendar-template-mobile/bmb-calendar-template-mobile.component.ts","58","",""
"BmbCalendarTemplateMobileComponent","disableMobileFilter","Sin descripción documentada.","Componente","bmb-calendar-template-mobile","disableMobileFilter","boolean","No","false","input","Biblioteca","No","No","ui-angular/src/lib/components/bmb-calendar/common/bmb-calendar-template-mobile/bmb-calendar-template-mobile.component.ts","59","",""
"BmbCalendarTemplateWeekComponent","dateFormat","Sin descripción documentada.","Componente","bmb-calendar-template-week","dateFormat","string","No","DEFAULT_DATE_FORMAT","input","Biblioteca","No","No","ui-angular/src/lib/components/bmb-calendar/common/bmb-calendar-template-week/bmb-calendar-template-week.component.ts","39","",""
"BmbCalendarTemplateWeekComponent","selectedWeek","Sin descripción documentada.","Componente","bmb-calendar-template-week","selectedWeek","number","No","0","input","Biblioteca","No","No","ui-angular/src/lib/components/bmb-calendar/common/bmb-calendar-template-week/bmb-calendar-template-week.component.ts","40","",""
"BmbCalendarTimeIndicatorComponent","currentTime","Sin descripción documentada.","Componente","bmb-calendar-time-indicator","currentTime","DateTime","No","DateTime.now()","input","Biblioteca","No","No","ui-angular/src/lib/components/bmb-calendar/common/bmb-calendar-time-indicator/bmb-calendar-time-indicator.component.ts","21","",""
"BmbCardButtonComponent","isFullInteractive","Toggle between Full Interactive and Add Content mode.","Componente","bmb-card-button","isFullInteractive","boolean","No","true","input","Biblioteca","No","No","ui-angular/src/lib/components/bmb-card-button/bmb-card-button.component.ts","63","ui-angular/src/lib/components/bmb-card-button/bmb-card-button.stories.ts:130",""
"BmbCardButtonComponent","componentTitle","Sets the title of the card button.","Componente","bmb-card-button","componentTitle","string","No","''","input","Biblioteca","No","No","ui-angular/src/lib/components/bmb-card-button/bmb-card-button.component.ts","64","ui-angular/src/lib/components/bmb-card-button/bmb-card-button.stories.ts:238",""
"BmbCardButtonComponent","body","The body content of the card button. Text will be truncated to 3 lines if it exceeds the length.","Componente","bmb-card-button","body","string","No","''","input","Biblioteca","No","No","ui-angular/src/lib/components/bmb-card-button/bmb-card-button.component.ts","65","ui-angular/src/lib/components/bmb-card-button/bmb-card-button.stories.ts:139",""
"BmbCardButtonComponent","badge","Sets the bade info: text, appearance, and container.

Badge info properties:
- `text`: (string) Sets the text of the badge. The width will increase depending on the length of the text..

- `appearance`: (optional, string) Sets the appearance of the badge, affecting its visual style.

  **Default appearance**: normal.

  ✳️**Note**
 disabled and background do not exist for container.

- `container`: (optional, boolean) Sets the container flag. This displays the container when true; if false, it displays a bullet.","Componente","bmb-card-button","badge","IBmbBadgeInfo","No","undefined","input","Biblioteca","No","No","ui-angular/src/lib/components/bmb-card-button/bmb-card-button.component.ts","66","ui-angular/src/lib/components/bmb-card-button/bmb-card-button.stories.ts:149",""
"BmbCardButtonComponent","icon","Sets the name of the icon to be displayed.

> [!CALLOUT]
⚙️**Configuration**

>Please refer to [Google Fonts](https://fonts.google.com/icons?icon.size=24&icon.color=%23e8eaed&icon.style=Rounded&icon.set=Material+Symbols) for more icons and make sure that you have selected the filters:
- Fill
- Style:
 - Material Symbols
 - Rounded

‼️These filters are important to ensure that you are choosing an icon that meets the guidelines of ***Bamboo***‼️.

> [!NOTE]
✳️**Note**

>Images are also supported; instead of the icon name, enter the URL or path of the image to use.

> [!WARNING]
⚠️**Warning**

>Please remember that images need an *alt* to be accessible.
Look for the property to set the alt, if it does not exist in the component it is because the component implements it internally.

Examples:

- `info`: Displays an information icon.
- `settings`: Displays a settings icon.

Usage:

```html
<bmb-icon [icon]=""'info'""></bmb-icon>
```","Componente","bmb-card-button","icon","string","No","''","input","Biblioteca","No","No","ui-angular/src/lib/components/bmb-card-button/bmb-card-button.component.ts","67","ui-angular/src/lib/components/bmb-card-button/bmb-card-button.stories.ts:257",""
"BmbCardButtonComponent","leftContentIcon","The icon for the left content when the card is interactive.","Componente","bmb-card-button","leftContentIcon","string","No","''","input","Biblioteca","No","No","ui-angular/src/lib/components/bmb-card-button/bmb-card-button.component.ts","68","ui-angular/src/lib/components/bmb-card-button/bmb-card-button.stories.ts:160",""
"BmbCardButtonComponent","leftContentImage","An object with `src` and `alt` Full Interactive to display the image if left content is enabled and no icon is provided.","Componente","bmb-card-button","leftContentImage","IBmbImageInfo","No","undefined","input","Biblioteca","No","No","ui-angular/src/lib/components/bmb-card-button/bmb-card-button.component.ts","69","ui-angular/src/lib/components/bmb-card-button/bmb-card-button.stories.ts:170",""
"BmbCardButtonComponent","leftContent","Toggle to show an icon or image on the left side of the card button. If no icon is present, the image will be shown.","Componente","bmb-card-button","leftContent","boolean","No","false","input","Biblioteca","No","No","ui-angular/src/lib/components/bmb-card-button/bmb-card-button.component.ts","70","ui-angular/src/lib/components/bmb-card-button/bmb-card-button.stories.ts:150",""
"BmbCardButtonComponent","hasMenu","Toggle to show or hide the dropdown menu.","Componente","bmb-card-button","hasMenu","boolean","No","false","input","Biblioteca","No","No","ui-angular/src/lib/components/bmb-card-button/bmb-card-button.component.ts","71","ui-angular/src/lib/components/bmb-card-button/bmb-card-button.stories.ts:189",""
"BmbCardButtonComponent","menuItems","Sets the data to be displayed in the dropdown menu.

It is an array of objects representing menu items, providing additional actions or navigation options within the card button.

Each object in the array should contain the following properties:

- `icon`: (string) The name of the icon displayed next to the menu item text.

- `text`: (string) The text label for the menu item.

- `url`: (optional, string) The URL to navigate to when the menu item is clicked.

- `target`: (optional, string) Specifies where to display the linked URL (e.g., `_self`, `_blank`).

- `action`: (optional, function) A custom function executed when the menu item is clicked, this event is only emitted if the *link* property is empty. This is useful for triggering specific behaviors or events.","Componente","bmb-card-button","menuItems","IDropdownItem[]","No","[]","input","Biblioteca","No","No","ui-angular/src/lib/components/bmb-card-button/bmb-card-button.component.ts","72","ui-angular/src/lib/components/bmb-card-button/bmb-card-button.stories.ts:198",""
"BmbCardButtonComponent","isTemplate","Enables the use of templates so that icons appear before the drop-down menu. You cannot place more than four icons or action icon or bookmark.

**HTML architecture**

```
<bmb-card-button>
  
    <bmb-action-icon />
    <bmb-icon />
    <bmb-bookmark />
  
</bmb-card-button>
```

✳️**Note**
 there is an example in the **Template example** the section.","Componente","bmb-card-button","isTemplate","boolean","No","false","input","Biblioteca","No","No","ui-angular/src/lib/components/bmb-card-button/bmb-card-button.component.ts","73","ui-angular/src/lib/components/bmb-card-button/bmb-card-button.stories.ts:205",""
"BmbCardButtonComponent","isDisabled","Disables the button interaction — applies for all, not for Small Card","Componente","bmb-card-button","isDisabled","boolean","No","false","input","Biblioteca","No","No","ui-angular/src/lib/components/bmb-card-button/bmb-card-button.component.ts","74","ui-angular/src/lib/components/bmb-card-button/bmb-card-button.stories.ts:75",""
"BmbCardButtonComponent","textLink","Sets the text link used in the image variant.","Componente","bmb-card-button","textLink","IBmbLinkConfiguration","No","undefined","input","Biblioteca","No","No","ui-angular/src/lib/components/bmb-card-button/bmb-card-button.component.ts","75","ui-angular/src/lib/components/bmb-card-button/bmb-card-button.stories.ts:230",""
"BmbCardButtonComponent","isSmall","Sets the toggle between regular and small card button.","Componente","bmb-card-button","isSmall","boolean","No","false","input","Biblioteca","No","No","ui-angular/src/lib/components/bmb-card-button/bmb-card-button.component.ts","82","ui-angular/src/lib/components/bmb-card-button/bmb-card-button.stories.ts:66",""
"BmbCardButtonComponent","botIcon","Sin descripción documentada.","Componente","bmb-card-button","botIcon","string","No","''","input","Biblioteca","No","No","ui-angular/src/lib/components/bmb-card-button/bmb-card-button.component.ts","83","",""
"BmbCardButtonComponent","botImage","Sets the bot image, it is an object with `src` and `alt` small card to display the image.","Componente","bmb-card-button","botImage","IBmbImageInfo","No","undefined","input","Biblioteca","No","No","ui-angular/src/lib/components/bmb-card-button/bmb-card-button.component.ts","84","ui-angular/src/lib/components/bmb-card-button/bmb-card-button.stories.ts:85",""
"BmbCardButtonComponent","smallIcon","Sets the info icon at the top right. Only for mobile.","Componente","bmb-card-button","smallIcon","string","No","''","input","Biblioteca","No","No","ui-angular/src/lib/components/bmb-card-button/bmb-card-button.component.ts","85","ui-angular/src/lib/components/bmb-card-button/bmb-card-button.stories.ts:103",""
"BmbCardButtonComponent","smallTitle","Sets the title text.","Componente","bmb-card-button","smallTitle","string","No","''","input","Biblioteca","No","No","ui-angular/src/lib/components/bmb-card-button/bmb-card-button.component.ts","86","ui-angular/src/lib/components/bmb-card-button/bmb-card-button.stories.ts:111",""
"BmbCardButtonComponent","smallDescription","Sets the text shown on the back of the card button.","Componente","bmb-card-button","smallDescription","string","No","''","input","Biblioteca","No","No","ui-angular/src/lib/components/bmb-card-button/bmb-card-button.component.ts","87","ui-angular/src/lib/components/bmb-card-button/bmb-card-button.stories.ts:120",""
"BmbCardButtonComponent","title","Please use `componentTitle` instead of `title` to set the component title.","Componente","bmb-card-button","title","string","No","undefined","input","Biblioteca","No","Sí","ui-angular/src/lib/components/bmb-card-button/bmb-card-button.component.ts","89","ui-angular/src/lib/components/bmb-card-button/bmb-card-button.stories.ts:287",""
"BmbCardComponent","borderRadius","Determines the corner radius size","Componente","bmb-card","borderRadius","SizeNames | SizeNames[]","No","'m'","input","Biblioteca","No","No","ui-angular/src/lib/components/bmb-card/bmb-card.component.ts","31","ui-angular/src/lib/components/bmb-card/bmb-card.stories.ts:74",""
"BmbCardComponent","margin","Sets the margin size","Componente","bmb-card","margin","SizeNames | SizeNames[]","No","'m'","input","Biblioteca","No","No","ui-angular/src/lib/components/bmb-card/bmb-card.component.ts","32","ui-angular/src/lib/components/bmb-card/bmb-card.stories.ts:86",""
"BmbCardComponent","type","Sets the color schema","Componente","bmb-card","type","IBmbCardType","No","'normal'","input","Biblioteca","No","No","ui-angular/src/lib/components/bmb-card/bmb-card.component.ts","33","ui-angular/src/lib/components/bmb-card/bmb-card.stories.ts:98",""
"BmbCardComponent","state","Sin descripción documentada.","Componente","bmb-card","state","'disabled' | 'error' | 'normal'","No","'normal'","input","Biblioteca","No","No","ui-angular/src/lib/components/bmb-card/bmb-card.component.ts","34","",""
"BmbCardComponent","boxShadowStyle","Sets the style of the box shadow","Componente","bmb-card","boxShadowStyle","IBmbBoxShadowStyle | 'none'","No","'none'","input","Biblioteca","No","No","ui-angular/src/lib/components/bmb-card/bmb-card.component.ts","35","ui-angular/src/lib/components/bmb-card/bmb-card.stories.ts:119",""
"BmbCardComponent","borderColor","Sets the color border of the card","Componente","bmb-card","borderColor","IBmbBgColor | 'default'","No","'default'","input","Biblioteca","No","No","ui-angular/src/lib/components/bmb-card/bmb-card.component.ts","36","ui-angular/src/lib/components/bmb-card/bmb-card.stories.ts:139",""
"BmbCardContentComponent","padding","Sin descripción documentada.","Componente","bmb-card-content","padding","SizeNames | SizeNames[]","No","'m'","input","Biblioteca","No","No","ui-angular/src/lib/components/bmb-card/bmb-card.component.ts","113","",""
"BmbCardContentComponent","colorBackground","Sin descripción documentada.","Componente","bmb-card-content","colorBackground","IBmbBgColor | null","No","null","input","Biblioteca","No","No","ui-angular/src/lib/components/bmb-card/bmb-card.component.ts","114","",""
"BmbCardContentComponent","setBorderRadius","Sin descripción documentada.","Componente","bmb-card-content","setBorderRadius","boolean","No","false","input","Biblioteca","No","No","ui-angular/src/lib/components/bmb-card/bmb-card.component.ts","115","",""
"BmbCardExampleComponent","variant","Sin descripción documentada.","Componente","bmb-card-example","variant","CardExampleVariant","No","'informative-media-detail-vertical'","input","Biblioteca","No","No","ui-angular/src/lib/components/bmb-card/templates/bmb-card-examples.story.ts","1012","",""
"BmbCardFooterComponent","padding","Sin descripción documentada.","Componente","bmb-card-footer","padding","SizeNames | SizeNames[]","No","'m'","input","Biblioteca","No","No","ui-angular/src/lib/components/bmb-card/bmb-card.component.ts","89","",""
"BmbCardFooterComponent","colorBackground","Sin descripción documentada.","Componente","bmb-card-footer","colorBackground","IBmbBgColor | null","No","null","input","Biblioteca","No","No","ui-angular/src/lib/components/bmb-card/bmb-card.component.ts","90","",""
"BmbCardHeaderComponent","padding","Sin descripción documentada.","Componente","bmb-card-header","padding","SizeNames | SizeNames[]","No","'m'","input","Biblioteca","No","No","ui-angular/src/lib/components/bmb-card/bmb-card.component.ts","65","",""
"BmbCardHeaderComponent","colorBackground","Sin descripción documentada.","Componente","bmb-card-header","colorBackground","IBmbBgColor | null","No","null","input","Biblioteca","No","No","ui-angular/src/lib/components/bmb-card/bmb-card.component.ts","66","",""
"BmbCarouselComponent","selectedIndex","Sets and gets the actual carousel selected index.

> [!CALLOUT]
⚙️**Configuration**

>
Remember that model is two-way binding (signal), it is possible to use it as:
    [(selectedIndex)]=""selectedIndex""
    `(selectedIndexChange)=""handleSelectedIndexChange()`","Componente","bmb-carousel","selectedIndex","number","No","0","model","Biblioteca","No","No","ui-angular/src/lib/components/bmb-carousel/bmb-carousel.component.ts","27","ui-angular/src/lib/components/bmb-carousel/bmb-carousel.stories.ts:77",""
"BmbChatBarComponent","placeholder","Sets the text to be displayed as a placeholder within the field.","Componente","bmb-chat-bar","placeholder","string","No","''","input","Biblioteca","No","No","ui-angular/src/lib/components/bmb-chat-bar/bmb-chat-bar.component.ts","65","ui-angular/src/lib/components/bmb-chat-bar/bmb-chat-bar.stories.ts:89",""
"BmbChatBarComponent","botList","Sets the list of bot images for the bot configuration to show.","Componente","bmb-chat-bar","botList","IBotType[]","No","defaultBotList","input","Biblioteca","No","No","ui-angular/src/lib/components/bmb-chat-bar/bmb-chat-bar.component.ts","66","ui-angular/src/lib/components/bmb-chat-bar/bmb-chat-bar.stories.ts:96",""
"BmbChatBarComponent","actionsList","Sets the action list.
Optionally you can customize the action list input. By default, the ""Upload File Action"" is enable in the component","Componente","bmb-chat-bar","actionsList","IChatBarActions[]","No","[]","input","Biblioteca","No","No","ui-angular/src/lib/components/bmb-chat-bar/bmb-chat-bar.component.ts","67","ui-angular/src/lib/components/bmb-chat-bar/bmb-chat-bar.stories.ts:106",""
"BmbChatBarComponent","showEmoji","Sets if the Emoji Button will be shown in the component.","Componente","bmb-chat-bar","showEmoji","boolean","No","false","input","Biblioteca","No","No","ui-angular/src/lib/components/bmb-chat-bar/bmb-chat-bar.component.ts","68","ui-angular/src/lib/components/bmb-chat-bar/bmb-chat-bar.stories.ts:133",""
"BmbChatBarComponent","emojiIcon","Sets the name of the icon to be displayed.

> [!CALLOUT]
⚙️**Configuration**

>Please refer to [Google Fonts](https://fonts.google.com/icons?icon.size=24&icon.color=%23e8eaed&icon.style=Rounded&icon.set=Material+Symbols) for more icons and make sure that you have selected the filters:
- Fill
- Style:
 - Material Symbols
 - Rounded

‼️These filters are important to ensure that you are choosing an icon that meets the guidelines of ***Bamboo***‼️.

> [!NOTE]
✳️**Note**

>Images are also supported; instead of the icon name, enter the URL or path of the image to use.

> [!WARNING]
⚠️**Warning**

>Please remember that images need an *alt* to be accessible.
Look for the property to set the alt, if it does not exist in the component it is because the component implements it internally.

 This icon will be used in the toggle functionality, as long as `showEmoji` is *true*.","Componente","bmb-chat-bar","emojiIcon","string","No","''","input","Biblioteca","No","No","ui-angular/src/lib/components/bmb-chat-bar/bmb-chat-bar.component.ts","69","ui-angular/src/lib/components/bmb-chat-bar/bmb-chat-bar.stories.ts:142",""
"BmbChatBarComponent","enableMicInput","Enables the microphone input feature.","Componente","bmb-chat-bar","enableMicInput","boolean","No","false","input","Biblioteca","No","No","ui-angular/src/lib/components/bmb-chat-bar/bmb-chat-bar.component.ts","70","ui-angular/src/lib/components/bmb-chat-bar/bmb-chat-bar.stories.ts:211",""
"BmbChatBarComponent","disableChangeBot","Disables the bot icon change functionality","Componente","bmb-chat-bar","disableChangeBot","boolean","No","false","input","Biblioteca","No","No","ui-angular/src/lib/components/bmb-chat-bar/bmb-chat-bar.component.ts","71","ui-angular/src/lib/components/bmb-chat-bar/bmb-chat-bar.stories.ts:161",""
"BmbChatBarComponent","disabledInput","Disables the input when `true`, blocking user typing.

> [!CALLOUT]
⚙️**Configuration**

>
Remember that model is two-way binding (signal), it is possible to use it as:
    [(disabledInput)]=""disabledInput""
    `(disabledInputChange)=""handleDisabledInputChange()`","Componente","bmb-chat-bar","disabledInput","boolean","No","false","model","Biblioteca","No","No","ui-angular/src/lib/components/bmb-chat-bar/bmb-chat-bar.component.ts","72","ui-angular/src/lib/components/bmb-chat-bar/bmb-chat-bar.stories.ts:165",""
"BmbChatBarComponent","currentBot","Set the current bot to chat.

This is a model signal, so it is possible to use it as:
- [(currentBot)]=""currentBot""
- (currentBotChange)=""handleCurrentBotChange()","Componente","bmb-chat-bar","currentBot","IBotType","No","undefined","model","Biblioteca","No","No","ui-angular/src/lib/components/bmb-chat-bar/bmb-chat-bar.component.ts","74","ui-angular/src/lib/components/bmb-chat-bar/bmb-chat-bar.stories.ts:118",""
"BmbChatBarComponent","isLoading","Sets loading state, put a loader icon and disable the send button.

This is a model signal, so it is possible to use it as:
- [(isLoading)]=""isLoading""
- (isLoadingChange)=""handleIsLoadingChange()","Componente","bmb-chat-bar","isLoading","boolean","No","false","model","Biblioteca","No","No","ui-angular/src/lib/components/bmb-chat-bar/bmb-chat-bar.component.ts","75","ui-angular/src/lib/components/bmb-chat-bar/bmb-chat-bar.stories.ts:146",""
"BmbChatBarComponent","isBotSpeaking","Shows when the bot is speaking","Componente","bmb-chat-bar","isBotSpeaking","boolean","No","false","model","Biblioteca","No","No","ui-angular/src/lib/components/bmb-chat-bar/bmb-chat-bar.component.ts","76","ui-angular/src/lib/components/bmb-chat-bar/bmb-chat-bar.stories.ts:220",""
"BmbChatBarComponent","disabledBotSpeaking","Disable the bot speaking","Componente","bmb-chat-bar","disabledBotSpeaking","boolean","No","false","model","Biblioteca","No","No","ui-angular/src/lib/components/bmb-chat-bar/bmb-chat-bar.component.ts","77","ui-angular/src/lib/components/bmb-chat-bar/bmb-chat-bar.stories.ts:229",""
"BmbChatBubblesComponent","iconBot","Use the url or the path for the icon bot","Componente","bmb-chat-bubble","iconBot","string","No","'bot_tecStandar'","input","Biblioteca","No","No","ui-angular/src/lib/components/bmb-chat-bubbles/bmb-chat-bubbles.component.ts","67","ui-angular/src/lib/components/bmb-chat-bubbles/bmb-chat-bubbles.stories.ts:74",""
"BmbChatBubblesComponent","message","Defines the message displayed in the chat bubble, including id, content, type (text, image, link, etc.), and metadata such as time and user.","Componente","bmb-chat-bubble","message","IBmbChatMessage","Sí","Sin valor predeterminado (requerido)","input.required","Biblioteca","No","No","ui-angular/src/lib/components/bmb-chat-bubbles/bmb-chat-bubbles.component.ts","68","ui-angular/src/lib/components/bmb-chat-bubbles/bmb-chat-bubbles.stories.ts:82",""
"BmbChatBubblesComponent","gptBot","Sets if the icon of Gpt will be used in the component.","Componente","bmb-chat-bubble","gptBot","boolean","No","false","input","Biblioteca","No","No","ui-angular/src/lib/components/bmb-chat-bubbles/bmb-chat-bubbles.component.ts","69","ui-angular/src/lib/components/bmb-chat-bubbles/bmb-chat-bubbles.stories.ts:102",""
"BmbChatBubblesComponent","gptIcons","Enables the action icons (repeat, voice, copy, like, dislike) for bot messages.","Componente","bmb-chat-bubble","gptIcons","boolean","No","false","input","Biblioteca","No","No","ui-angular/src/lib/components/bmb-chat-bubbles/bmb-chat-bubbles.component.ts","70","ui-angular/src/lib/components/bmb-chat-bubbles/bmb-chat-bubbles.stories.ts:111",""
"BmbChatBubblesComponent","isThinking","If this property is set as true, the component show an animation as if it were thinking.","Componente","bmb-chat-bubble","isThinking","boolean","No","false","input","Biblioteca","No","No","ui-angular/src/lib/components/bmb-chat-bubbles/bmb-chat-bubbles.component.ts","71","ui-angular/src/lib/components/bmb-chat-bubbles/bmb-chat-bubbles.stories.ts:130",""
"BmbChatBubblesComponent","testId","Sin descripción documentada.","Componente","bmb-chat-bubble","testId","string","No","'chat-bubble'","input","Biblioteca","No","No","ui-angular/src/lib/components/bmb-chat-bubbles/bmb-chat-bubbles.component.ts","72","",""
"BmbChatBubblesComponent","userActiveIcons","Configures the actions displayed for user messages.","Componente","bmb-chat-bubble","userActiveIcons","BmbChatUserActionConfig","No","{ copy: { visible: true }, }","input","Biblioteca","No","No","ui-angular/src/lib/components/bmb-chat-bubbles/bmb-chat-bubbles.component.ts","73","ui-angular/src/lib/components/bmb-chat-bubbles/bmb-chat-bubbles.stories.ts:121",""
"BmbChatBubblesComponent","actions","Sin descripción documentada.","Componente","bmb-chat-bubble","actions","IBmbChatBubblesActions[]","No","[ { key: 'repeat', icon: 'repeat', label: this.translationService.translate('chat_bubbles.repeat'), }, { key: 'voice', icon: 'record_voice_over', label: this.translationService.translate('chat_bubbles.voice'), }, { key: 'copy', icon: 'content_copy', label: this.translationService.translate('chat_bubbles.copy'), }, { key: 'like', icon: 'thumb_up', label: this.translationService.translate('chat_bubbles.like'), }, { key: 'dislike', icon: 'thumb_down', label: this.translationService.translate('chat_bubbles.dislike'), }, ]","input","Biblioteca","No","No","ui-angular/src/lib/components/bmb-chat-bubbles/bmb-chat-bubbles.component.ts","84","",""
"BmbChatBubblesComponent","gptActiveIcons","Sin descripción documentada.","Componente","bmb-chat-bubble","gptActiveIcons","{ repeat: BmbChatGptIconInput; voice: BmbChatGptIconInput; copy: BmbChatGptIconInput; like: BmbChatGptIconInput; dislike: BmbChatGptIconInput; }","No","{ repeat: { visible: true }, voice: { visible: true }, copy: { visible: true }, like: { visible: true }, dislike: { visible: true }, }","input","Biblioteca","No","No","ui-angular/src/lib/components/bmb-chat-bubbles/bmb-chat-bubbles.component.ts","145","",""
"BmbChatBubblesComponent","iconsState","Sin descripción documentada.","Componente","bmb-chat-bubble","iconsState","IBmbChatGptIcons","No","this.buildState()","model","Biblioteca","No","No","ui-angular/src/lib/components/bmb-chat-bubbles/bmb-chat-bubbles.component.ts","160","",""
"BmbCheckboxComponent","name","Sets the value of the field.

This is the value that is taken when the form is submitted.

ℹ️**Important**

The value will not be necessary to define a value on the `FormControl` instance, as long as this properties is correctly assigned of this field .

✳️**Note**

The configuration implemented in the `FormControl` object will always be prioritized.

    formGroup: FormGroup = new FormGroup({
     fieldName: new FormControl('test'),
    });
    

Multiple checkboxes can share the same name to create a group where multiple items can be selected.","Componente","bmb-checkbox","name","string","No","getUUID()","input","Biblioteca","No","No","ui-angular/src/lib/components/bmb-checkbox/bmb-checkbox.component.ts","34","ui-angular/src/lib/components/bmb-checkbox/bmb-checkbox.stories.ts:118",""
"BmbCheckboxComponent","disabled","Disables the field when true, making it non-interactive and cannot be clicked.

This is useful for conditions where user interaction should be restricted.

It will not be necessary to define disabled property on the `FormControl` instance, as long as this properties is correctly assigned of this field .","Componente","bmb-checkbox","disabled","boolean","No","false","input","Biblioteca","No","No","ui-angular/src/lib/components/bmb-checkbox/bmb-checkbox.component.ts","35","ui-angular/src/lib/components/bmb-checkbox/bmb-checkbox.stories.ts:92",""
"BmbCheckboxComponent","required","Sets the field as required when true.

Specifies whether the field must be filled out before submitting the form.

This is commonly used to ensure that users do not skip mandatory choices in forms, enhancing data integrity and user interaction compliance.","Componente","bmb-checkbox","required","boolean","No","false","input","Biblioteca","No","No","ui-angular/src/lib/components/bmb-checkbox/bmb-checkbox.component.ts","36","ui-angular/src/lib/components/bmb-checkbox/bmb-checkbox.stories.ts:93",""
"BmbCheckboxComponent","value","Sets the value of the field.

This is the value that is taken when the form is submitted.

ℹ️**Important**

The value will not be necessary to define a value on the `FormControl` instance, as long as this properties is correctly assigned of this field .

✳️**Note**

The configuration implemented in the `FormControl` object will always be prioritized.

    formGroup: FormGroup = new FormGroup({
     fieldName: new FormControl('test'),
    });
    

⚠️**Warning**

For cases where this field is part of a checkbox list, this will be the value that will be sent with the form if the checkbox is checked.","Componente","bmb-checkbox","value","string","No","''","input","Biblioteca","No","No","ui-angular/src/lib/components/bmb-checkbox/bmb-checkbox.component.ts","37","ui-angular/src/lib/components/bmb-checkbox/bmb-checkbox.stories.ts:109",""
"BmbCheckboxComponent","label","Sets the label associated with checkbox.

The label helps users understand the context of what the checkbox represents.

The label will be displayed at the default `labelPosition` or the position specified in `labelPosition` relative to the checkbox.","Componente","bmb-checkbox","label","string","No","''","input","Biblioteca","No","No","ui-angular/src/lib/components/bmb-checkbox/bmb-checkbox.component.ts","38","ui-angular/src/lib/components/bmb-checkbox/bmb-checkbox.stories.ts:126",""
"BmbCheckboxComponent","labelPosition","Specifies the position of the label relative to checkbox.

The possible positions to indicate where the label should be displayed in relation to the checkbox are:

- before
- after","Componente","bmb-checkbox","labelPosition","IBbmSidePosition","No","'after'","input","Biblioteca","No","No","ui-angular/src/lib/components/bmb-checkbox/bmb-checkbox.component.ts","39","ui-angular/src/lib/components/bmb-checkbox/bmb-checkbox.stories.ts:130",""
"BmbCheckboxComponent","ariaDescribedby","Provides additional descriptive text for the field, enhancing accessibility by linking the field to a descriptive element by ID.","Componente","bmb-checkbox","ariaDescribedby","string","No","''","input","Biblioteca","No","No","ui-angular/src/lib/components/bmb-checkbox/bmb-checkbox.component.ts","40","ui-angular/src/lib/components/bmb-checkbox/bmb-checkbox.stories.ts:127",""
"BmbCheckboxComponent","ariaLabel","Defines a string that labels the field for accessibility purposes, which can be used when a visible label text is not present.","Componente","bmb-checkbox","ariaLabel","string","No","''","input","Biblioteca","No","No","ui-angular/src/lib/components/bmb-checkbox/bmb-checkbox.component.ts","41","ui-angular/src/lib/components/bmb-checkbox/bmb-checkbox.stories.ts:128",""
"BmbCheckboxComponent","ariaLabelledby","Identifies the element(s) that labels the field for accessibility purposes, providing a reference to the IDs of the elements that serve as the field label.","Componente","bmb-checkbox","ariaLabelledby","string","No","''","input","Biblioteca","No","No","ui-angular/src/lib/components/bmb-checkbox/bmb-checkbox.component.ts","42","ui-angular/src/lib/components/bmb-checkbox/bmb-checkbox.stories.ts:129",""
"BmbCheckboxComponent","errorMessage","Sets the error message instance or required field message to display below the field when there is an error in it.

For fields that only require mandatory field validation, it is sufficient to assign a string.

In case the field needs more than one validation per field, it is recommended to instantiate the error specification.

Validations supported in instantiation:

- **required**: corresponds to the validation assigned to the `isRequired` property
- **min**: corresponds to the validation assigned to the `min` property, used for numeric fields
- **max**: corresponds to the validation assigned to the `max` property, used for numeric fields
- **minLength**: corresponds to the validation assigned to the `minlength` property, used for text and textarea fields
- **maxLength**: corresponds to the validation assigned to the `maxlength` property, used for text and textarea fields
- **pattern**: corresponds to the validation assigned to the `pattern` property
- **jsonFormat**: corresponds to the validation assigned to the `jsonFormat` property, used for textarea fields
- **customValidation**: corresponds to the validation assigned to the `customValidation` property

✳️**Note**

Default error messages will be displayed if this property is not assigned correctly.","Componente","bmb-checkbox","errorMessage","string | IBmbInputError","No","''","input","Biblioteca","No","No","ui-angular/src/lib/components/bmb-checkbox/bmb-checkbox.component.ts","43","ui-angular/src/lib/components/bmb-checkbox/bmb-checkbox.stories.ts:133",""
"BmbCheckboxComponent","helperMessage","Sets the text to be displayed as a supporting message below the field.","Componente","bmb-checkbox","helperMessage","string","No","''","input","Biblioteca","No","No","ui-angular/src/lib/components/bmb-checkbox/bmb-checkbox.component.ts","44","ui-angular/src/lib/components/bmb-checkbox/bmb-checkbox.stories.ts:134",""
"BmbCheckboxComponent","customValidation","Sets custom validator function to the field.

Example of a `ValidatorFn`
    handleCustomValidator(): ValidatorFn {
      return (control: AbstractControl): ValidationErrors | null => {
        const { value } = control;
        if (!value) return null;

        if (value === 'value example') return { customValidation: true };

        return null;
      };
    }","Componente","bmb-checkbox","customValidation","ValidatorFn","No","undefined","input","Biblioteca","No","No","ui-angular/src/lib/components/bmb-checkbox/bmb-checkbox.component.ts","45","ui-angular/src/lib/components/bmb-checkbox/bmb-checkbox.stories.ts:131",""
"BmbCheckboxComponent","control","Sets the `FormControl` instance to manage the state of the field.

ℹ️**Important**

It is essential to assign the property `name` for correct behavior of the field.

It will not be necessary to define `Validators` in the `FormControl` instance, as long as the properties of this field are correctly assigned.

This component automatically implements the `Validators` on the following properties:

- **isRequired**: adds `Validators.required` to the `FormControl`
- **minlength**: adds `Validators.minLength` to the `FormControl`
- **maxlength**: adds `Validators.maxLength` to the `FormControl`
- **max**: adds `Validators.max` to the `FormControl`
- **min**: adds `Validators.min` to the `FormControl`
- **pattern**: adds `Validators.pattern` to the `FormControl`

In ***Bamboo***, it is possible to implement automatic field validation using the `bmb-form-validator` component.

The `bmb-form-validator` component contains the state of the form by collecting the form fields and adding them to a `FormGroup`.

Please check the ***Form validator*** documentation for details on how to implement `bmb-form-validator` component.

This documentation is displayed as a tab at the top.","Componente","bmb-checkbox","control","FormControl","No","newFormControlByType('checkbox')","model","Biblioteca","No","No","ui-angular/src/lib/components/bmb-checkbox/bmb-checkbox.component.ts","47","ui-angular/src/lib/components/bmb-checkbox/bmb-checkbox.stories.ts:132",""
"BmbCheckboxComponent","checked","Determines whether the checkbox is checked or unchecked.

If this property is set to **true**, the checkbox is selected; if set to **false**, it is unchecked.","Componente","bmb-checkbox","checked","boolean","No","undefined","model","Biblioteca","No","No","ui-angular/src/lib/components/bmb-checkbox/bmb-checkbox.component.ts","48","ui-angular/src/lib/components/bmb-checkbox/bmb-checkbox.stories.ts:79",""
"BmbCheckboxComponent","showError","⛔**Deprecated**
This property will not be maintainable.
  This will be removed in future versions.

**Clarification:**

This property is not required or used because error validation is performed by `FomControl`.

Below is a snippet of the **TypeScript example** that performs automatic validation and marks the field as visited:
    ...
    updateErrorState(): void {
      ...
      control.markAsTouched();
      control.updateValueAndValidity();
      ...","Componente","bmb-checkbox","showError","boolean","No","false","model","Biblioteca","No","No","ui-angular/src/lib/components/bmb-checkbox/bmb-checkbox.component.ts","49","ui-angular/src/lib/components/bmb-checkbox/bmb-checkbox.stories.ts:135",""
"BmbCheckboxComponent","indeterminate","Sets the checkbox to an indeterminate state, which is typically used to represent a mixed state in complex forms like tree views or nested lists.

✳️**Note**

This does not affect the checked property and is purely visual.","Componente","bmb-checkbox","indeterminate","boolean","No","false","model","Biblioteca","No","No","ui-angular/src/lib/components/bmb-checkbox/bmb-checkbox.component.ts","50","ui-angular/src/lib/components/bmb-checkbox/bmb-checkbox.stories.ts:94",""
"BmbCheckboxComponent","inputId","Sets the unique identifier for the field.

This property is used to link the label to the field through the ***for*** attribute, improving accessibility and usability.","Componente","bmb-checkbox","inputId","string","No","getUUID()","model","Biblioteca","No","No","ui-angular/src/lib/components/bmb-checkbox/bmb-checkbox.component.ts","51","ui-angular/src/lib/components/bmb-checkbox/bmb-checkbox.stories.ts:78",""
"BmbCheckExternalLinkButtonComponent","idElement","Sets the id property for the link or the button.","Componente","bmb-check-external-link-button","idElement","string | undefined","No","''","input","Biblioteca","No","No","ui-angular/src/lib/components/bmb-check-external-link-button/bmb-check-external-link-button.component.ts","26","ui-angular/src/lib/components/bmb-check-external-link-button/bmb-check-external-link-button.stories.ts:30",""
"BmbCheckExternalLinkButtonComponent","link","Sets the link for redirection to another or same page. If this property is empty it will emit the button event.","Componente","bmb-check-external-link-button","link","string","No","''","input","Biblioteca","No","No","ui-angular/src/lib/components/bmb-check-external-link-button/bmb-check-external-link-button.component.ts","27","ui-angular/src/lib/components/bmb-check-external-link-button/bmb-check-external-link-button.stories.ts:41",""
"BmbCheckExternalLinkButtonComponent","target","Sets the target property for the link. Refer to [here](https://developer.mozilla.org/en-US/docs/Web/HTML/Element/a) for more information.","Componente","bmb-check-external-link-button","target","IBmbTargetLink","No","'_blank'","input","Biblioteca","No","No","ui-angular/src/lib/components/bmb-check-external-link-button/bmb-check-external-link-button.component.ts","28","ui-angular/src/lib/components/bmb-check-external-link-button/bmb-check-external-link-button.stories.ts:42",""
"BmbCheckExternalLinkButtonComponent","disabled","Disables the button or the link.","Componente","bmb-check-external-link-button","disabled","boolean","No","false","input","Biblioteca","No","No","ui-angular/src/lib/components/bmb-check-external-link-button/bmb-check-external-link-button.component.ts","29","ui-angular/src/lib/components/bmb-check-external-link-button/bmb-check-external-link-button.stories.ts:44",""
"BmbCheckExternalLinkButtonComponent","buttonName","Sin descripción documentada.","Componente","bmb-check-external-link-button","buttonName","string","No","'button'","input","Biblioteca","No","No","ui-angular/src/lib/components/bmb-check-external-link-button/bmb-check-external-link-button.component.ts","30","",""
"BmbChevronTitleSelectorComponent","componentTitle","Sets the title of chevron selector.","Componente","bmb-chevron-title-selector","componentTitle","string","No","undefined","input","Biblioteca","No","No","ui-angular/src/lib/components/bmb-chevron-title-selector/bmb-chevron-title-selector.component.ts","34","ui-angular/src/lib/components/bmb-chevron-title-selector/bmb-chevron-title-selector.stories.ts:87",""
"BmbChevronTitleSelectorComponent","subtitle","Sin descripción documentada.","Componente","bmb-chevron-title-selector","subtitle","string","No","undefined","input","Biblioteca","No","No","ui-angular/src/lib/components/bmb-chevron-title-selector/bmb-chevron-title-selector.component.ts","35","",""
"BmbChevronTitleSelectorComponent","isIconSubtitle","Sin descripción documentada.","Componente","bmb-chevron-title-selector","isIconSubtitle","boolean","No","undefined","input","Biblioteca","No","No","ui-angular/src/lib/components/bmb-chevron-title-selector/bmb-chevron-title-selector.component.ts","36","",""
"BmbChevronTitleSelectorComponent","iconSubtitle","Sin descripción documentada.","Componente","bmb-chevron-title-selector","iconSubtitle","string","No","''","input","Biblioteca","No","No","ui-angular/src/lib/components/bmb-chevron-title-selector/bmb-chevron-title-selector.component.ts","37","",""
"BmbChevronTitleSelectorComponent","leadingIcon","Descripción no resuelta automáticamente; consultar la fuente de documentación.","Componente","bmb-chevron-title-selector","leadingIcon","string","No","''","input","Biblioteca","No","No","ui-angular/src/lib/components/bmb-chevron-title-selector/bmb-chevron-title-selector.component.ts","38","ui-angular/src/lib/components/bmb-chevron-title-selector/bmb-chevron-title-selector.stories.ts:90",""
"BmbChevronTitleSelectorComponent","trailingIcon","Descripción no resuelta automáticamente; consultar la fuente de documentación.","Componente","bmb-chevron-title-selector","trailingIcon","string","No","''","input","Biblioteca","No","No","ui-angular/src/lib/components/bmb-chevron-title-selector/bmb-chevron-title-selector.component.ts","39","ui-angular/src/lib/components/bmb-chevron-title-selector/bmb-chevron-title-selector.stories.ts:91",""
"BmbChevronTitleSelectorComponent","isDisabledLeadingIcon","Descripción no resuelta automáticamente; consultar la fuente de documentación.","Componente","bmb-chevron-title-selector","isDisabledLeadingIcon","boolean","No","false","input","Biblioteca","No","No","ui-angular/src/lib/components/bmb-chevron-title-selector/bmb-chevron-title-selector.component.ts","40","ui-angular/src/lib/components/bmb-chevron-title-selector/bmb-chevron-title-selector.stories.ts:92",""
"BmbChevronTitleSelectorComponent","isDisabledTrailingIcon","Descripción no resuelta automáticamente; consultar la fuente de documentación.","Componente","bmb-chevron-title-selector","isDisabledTrailingIcon","boolean","No","false","input","Biblioteca","No","No","ui-angular/src/lib/components/bmb-chevron-title-selector/bmb-chevron-title-selector.component.ts","41","ui-angular/src/lib/components/bmb-chevron-title-selector/bmb-chevron-title-selector.stories.ts:93",""
"BmbChevronTitleSelectorComponent","alternativeTextLeadingIcon","Sets the title of alternative text for the left icon, used for accessibility.","Componente","bmb-chevron-title-selector","alternativeTextLeadingIcon","string","No","''","input","Biblioteca","No","No","ui-angular/src/lib/components/bmb-chevron-title-selector/bmb-chevron-title-selector.component.ts","42","ui-angular/src/lib/components/bmb-chevron-title-selector/bmb-chevron-title-selector.stories.ts:110",""
"BmbChevronTitleSelectorComponent","alternativeTextTrailingIcon","Sets the title of alternative text for the right icon, used for accessibility.","Componente","bmb-chevron-title-selector","alternativeTextTrailingIcon","string","No","''","input","Biblioteca","No","No","ui-angular/src/lib/components/bmb-chevron-title-selector/bmb-chevron-title-selector.component.ts","43","ui-angular/src/lib/components/bmb-chevron-title-selector/bmb-chevron-title-selector.stories.ts:116",""
"BmbChevronTitleSelectorComponent","title","Please use `componentTitle` instead of `title` to set the component title.","Componente","bmb-chevron-title-selector","title","string","No","undefined","input","Biblioteca","No","Sí","ui-angular/src/lib/components/bmb-chevron-title-selector/bmb-chevron-title-selector.component.ts","48","ui-angular/src/lib/components/bmb-chevron-title-selector/bmb-chevron-title-selector.stories.ts:100",""
"BmbContainerButtonBadgeComponent","componentTitle","Sets the title of container button.","Componente","bmb-container-button-badge","componentTitle","string","Sí","Sin valor predeterminado (requerido)","input.required","Biblioteca","No","No","ui-angular/src/lib/components/bmb-container-button/bmb-container-button-badge/bmb-container-button-badge.component.ts","31","ui-angular/src/lib/components/bmb-container-button/bmb-container-button-badge/bmb-container-button-badge.stories.ts:48",""
"BmbContainerButtonBadgeComponent","subtitle","Sets the subtitle of container button.","Componente","bmb-container-button-badge","subtitle","string","No","''","input","Biblioteca","No","No","ui-angular/src/lib/components/bmb-container-button/bmb-container-button-badge/bmb-container-button-badge.component.ts","32","ui-angular/src/lib/components/bmb-container-button/bmb-container-button-badge/bmb-container-button-badge.stories.ts:49",""
"BmbContainerButtonBadgeComponent","leftIconName","Sets the name of the icon to be displayed.

> [!CALLOUT]
⚙️**Configuration**

>Please refer to [Google Fonts](https://fonts.google.com/icons?icon.size=24&icon.color=%23e8eaed&icon.style=Rounded&icon.set=Material+Symbols) for more icons and make sure that you have selected the filters:
- Fill
- Style:
 - Material Symbols
 - Rounded

‼️These filters are important to ensure that you are choosing an icon that meets the guidelines of ***Bamboo***‼️.

> [!NOTE]
✳️**Note**

>Images are also supported; instead of the icon name, enter the URL or path of the image to use.

> [!WARNING]
⚠️**Warning**

>Please remember that images need an *alt* to be accessible.
Look for the property to set the alt, if it does not exist in the component it is because the component implements it internally.","Componente","bmb-container-button-badge","leftIconName","string","Sí","Sin valor predeterminado (requerido)","input.required","Biblioteca","No","No","ui-angular/src/lib/components/bmb-container-button/bmb-container-button-badge/bmb-container-button-badge.component.ts","33","ui-angular/src/lib/components/bmb-container-button/bmb-container-button-badge/bmb-container-button-badge.stories.ts:50",""
"BmbContainerButtonBadgeComponent","iconImageAlt","Sets the alternative text of the images. It is an essential part of making content accessible.

Refer [here](https://www.w3.org/WAI/alt/) for more information.","Componente","bmb-container-button-badge","iconImageAlt","string","No","''","input","Biblioteca","No","No","ui-angular/src/lib/components/bmb-container-button/bmb-container-button-badge/bmb-container-button-badge.component.ts","34","ui-angular/src/lib/components/bmb-container-button/bmb-container-button-badge/bmb-container-button-badge.stories.ts:60",""
"BmbContainerButtonBadgeComponent","badge","Sets the bade info: text, appearance, and container.

Badge info properties:
- `text`: (string) Sets the text of the badge. The width will increase depending on the length of the text..

- `appearance`: (optional, string) Sets the appearance of the badge, affecting its visual style.

  **Default appearance**: normal.

  ✳️**Note**
 disabled and background do not exist for container.

- `container`: (optional, boolean) Sets the container flag. This displays the container when true; if false, it displays a bullet.","Componente","bmb-container-button-badge","badge","IBmbBadgeInfo","Sí","Sin valor predeterminado (requerido)","input.required","Biblioteca","No","No","ui-angular/src/lib/components/bmb-container-button/bmb-container-button-badge/bmb-container-button-badge.component.ts","35","ui-angular/src/lib/components/bmb-container-button/bmb-container-button-badge/bmb-container-button-badge.stories.ts:61",""
"BmbContainerButtonBadgeComponent","rightIconName","Sets the name of the icon to be displayed.

> [!CALLOUT]
⚙️**Configuration**

>Please refer to [Google Fonts](https://fonts.google.com/icons?icon.size=24&icon.color=%23e8eaed&icon.style=Rounded&icon.set=Material+Symbols) for more icons and make sure that you have selected the filters:
- Fill
- Style:
 - Material Symbols
 - Rounded

‼️These filters are important to ensure that you are choosing an icon that meets the guidelines of ***Bamboo***‼️.

> [!NOTE]
✳️**Note**

>Images are also supported; instead of the icon name, enter the URL or path of the image to use.

> [!WARNING]
⚠️**Warning**

>Please remember that images need an *alt* to be accessible.
Look for the property to set the alt, if it does not exist in the component it is because the component implements it internally.

This icon will be show at the right of the container button.","Componente","bmb-container-button-badge","rightIconName","string","Sí","Sin valor predeterminado (requerido)","input.required","Biblioteca","No","No","ui-angular/src/lib/components/bmb-container-button/bmb-container-button-badge/bmb-container-button-badge.component.ts","36","ui-angular/src/lib/components/bmb-container-button/bmb-container-button-badge/bmb-container-button-badge.stories.ts:71",""
"BmbContainerButtonBadgeComponent","rightIconImageAlt","Sets the alternative text of the images. It is an essential part of making content accessible.

Refer [here](https://www.w3.org/WAI/alt/) for more information.","Componente","bmb-container-button-badge","rightIconImageAlt","string","No","''","input","Biblioteca","No","No","ui-angular/src/lib/components/bmb-container-button/bmb-container-button-badge/bmb-container-button-badge.component.ts","37","ui-angular/src/lib/components/bmb-container-button/bmb-container-button-badge/bmb-container-button-badge.stories.ts:83",""
"BmbContainerButtonBadgeComponent","isDisabled","Disables the element when true, making it non-interactive and cannot be clicked.

This is useful for conditions where user interaction should be restricted.","Componente","bmb-container-button-badge","isDisabled","boolean","No","false","input","Biblioteca","No","No","ui-angular/src/lib/components/bmb-container-button/bmb-container-button-badge/bmb-container-button-badge.component.ts","38","ui-angular/src/lib/components/bmb-container-button/bmb-container-button-badge/bmb-container-button-badge.stories.ts:84",""
"BmbContainerButtonBadgeComponent","isError","Sets the the error state of container button when true.","Componente","bmb-container-button-badge","isError","boolean","No","false","input","Biblioteca","No","No","ui-angular/src/lib/components/bmb-container-button/bmb-container-button-badge/bmb-container-button-badge.component.ts","39","ui-angular/src/lib/components/bmb-container-button/bmb-container-button-badge/bmb-container-button-badge.stories.ts:85",""
"BmbContainerButtonBaseComponent","isDisabled","Disables the element when true, making it non-interactive and cannot be clicked.

This is useful for conditions where user interaction should be restricted.","Componente","bmb-container-button-base","isDisabled","boolean","No","false","input","Biblioteca","No","No","ui-angular/src/lib/components/bmb-container-button/bmb-container-button-base/bmb-container-button-base.component.ts","24","ui-angular/src/lib/components/bmb-container-button/bmb-container-button-base/bmb-container-button-base.stories.ts:69",""
"BmbContainerButtonBaseComponent","isError","Sets the the error state of the container button when true.","Componente","bmb-container-button-base","isError","boolean","No","false","input","Biblioteca","No","No","ui-angular/src/lib/components/bmb-container-button/bmb-container-button-base/bmb-container-button-base.component.ts","25","ui-angular/src/lib/components/bmb-container-button/bmb-container-button-base/bmb-container-button-base.stories.ts:70",""
"BmbContainerButtonBaseComponent","isSquare","Changes square variant when true. It renders the top and main content.","Componente","bmb-container-button-base","isSquare","boolean","No","false","input","Biblioteca","No","No","ui-angular/src/lib/components/bmb-container-button/bmb-container-button-base/bmb-container-button-base.component.ts","26","ui-angular/src/lib/components/bmb-container-button/bmb-container-button-base/bmb-container-button-base.stories.ts:74",""
"BmbContainerButtonComplexAlternativeComponent","componentTitle","Sets the title of container button.","Componente","bmb-container-button-complex-alternative","componentTitle","string","Sí","Sin valor predeterminado (requerido)","input.required","Biblioteca","No","No","ui-angular/src/lib/components/bmb-container-button/bmb-container-button-complex-alternative/bmb-container-button-complex-alternative.component.ts","41","ui-angular/src/lib/components/bmb-container-button/bmb-container-button-complex-alternative/bmb-container-button-complex-alternative.stories.ts:39",""
"BmbContainerButtonComplexAlternativeComponent","subtitle","Sets the subtitle of container button.","Componente","bmb-container-button-complex-alternative","subtitle","string","No","''","input","Biblioteca","No","No","ui-angular/src/lib/components/bmb-container-button/bmb-container-button-complex-alternative/bmb-container-button-complex-alternative.component.ts","42","ui-angular/src/lib/components/bmb-container-button/bmb-container-button-complex-alternative/bmb-container-button-complex-alternative.stories.ts:40",""
"BmbContainerButtonComplexAlternativeComponent","leftIconName","Sets the name of the icon to be displayed.

> [!CALLOUT]
⚙️**Configuration**

>Please refer to [Google Fonts](https://fonts.google.com/icons?icon.size=24&icon.color=%23e8eaed&icon.style=Rounded&icon.set=Material+Symbols) for more icons and make sure that you have selected the filters:
- Fill
- Style:
 - Material Symbols
 - Rounded

‼️These filters are important to ensure that you are choosing an icon that meets the guidelines of ***Bamboo***‼️.

> [!NOTE]
✳️**Note**

>Images are also supported; instead of the icon name, enter the URL or path of the image to use.

> [!WARNING]
⚠️**Warning**

>Please remember that images need an *alt* to be accessible.
Look for the property to set the alt, if it does not exist in the component it is because the component implements it internally.","Componente","bmb-container-button-complex-alternative","leftIconName","string","Sí","Sin valor predeterminado (requerido)","input.required","Biblioteca","No","No","ui-angular/src/lib/components/bmb-container-button/bmb-container-button-complex-alternative/bmb-container-button-complex-alternative.component.ts","43","ui-angular/src/lib/components/bmb-container-button/bmb-container-button-complex-alternative/bmb-container-button-complex-alternative.stories.ts:41",""
"BmbContainerButtonComplexAlternativeComponent","iconImageAlt","Sets the alternative text of the images. It is an essential part of making content accessible.

Refer [here](https://www.w3.org/WAI/alt/) for more information.","Componente","bmb-container-button-complex-alternative","iconImageAlt","string","No","''","input","Biblioteca","No","No","ui-angular/src/lib/components/bmb-container-button/bmb-container-button-complex-alternative/bmb-container-button-complex-alternative.component.ts","44","ui-angular/src/lib/components/bmb-container-button/bmb-container-button-complex-alternative/bmb-container-button-complex-alternative.stories.ts:51",""
"BmbContainerButtonComplexAlternativeComponent","leftIconBoxColor","Sets the appearance of the box color of the left icon, affecting its visual style.","Componente","bmb-container-button-complex-alternative","leftIconBoxColor","| IBmbBaseColors | IBmbmitecBaseColors | IBmbCreativeBaseColors | IBmbSemanticBaseColors | IBmbSemanticColors | IBmbMitecInstitutionalColors | IBmbCreativeUseColors | IBmbAlertColors","No","undefined","input","Biblioteca","No","No","ui-angular/src/lib/components/bmb-container-button/bmb-container-button-complex-alternative/bmb-container-button-complex-alternative.component.ts","45","ui-angular/src/lib/components/bmb-container-button/bmb-container-button-complex-alternative/bmb-container-button-complex-alternative.stories.ts:52",""
"BmbContainerButtonComplexAlternativeComponent","isDisabled","Disables the element when true, making it non-interactive and cannot be clicked.

This is useful for conditions where user interaction should be restricted.","Componente","bmb-container-button-complex-alternative","isDisabled","boolean","No","false","input","Biblioteca","No","No","ui-angular/src/lib/components/bmb-container-button/bmb-container-button-complex-alternative/bmb-container-button-complex-alternative.component.ts","55","ui-angular/src/lib/components/bmb-container-button/bmb-container-button-complex-alternative/bmb-container-button-complex-alternative.stories.ts:61",""
"BmbContainerButtonComplexAlternativeComponent","isError","Sets the the error state of container button when true.","Componente","bmb-container-button-complex-alternative","isError","boolean","No","false","input","Biblioteca","No","No","ui-angular/src/lib/components/bmb-container-button/bmb-container-button-complex-alternative/bmb-container-button-complex-alternative.component.ts","56","ui-angular/src/lib/components/bmb-container-button/bmb-container-button-complex-alternative/bmb-container-button-complex-alternative.stories.ts:62",""
"BmbContainerButtonComplexAlternativeComponent","isBookmarkActive","Sets the book mark when true.","Componente","bmb-container-button-complex-alternative","isBookmarkActive","boolean","No","false","model","Biblioteca","No","No","ui-angular/src/lib/components/bmb-container-button/bmb-container-button-complex-alternative/bmb-container-button-complex-alternative.component.ts","57","ui-angular/src/lib/components/bmb-container-button/bmb-container-button-complex-alternative/bmb-container-button-complex-alternative.stories.ts:57",""
"BmbContainerButtonComplexComponent","componentTitle","Sets the title of container button.","Componente","bmb-container-button-complex","componentTitle","string","Sí","Sin valor predeterminado (requerido)","input.required","Biblioteca","No","No","ui-angular/src/lib/components/bmb-container-button/bmb-container-button-complex/bmb-container-button-complex.component.ts","30","ui-angular/src/lib/components/bmb-container-button/bmb-container-button-complex/bmb-container-button-complex.stories.ts:32",""
"BmbContainerButtonComplexComponent","subtitle","Sets the subtitle of container button.","Componente","bmb-container-button-complex","subtitle","string","No","''","input","Biblioteca","No","No","ui-angular/src/lib/components/bmb-container-button/bmb-container-button-complex/bmb-container-button-complex.component.ts","31","ui-angular/src/lib/components/bmb-container-button/bmb-container-button-complex/bmb-container-button-complex.stories.ts:33",""
"BmbContainerButtonComplexComponent","leftIconName","Sets the name of the icon to be displayed.

> [!CALLOUT]
⚙️**Configuration**

>Please refer to [Google Fonts](https://fonts.google.com/icons?icon.size=24&icon.color=%23e8eaed&icon.style=Rounded&icon.set=Material+Symbols) for more icons and make sure that you have selected the filters:
- Fill
- Style:
 - Material Symbols
 - Rounded

‼️These filters are important to ensure that you are choosing an icon that meets the guidelines of ***Bamboo***‼️.

> [!NOTE]
✳️**Note**

>Images are also supported; instead of the icon name, enter the URL or path of the image to use.

> [!WARNING]
⚠️**Warning**

>Please remember that images need an *alt* to be accessible.
Look for the property to set the alt, if it does not exist in the component it is because the component implements it internally.","Componente","bmb-container-button-complex","leftIconName","string","Sí","Sin valor predeterminado (requerido)","input.required","Biblioteca","No","No","ui-angular/src/lib/components/bmb-container-button/bmb-container-button-complex/bmb-container-button-complex.component.ts","32","ui-angular/src/lib/components/bmb-container-button/bmb-container-button-complex/bmb-container-button-complex.stories.ts:34",""
"BmbContainerButtonComplexComponent","iconImageAlt","Sets the alternative text of the images. It is an essential part of making content accessible.

Refer [here](https://www.w3.org/WAI/alt/) for more information.","Componente","bmb-container-button-complex","iconImageAlt","string","No","''","input","Biblioteca","No","No","ui-angular/src/lib/components/bmb-container-button/bmb-container-button-complex/bmb-container-button-complex.component.ts","33","ui-angular/src/lib/components/bmb-container-button/bmb-container-button-complex/bmb-container-button-complex.stories.ts:44",""
"BmbContainerButtonComplexComponent","actionIconName","Sets the name of the icon to be displayed.

> [!CALLOUT]
⚙️**Configuration**

>Please refer to [Google Fonts](https://fonts.google.com/icons?icon.size=24&icon.color=%23e8eaed&icon.style=Rounded&icon.set=Material+Symbols) for more icons and make sure that you have selected the filters:
- Fill
- Style:
 - Material Symbols
 - Rounded

‼️These filters are important to ensure that you are choosing an icon that meets the guidelines of ***Bamboo***‼️.

> [!NOTE]
✳️**Note**

>Images are also supported; instead of the icon name, enter the URL or path of the image to use.

> [!WARNING]
⚠️**Warning**

>Please remember that images need an *alt* to be accessible.
Look for the property to set the alt, if it does not exist in the component it is because the component implements it internally.

This icon will be show at the right of the container button.","Componente","bmb-container-button-complex","actionIconName","string","Sí","Sin valor predeterminado (requerido)","input.required","Biblioteca","No","No","ui-angular/src/lib/components/bmb-container-button/bmb-container-button-complex/bmb-container-button-complex.component.ts","34","ui-angular/src/lib/components/bmb-container-button/bmb-container-button-complex/bmb-container-button-complex.stories.ts:45",""
"BmbContainerButtonComplexComponent","actionIconImageAlt","Sets the alternative text of the images. It is an essential part of making content accessible.

Refer [here](https://www.w3.org/WAI/alt/) for more information.","Componente","bmb-container-button-complex","actionIconImageAlt","string","No","''","input","Biblioteca","No","No","ui-angular/src/lib/components/bmb-container-button/bmb-container-button-complex/bmb-container-button-complex.component.ts","35","ui-angular/src/lib/components/bmb-container-button/bmb-container-button-complex/bmb-container-button-complex.stories.ts:57",""
"BmbContainerButtonComplexComponent","isDisabled","Disables the element when true, making it non-interactive and cannot be clicked.

This is useful for conditions where user interaction should be restricted.","Componente","bmb-container-button-complex","isDisabled","boolean","No","false","input","Biblioteca","No","No","ui-angular/src/lib/components/bmb-container-button/bmb-container-button-complex/bmb-container-button-complex.component.ts","36","ui-angular/src/lib/components/bmb-container-button/bmb-container-button-complex/bmb-container-button-complex.stories.ts:58",""
"BmbContainerButtonComplexComponent","isError","Sets the the error state of container button when true.","Componente","bmb-container-button-complex","isError","boolean","No","false","input","Biblioteca","No","No","ui-angular/src/lib/components/bmb-container-button/bmb-container-button-complex/bmb-container-button-complex.component.ts","37","ui-angular/src/lib/components/bmb-container-button/bmb-container-button-complex/bmb-container-button-complex.stories.ts:59",""
"BmbContainerButtonComponent","componentTitle","The title of the button container.","Componente","bmb-container-button","componentTitle","string","No","undefined","input","Biblioteca","No","No","ui-angular/src/lib/components/bmb-container-button/bmb-container-button.component.ts","58","ui-angular/src/lib/components/bmb-container-button/bmb-container-button.stories.ts:80",""
"BmbContainerButtonComponent","score","The score number of the button container. Do not use the iconLeft property if you want to use score.","Componente","bmb-container-button","score","string","No","''","input","Biblioteca","No","No","ui-angular/src/lib/components/bmb-container-button/bmb-container-button.component.ts","59","ui-angular/src/lib/components/bmb-container-button/bmb-container-button.stories.ts:116",""
"BmbContainerButtonComponent","square","When set to true, the container button will change the appearance. Please not use grade property if you are using square and iconLeft properties.","Componente","bmb-container-button","square","boolean","No","undefined","input","Biblioteca","No","No","ui-angular/src/lib/components/bmb-container-button/bmb-container-button.component.ts","60","ui-angular/src/lib/components/bmb-container-button/bmb-container-button.stories.ts:128",""
"BmbContainerButtonComponent","small","When set to true, the container button will be small (160x80 pixels) and only show the icon/grade and title.","Componente","bmb-container-button","small","boolean","No","undefined","input","Biblioteca","No","No","ui-angular/src/lib/components/bmb-container-button/bmb-container-button.component.ts","61","ui-angular/src/lib/components/bmb-container-button/bmb-container-button.stories.ts:138",""
"BmbContainerButtonComponent","target","Sets the target property for the link. Refer to [here](https://developer.mozilla.org/en-US/docs/Web/HTML/Element/a) for more information.","Componente","bmb-container-button","target","IBmbTargetLink","No","'_blank'","input","Biblioteca","No","No","ui-angular/src/lib/components/bmb-container-button/bmb-container-button.component.ts","62","ui-angular/src/lib/components/bmb-container-button/bmb-container-button.stories.ts:103",""
"BmbContainerButtonComponent","link","Sets the link for redirection to another or same page. If this property is empty it will emit the button event.","Componente","bmb-container-button","link","string","No","''","input","Biblioteca","No","No","ui-angular/src/lib/components/bmb-container-button/bmb-container-button.component.ts","63","ui-angular/src/lib/components/bmb-container-button/bmb-container-button.stories.ts:102",""
"BmbContainerButtonComponent","subtitle","The subtitle of the button container.","Componente","bmb-container-button","subtitle","string","No","''","input","Biblioteca","No","No","ui-angular/src/lib/components/bmb-container-button/bmb-container-button.component.ts","64","ui-angular/src/lib/components/bmb-container-button/bmb-container-button.stories.ts:91",""
"BmbContainerButtonComponent","iconLeft","Sets the name of the icon to be displayed.

> [!CALLOUT]
⚙️**Configuration**

>Please refer to [Google Fonts](https://fonts.google.com/icons?icon.size=24&icon.color=%23e8eaed&icon.style=Rounded&icon.set=Material+Symbols) for more icons and make sure that you have selected the filters:
- Fill
- Style:
 - Material Symbols
 - Rounded

‼️These filters are important to ensure that you are choosing an icon that meets the guidelines of ***Bamboo***‼️.

> [!NOTE]
✳️**Note**

>Images are also supported; instead of the icon name, enter the URL or path of the image to use.

> [!WARNING]
⚠️**Warning**

>Please remember that images need an *alt* to be accessible.
Look for the property to set the alt, if it does not exist in the component it is because the component implements it internally.","Componente","bmb-container-button","iconLeft","string","No","''","input","Biblioteca","No","No","ui-angular/src/lib/components/bmb-container-button/bmb-container-button.component.ts","65","ui-angular/src/lib/components/bmb-container-button/bmb-container-button.stories.ts:104",""
"BmbContainerButtonComponent","isUserImage","When set to true, the container button will display a user image for the left icon.","Componente","bmb-container-button","isUserImage","boolean","No","false","input","Biblioteca","No","No","ui-angular/src/lib/components/bmb-container-button/bmb-container-button.component.ts","66","ui-angular/src/lib/components/bmb-container-button/bmb-container-button.stories.ts:105",""
"BmbContainerButtonComponent","iconRight","Sets the name of the icon to be displayed.

> [!CALLOUT]
⚙️**Configuration**

>Please refer to [Google Fonts](https://fonts.google.com/icons?icon.size=24&icon.color=%23e8eaed&icon.style=Rounded&icon.set=Material+Symbols) for more icons and make sure that you have selected the filters:
- Fill
- Style:
 - Material Symbols
 - Rounded

‼️These filters are important to ensure that you are choosing an icon that meets the guidelines of ***Bamboo***‼️.

> [!NOTE]
✳️**Note**

>Images are also supported; instead of the icon name, enter the URL or path of the image to use.

> [!WARNING]
⚠️**Warning**

>Please remember that images need an *alt* to be accessible.
Look for the property to set the alt, if it does not exist in the component it is because the component implements it internally.","Componente","bmb-container-button","iconRight","string","No","''","input","Biblioteca","No","No","ui-angular/src/lib/components/bmb-container-button/bmb-container-button.component.ts","67","ui-angular/src/lib/components/bmb-container-button/bmb-container-button.stories.ts:115",""
"BmbContainerButtonComponent","badgeText","The text of the badge. The width will increase depending on the length of the text.","Componente","bmb-container-button","badgeText","string","No","''","input","Biblioteca","No","No","ui-angular/src/lib/components/bmb-container-button/bmb-container-button.component.ts","68","ui-angular/src/lib/components/bmb-container-button/bmb-container-button.stories.ts:165",""
"BmbContainerButtonComponent","badgeAppearance","Sets the appearance of the badge, affecting its visual style.","Componente","bmb-container-button","badgeAppearance","IBbmBgAppearance","No","'normal'","input","Biblioteca","No","No","ui-angular/src/lib/components/bmb-container-button/bmb-container-button.component.ts","69","ui-angular/src/lib/components/bmb-container-button/bmb-container-button.stories.ts:177",""
"BmbContainerButtonComponent","state","The state of the button: disabled or error.","Componente","bmb-container-button","state","'disabled' | 'error'","No","undefined","input","Biblioteca","No","No","ui-angular/src/lib/components/bmb-container-button/bmb-container-button.component.ts","70","ui-angular/src/lib/components/bmb-container-button/bmb-container-button.stories.ts:148",""
"BmbContainerButtonComponent","alternative","If true, applies the alternative styles to the button.","Componente","bmb-container-button","alternative","boolean","No","false","input","Biblioteca","No","No","ui-angular/src/lib/components/bmb-container-button/bmb-container-button.component.ts","71","ui-angular/src/lib/components/bmb-container-button/bmb-container-button.stories.ts:157",""
"BmbContainerButtonComponent","enableSecondaryAction","When set to true, it will enable the secondary action button. The secondary action button will be displayed on the right side of the button.","Componente","bmb-container-button","enableSecondaryAction","boolean","No","false","input","Biblioteca","No","No","ui-angular/src/lib/components/bmb-container-button/bmb-container-button.component.ts","72","ui-angular/src/lib/components/bmb-container-button/bmb-container-button.stories.ts:178",""
"BmbContainerButtonComponent","enableBookmark","When set to true, it will enable the bookmark button. The bookmark button will be displayed on the right side of the button.","Componente","bmb-container-button","enableBookmark","boolean","No","false","input","Biblioteca","No","No","ui-angular/src/lib/components/bmb-container-button/bmb-container-button.component.ts","73","ui-angular/src/lib/components/bmb-container-button/bmb-container-button.stories.ts:188",""
"BmbContainerButtonComponent","isBookmarkActive","When set to true, the bookmark button will be active.","Componente","bmb-container-button","isBookmarkActive","boolean","No","false","model","Biblioteca","No","No","ui-angular/src/lib/components/bmb-container-button/bmb-container-button.component.ts","74","ui-angular/src/lib/components/bmb-container-button/bmb-container-button.stories.ts:198",""
"BmbContainerButtonComponent","dropdownMenuItems","Sets the data to be displayed in the dropdown menu.

It is an array of objects representing menu items, providing additional actions or navigation options within the card button.

Each object in the array should contain the following properties:

- `icon`: (string) The name of the icon displayed next to the menu item text.

- `text`: (string) The text label for the menu item.

- `url`: (optional, string) The URL to navigate to when the menu item is clicked.

- `target`: (optional, string) Specifies where to display the linked URL (e.g., `_self`, `_blank`).

- `action`: (optional, function) A custom function executed when the menu item is clicked, this event is only emitted if the *link* property is empty. This is useful for triggering specific behaviors or events.","Componente","bmb-container-button","dropdownMenuItems","IDropdownItem[]","No","[]","input","Biblioteca","No","No","ui-angular/src/lib/components/bmb-container-button/bmb-container-button.component.ts","75","ui-angular/src/lib/components/bmb-container-button/bmb-container-button.stories.ts:212",""
"BmbContainerButtonComponent","alternativeTextRightIcon","The alternative text for the right icon. It is used for accessibility purposes and will be read by screen readers. It is recommended to provide an alternative text that describes the function of the icon, especially if the icon does not have a clear meaning on its own.","Componente","bmb-container-button","alternativeTextRightIcon","string","No","''","input","Biblioteca","No","No","ui-angular/src/lib/components/bmb-container-button/bmb-container-button.component.ts","76","ui-angular/src/lib/components/bmb-container-button/bmb-container-button.stories.ts:223",""
"BmbContainerButtonComponent","title","Please use `componentTitle` instead of `title` to set the component title.","Componente","bmb-container-button","title","string","No","undefined","input","Biblioteca","No","Sí","ui-angular/src/lib/components/bmb-container-button/bmb-container-button.component.ts","78","ui-angular/src/lib/components/bmb-container-button/bmb-container-button.stories.ts:213",""
"BmbContainerButtonDefaultComponent","componentTitle","Sets the title of container button.","Componente","bmb-container-button-default","componentTitle","string","Sí","Sin valor predeterminado (requerido)","input.required","Biblioteca","No","No","ui-angular/src/lib/components/bmb-container-button/bmb-container-button-default/bmb-container-button-default.component.ts","29","ui-angular/src/lib/components/bmb-container-button/bmb-container-button-default/bmb-container-button-default.stories.ts:33",""
"BmbContainerButtonDefaultComponent","subtitle","Sets the subtitle of container button.","Componente","bmb-container-button-default","subtitle","string","No","''","input","Biblioteca","No","No","ui-angular/src/lib/components/bmb-container-button/bmb-container-button-default/bmb-container-button-default.component.ts","30","ui-angular/src/lib/components/bmb-container-button/bmb-container-button-default/bmb-container-button-default.stories.ts:34",""
"BmbContainerButtonDefaultComponent","leftIconName","Sets the name of the icon to be displayed.

> [!CALLOUT]
⚙️**Configuration**

>Please refer to [Google Fonts](https://fonts.google.com/icons?icon.size=24&icon.color=%23e8eaed&icon.style=Rounded&icon.set=Material+Symbols) for more icons and make sure that you have selected the filters:
- Fill
- Style:
 - Material Symbols
 - Rounded

‼️These filters are important to ensure that you are choosing an icon that meets the guidelines of ***Bamboo***‼️.

> [!NOTE]
✳️**Note**

>Images are also supported; instead of the icon name, enter the URL or path of the image to use.

> [!WARNING]
⚠️**Warning**

>Please remember that images need an *alt* to be accessible.
Look for the property to set the alt, if it does not exist in the component it is because the component implements it internally.","Componente","bmb-container-button-default","leftIconName","string","No","''","input","Biblioteca","No","No","ui-angular/src/lib/components/bmb-container-button/bmb-container-button-default/bmb-container-button-default.component.ts","31","ui-angular/src/lib/components/bmb-container-button/bmb-container-button-default/bmb-container-button-default.stories.ts:35",""
"BmbContainerButtonDefaultComponent","iconImageAlt","Sets the alternative text of the images. It is an essential part of making content accessible.

Refer [here](https://www.w3.org/WAI/alt/) for more information.","Componente","bmb-container-button-default","iconImageAlt","string","No","''","input","Biblioteca","No","No","ui-angular/src/lib/components/bmb-container-button/bmb-container-button-default/bmb-container-button-default.component.ts","32","ui-angular/src/lib/components/bmb-container-button/bmb-container-button-default/bmb-container-button-default.stories.ts:36",""
"BmbContainerButtonDefaultComponent","hideChevron","Sets the right chevron hide when true.","Componente","bmb-container-button-default","hideChevron","boolean","No","false","input","Biblioteca","No","No","ui-angular/src/lib/components/bmb-container-button/bmb-container-button-default/bmb-container-button-default.component.ts","33","ui-angular/src/lib/components/bmb-container-button/bmb-container-button-default/bmb-container-button-default.stories.ts:37",""
"BmbContainerButtonDefaultComponent","isDisabled","Disables the element when true, making it non-interactive and cannot be clicked.

This is useful for conditions where user interaction should be restricted.","Componente","bmb-container-button-default","isDisabled","boolean","No","false","input","Biblioteca","No","No","ui-angular/src/lib/components/bmb-container-button/bmb-container-button-default/bmb-container-button-default.component.ts","34","ui-angular/src/lib/components/bmb-container-button/bmb-container-button-default/bmb-container-button-default.stories.ts:41",""
"BmbContainerButtonDefaultComponent","isError","Sets the the error state of container button when true.","Componente","bmb-container-button-default","isError","boolean","No","false","input","Biblioteca","No","No","ui-angular/src/lib/components/bmb-container-button/bmb-container-button-default/bmb-container-button-default.component.ts","35","ui-angular/src/lib/components/bmb-container-button/bmb-container-button-default/bmb-container-button-default.stories.ts:42",""
"BmbContainerButtonGradeComponent","componentTitle","Sets the title of container button.","Componente","bmb-container-button-grade","componentTitle","string","Sí","Sin valor predeterminado (requerido)","input.required","Biblioteca","No","No","ui-angular/src/lib/components/bmb-container-button/bmb-container-button-grade/bmb-container-button-grade.component.ts","30","ui-angular/src/lib/components/bmb-container-button/bmb-container-button-grade/bmb-container-button-grade.stories.ts:32",""
"BmbContainerButtonGradeComponent","subtitle","Sets the subtitle of container button.","Componente","bmb-container-button-grade","subtitle","string","No","''","input","Biblioteca","No","No","ui-angular/src/lib/components/bmb-container-button/bmb-container-button-grade/bmb-container-button-grade.component.ts","31","ui-angular/src/lib/components/bmb-container-button/bmb-container-button-grade/bmb-container-button-grade.stories.ts:33",""
"BmbContainerButtonGradeComponent","score","Sets the number or text to display as score. The value can be a number or a string with a maximum of 4 characters.","Componente","bmb-container-button-grade","score","number | string","Sí","Sin valor predeterminado (requerido)","input.required","Biblioteca","No","No","ui-angular/src/lib/components/bmb-container-button/bmb-container-button-grade/bmb-container-button-grade.component.ts","32","ui-angular/src/lib/components/bmb-container-button/bmb-container-button-grade/bmb-container-button-grade.stories.ts:34",""
"BmbContainerButtonGradeComponent","rightIconName","Sets the name of the icon to be displayed.

> [!CALLOUT]
⚙️**Configuration**

>Please refer to [Google Fonts](https://fonts.google.com/icons?icon.size=24&icon.color=%23e8eaed&icon.style=Rounded&icon.set=Material+Symbols) for more icons and make sure that you have selected the filters:
- Fill
- Style:
 - Material Symbols
 - Rounded

‼️These filters are important to ensure that you are choosing an icon that meets the guidelines of ***Bamboo***‼️.

> [!NOTE]
✳️**Note**

>Images are also supported; instead of the icon name, enter the URL or path of the image to use.

> [!WARNING]
⚠️**Warning**

>Please remember that images need an *alt* to be accessible.
Look for the property to set the alt, if it does not exist in the component it is because the component implements it internally.

This icon will be show at the right of the container button.","Componente","bmb-container-button-grade","rightIconName","string","Sí","Sin valor predeterminado (requerido)","input.required","Biblioteca","No","No","ui-angular/src/lib/components/bmb-container-button/bmb-container-button-grade/bmb-container-button-grade.component.ts","33","ui-angular/src/lib/components/bmb-container-button/bmb-container-button-grade/bmb-container-button-grade.stories.ts:44",""
"BmbContainerButtonGradeComponent","iconImageAlt","Sets the alternative text of the images. It is an essential part of making content accessible.

Refer [here](https://www.w3.org/WAI/alt/) for more information.","Componente","bmb-container-button-grade","iconImageAlt","string","No","''","input","Biblioteca","No","No","ui-angular/src/lib/components/bmb-container-button/bmb-container-button-grade/bmb-container-button-grade.component.ts","34","ui-angular/src/lib/components/bmb-container-button/bmb-container-button-grade/bmb-container-button-grade.stories.ts:56",""
"BmbContainerButtonGradeComponent","isDisabled","Disables the element when true, making it non-interactive and cannot be clicked.

This is useful for conditions where user interaction should be restricted.","Componente","bmb-container-button-grade","isDisabled","boolean","No","false","input","Biblioteca","No","No","ui-angular/src/lib/components/bmb-container-button/bmb-container-button-grade/bmb-container-button-grade.component.ts","35","ui-angular/src/lib/components/bmb-container-button/bmb-container-button-grade/bmb-container-button-grade.stories.ts:57",""
"BmbContainerButtonGradeComponent","isError","Sets the the error state of container button when true.","Componente","bmb-container-button-grade","isError","boolean","No","false","input","Biblioteca","No","No","ui-angular/src/lib/components/bmb-container-button/bmb-container-button-grade/bmb-container-button-grade.component.ts","36","ui-angular/src/lib/components/bmb-container-button/bmb-container-button-grade/bmb-container-button-grade.stories.ts:58",""
"BmbContainerButtonSquareComponent","componentTitle","Sets the title of container button.","Componente","bmb-container-button-square","componentTitle","string","Sí","Sin valor predeterminado (requerido)","input.required","Biblioteca","No","No","ui-angular/src/lib/components/bmb-container-button/bmb-container-button-square/bmb-container-button-square.component.ts","28","ui-angular/src/lib/components/bmb-container-button/bmb-container-button-square/bmb-container-button-square.stories.ts:32",""
"BmbContainerButtonSquareComponent","subtitle","Sets the subtitle of container button.","Componente","bmb-container-button-square","subtitle","string","No","''","input","Biblioteca","No","No","ui-angular/src/lib/components/bmb-container-button/bmb-container-button-square/bmb-container-button-square.component.ts","29","ui-angular/src/lib/components/bmb-container-button/bmb-container-button-square/bmb-container-button-square.stories.ts:33",""
"BmbContainerButtonSquareComponent","iconName","Sets the name of the icon to be displayed.

> [!CALLOUT]
⚙️**Configuration**

>Please refer to [Google Fonts](https://fonts.google.com/icons?icon.size=24&icon.color=%23e8eaed&icon.style=Rounded&icon.set=Material+Symbols) for more icons and make sure that you have selected the filters:
- Fill
- Style:
 - Material Symbols
 - Rounded

‼️These filters are important to ensure that you are choosing an icon that meets the guidelines of ***Bamboo***‼️.

> [!NOTE]
✳️**Note**

>Images are also supported; instead of the icon name, enter the URL or path of the image to use.

> [!WARNING]
⚠️**Warning**

>Please remember that images need an *alt* to be accessible.
Look for the property to set the alt, if it does not exist in the component it is because the component implements it internally.","Componente","bmb-container-button-square","iconName","string","Sí","Sin valor predeterminado (requerido)","input.required","Biblioteca","No","No","ui-angular/src/lib/components/bmb-container-button/bmb-container-button-square/bmb-container-button-square.component.ts","30","ui-angular/src/lib/components/bmb-container-button/bmb-container-button-square/bmb-container-button-square.stories.ts:34",""
"BmbContainerButtonSquareComponent","iconImageAlt","Sets the alternative text of the images. It is an essential part of making content accessible.

Refer [here](https://www.w3.org/WAI/alt/) for more information.","Componente","bmb-container-button-square","iconImageAlt","string","No","''","input","Biblioteca","No","No","ui-angular/src/lib/components/bmb-container-button/bmb-container-button-square/bmb-container-button-square.component.ts","31","ui-angular/src/lib/components/bmb-container-button/bmb-container-button-square/bmb-container-button-square.stories.ts:35",""
"BmbContainerButtonSquareComponent","isDisabled","Disables the element when true, making it non-interactive and cannot be clicked.

This is useful for conditions where user interaction should be restricted.","Componente","bmb-container-button-square","isDisabled","boolean","No","false","input","Biblioteca","No","No","ui-angular/src/lib/components/bmb-container-button/bmb-container-button-square/bmb-container-button-square.component.ts","32","ui-angular/src/lib/components/bmb-container-button/bmb-container-button-square/bmb-container-button-square.stories.ts:36",""
"BmbContainerButtonSquareComponent","isError","Sets the the error state of container button when true.","Componente","bmb-container-button-square","isError","boolean","No","false","input","Biblioteca","No","No","ui-angular/src/lib/components/bmb-container-button/bmb-container-button-square/bmb-container-button-square.component.ts","33","ui-angular/src/lib/components/bmb-container-button/bmb-container-button-square/bmb-container-button-square.stories.ts:37",""
"BmbContainerButtonUserImageComponent","fullName","Sets the user full name of the container button.","Componente","bmb-container-button-user-image","fullName","string","Sí","Sin valor predeterminado (requerido)","input.required","Biblioteca","No","No","ui-angular/src/lib/components/bmb-container-button/bmb-container-button-user-image/bmb-container-button-user-image.component.ts","28","ui-angular/src/lib/components/bmb-container-button/bmb-container-button-user-image/bmb-container-button-user-image.stories.ts:34",""
"BmbContainerButtonUserImageComponent","email","Sets the user email of the container button.","Componente","bmb-container-button-user-image","email","string","No","''","input","Biblioteca","No","No","ui-angular/src/lib/components/bmb-container-button/bmb-container-button-user-image/bmb-container-button-user-image.component.ts","29","ui-angular/src/lib/components/bmb-container-button/bmb-container-button-user-image/bmb-container-button-user-image.stories.ts:37",""
"BmbContainerButtonUserImageComponent","avatarURL","Sets the source of the image to display, either from a path or a URL.","Componente","bmb-container-button-user-image","avatarURL","string","No","''","input","Biblioteca","No","No","ui-angular/src/lib/components/bmb-container-button/bmb-container-button-user-image/bmb-container-button-user-image.component.ts","30","ui-angular/src/lib/components/bmb-container-button/bmb-container-button-user-image/bmb-container-button-user-image.stories.ts:32",""
"BmbContainerButtonUserImageComponent","avatarAlt","Sets the alternative text of the images. It is an essential part of making content accessible.

Refer [here](https://www.w3.org/WAI/alt/) for more information.","Componente","bmb-container-button-user-image","avatarAlt","string","No","''","input","Biblioteca","No","No","ui-angular/src/lib/components/bmb-container-button/bmb-container-button-user-image/bmb-container-button-user-image.component.ts","31","ui-angular/src/lib/components/bmb-container-button/bmb-container-button-user-image/bmb-container-button-user-image.stories.ts:33",""
"BmbContainerButtonUserImageComponent","rightIconName","Sets the name of the icon to be displayed.

> [!CALLOUT]
⚙️**Configuration**

>Please refer to [Google Fonts](https://fonts.google.com/icons?icon.size=24&icon.color=%23e8eaed&icon.style=Rounded&icon.set=Material+Symbols) for more icons and make sure that you have selected the filters:
- Fill
- Style:
 - Material Symbols
 - Rounded

‼️These filters are important to ensure that you are choosing an icon that meets the guidelines of ***Bamboo***‼️.

> [!NOTE]
✳️**Note**

>Images are also supported; instead of the icon name, enter the URL or path of the image to use.

> [!WARNING]
⚠️**Warning**

>Please remember that images need an *alt* to be accessible.
Look for the property to set the alt, if it does not exist in the component it is because the component implements it internally.

This icon will be show at the right of the container button.","Componente","bmb-container-button-user-image","rightIconName","string","Sí","Sin valor predeterminado (requerido)","input.required","Biblioteca","No","No","ui-angular/src/lib/components/bmb-container-button/bmb-container-button-user-image/bmb-container-button-user-image.component.ts","32","ui-angular/src/lib/components/bmb-container-button/bmb-container-button-user-image/bmb-container-button-user-image.stories.ts:40",""
"BmbContainerButtonUserImageComponent","iconImageAlt","Sets the alternative text of the images. It is an essential part of making content accessible.

Refer [here](https://www.w3.org/WAI/alt/) for more information.","Componente","bmb-container-button-user-image","iconImageAlt","string","No","''","input","Biblioteca","No","No","ui-angular/src/lib/components/bmb-container-button/bmb-container-button-user-image/bmb-container-button-user-image.component.ts","33","ui-angular/src/lib/components/bmb-container-button/bmb-container-button-user-image/bmb-container-button-user-image.stories.ts:41",""
"BmbContainerButtonUserImageComponent","isDisabled","Disables the element when true, making it non-interactive and cannot be clicked.

This is useful for conditions where user interaction should be restricted.","Componente","bmb-container-button-user-image","isDisabled","boolean","No","false","input","Biblioteca","No","No","ui-angular/src/lib/components/bmb-container-button/bmb-container-button-user-image/bmb-container-button-user-image.component.ts","34","ui-angular/src/lib/components/bmb-container-button/bmb-container-button-user-image/bmb-container-button-user-image.stories.ts:42",""
"BmbContainerButtonUserImageComponent","isError","Sets the the error state of container button when true.","Componente","bmb-container-button-user-image","isError","boolean","No","false","input","Biblioteca","No","No","ui-angular/src/lib/components/bmb-container-button/bmb-container-button-user-image/bmb-container-button-user-image.component.ts","35","ui-angular/src/lib/components/bmb-container-button/bmb-container-button-user-image/bmb-container-button-user-image.stories.ts:43",""
"BmbContainerComponent","appearance","Sets the appearance of the container, affecting its visual style.","Componente","bmb-container","appearance","IBmbAppearanceType","No","'primary-container'","input","Biblioteca","No","No","ui-angular/src/lib/components/bmb-container/bmb-container.component.ts","25","ui-angular/src/lib/components/bmb-container/bmb-container.stories.ts:23",""
"BmbContainerComponent","isHidden","Hides the container when true. Determines whether the container is hidden.","Componente","bmb-container","isHidden","boolean","No","false","input","Biblioteca","No","No","ui-angular/src/lib/components/bmb-container/bmb-container.component.ts","26","ui-angular/src/lib/components/bmb-container/bmb-container.stories.ts:52",""
"BmbCustomIconsComponent","icon","Sin descripción documentada.","Componente","bmb-custom-icons","icon","BmbCustomIconListType","Sí","Sin valor predeterminado (requerido)","input.required","Biblioteca","No","No","ui-angular/src/lib/components/bmb-icon/bmb-custom-icons/bmb-custom-icons.component.ts","12","",""
"BmbCustomIconsComponent","size","Sin descripción documentada.","Componente","bmb-custom-icons","size","number | undefined","No","undefined","input","Biblioteca","No","No","ui-angular/src/lib/components/bmb-icon/bmb-custom-icons/bmb-custom-icons.component.ts","13","",""
"BmbCustomIconsComponent","testId","Sin descripción documentada.","Componente","bmb-custom-icons","testId","string","No","getUUID()","input","Biblioteca","No","No","ui-angular/src/lib/components/bmb-icon/bmb-custom-icons/bmb-custom-icons.component.ts","14","",""
"BmbDatepickerComponent","label","Sets the label associated with  field.

The label helps users understand the context of what the  field represents.

The label will be displayed above the  field.","Componente","bmb-datepicker","label","string","No","''","input","Biblioteca","No","No","ui-angular/src/lib/components/bmb-datepicker/bmb-datepicker.component.ts","63","ui-angular/src/lib/components/bmb-datepicker/bmb-datepicker.stories.ts:119",""
"BmbDatepickerComponent","icon","Sets the name of the icon to be displayed.

> [!CALLOUT]
⚙️**Configuration**

>Please refer to [Google Fonts](https://fonts.google.com/icons?icon.size=24&icon.color=%23e8eaed&icon.style=Rounded&icon.set=Material+Symbols) for more icons and make sure that you have selected the filters:
- Fill
- Style:
 - Material Symbols
 - Rounded

‼️These filters are important to ensure that you are choosing an icon that meets the guidelines of ***Bamboo***‼️.

> [!NOTE]
✳️**Note**

>Images are also supported; instead of the icon name, enter the URL or path of the image to use.

> [!WARNING]
⚠️**Warning**

>Please remember that images need an *alt* to be accessible.
Look for the property to set the alt, if it does not exist in the component it is because the component implements it internally.

The icon to display within the field.","Componente","bmb-datepicker","icon","string","No","'calendar_month'","input","Biblioteca","No","No","ui-angular/src/lib/components/bmb-datepicker/bmb-datepicker.component.ts","64","ui-angular/src/lib/components/bmb-datepicker/bmb-datepicker.stories.ts:99",""
"BmbDatepickerComponent","dateFormat","Sets the date format allowed for validation of entered data.","Componente","bmb-datepicker","dateFormat","string","No","'dd/MM/yyyy'","input","Biblioteca","No","No","ui-angular/src/lib/components/bmb-datepicker/bmb-datepicker.component.ts","65","ui-angular/src/lib/components/bmb-datepicker/bmb-datepicker.stories.ts:121",""
"BmbDatepickerComponent","invalidFormatErrorMessage","Sets an error message for format field validation","Componente","bmb-datepicker","invalidFormatErrorMessage","string","No","undefined","input","Biblioteca","No","No","ui-angular/src/lib/components/bmb-datepicker/bmb-datepicker.component.ts","66","ui-angular/src/lib/components/bmb-datepicker/bmb-datepicker.stories.ts:106",""
"BmbDatepickerComponent","requiredFieldErrorMessage","Sets an error message for required field validation","Componente","bmb-datepicker","requiredFieldErrorMessage","string","No","undefined","input","Biblioteca","No","No","ui-angular/src/lib/components/bmb-datepicker/bmb-datepicker.component.ts","67","ui-angular/src/lib/components/bmb-datepicker/bmb-datepicker.stories.ts:107",""
"BmbDatepickerComponent","disabled","Disables the field when true, making it non-interactive and cannot be clicked.

This is useful for conditions where user interaction should be restricted.

It will not be necessary to define disabled property on the `FormControl` instance, as long as this properties is correctly assigned of this field .","Componente","bmb-datepicker","disabled","boolean","No","false","input","Biblioteca","No","No","ui-angular/src/lib/components/bmb-datepicker/bmb-datepicker.component.ts","68","ui-angular/src/lib/components/bmb-datepicker/bmb-datepicker.stories.ts:118",""
"BmbDatepickerComponent","isRequired","Sets the field as required when true.

Specifies whether the field must be filled out before submitting the form.

This is commonly used to ensure that users do not skip mandatory choices in forms, enhancing data integrity and user interaction compliance.","Componente","bmb-datepicker","isRequired","boolean","No","false","input","Biblioteca","No","No","ui-angular/src/lib/components/bmb-datepicker/bmb-datepicker.component.ts","69","ui-angular/src/lib/components/bmb-datepicker/bmb-datepicker.stories.ts:108",""
"BmbDatepickerComponent","isClearable","Sets the skill to clear the contents of this field when true","Componente","bmb-datepicker","isClearable","boolean","No","false","input","Biblioteca","No","No","ui-angular/src/lib/components/bmb-datepicker/bmb-datepicker.component.ts","70","ui-angular/src/lib/components/bmb-datepicker/bmb-datepicker.stories.ts:120",""
"BmbDatepickerComponent","placeholder","Sets the text to be displayed as a placeholder within the field.","Componente","bmb-datepicker","placeholder","string","No","this.dateFormat()","input","Biblioteca","No","No","ui-angular/src/lib/components/bmb-datepicker/bmb-datepicker.component.ts","71","ui-angular/src/lib/components/bmb-datepicker/bmb-datepicker.stories.ts:109",""
"BmbDatepickerComponent","stepYearPicker","Sin descripción documentada.","Componente","bmb-datepicker","stepYearPicker","number","No","18","input","Biblioteca","No","No","ui-angular/src/lib/components/bmb-datepicker/bmb-datepicker.component.ts","72","",""
"BmbDatepickerComponent","name","Sets the field name.

ℹ️**Important**

This property is essential for correct behavior of the the `FormControl`.

If no name is assigned, a name will be added using `window.crypto.randomUUID()`","Componente","bmb-datepicker","name","string","No","getUUID()","input","Biblioteca","No","No","ui-angular/src/lib/components/bmb-datepicker/bmb-datepicker.component.ts","73","ui-angular/src/lib/components/bmb-datepicker/bmb-datepicker.stories.ts:122",""
"BmbDatepickerComponent","disableDatesBefore","Sets the date that indicates previous dates as disabled.

This date must have the same format as `dateFormat`.","Componente","bmb-datepicker","disableDatesBefore","string","No","''","input","Biblioteca","No","No","ui-angular/src/lib/components/bmb-datepicker/bmb-datepicker.component.ts","74","ui-angular/src/lib/components/bmb-datepicker/bmb-datepicker.stories.ts:123",""
"BmbDatepickerComponent","disableDatesAfter","Sets the date that indicates later dates as disabled.

This date must have the same format as `dateFormat`.","Componente","bmb-datepicker","disableDatesAfter","string","No","''","input","Biblioteca","No","No","ui-angular/src/lib/components/bmb-datepicker/bmb-datepicker.component.ts","75","ui-angular/src/lib/components/bmb-datepicker/bmb-datepicker.stories.ts:138",""
"BmbDatepickerComponent","helperMessage","Sets the text to be displayed as a supporting message below the field.","Componente","bmb-datepicker","helperMessage","string","No","this.dateFormat()","input","Biblioteca","No","No","ui-angular/src/lib/components/bmb-datepicker/bmb-datepicker.component.ts","76","ui-angular/src/lib/components/bmb-datepicker/bmb-datepicker.stories.ts:164",""
"BmbDatepickerComponent","value","Sets the value of the field.

This is the value that is taken when the form is submitted.

ℹ️**Important**

The value will not be necessary to define a value on the `FormControl` instance, as long as this properties is correctly assigned of this field .

✳️**Note**

The configuration implemented in the `FormControl` object will always be prioritized.

    formGroup: FormGroup = new FormGroup({
     fieldName: new FormControl('test'),
    });","Componente","bmb-datepicker","value","string","No","undefined","input","Biblioteca","No","No","ui-angular/src/lib/components/bmb-datepicker/bmb-datepicker.component.ts","77","ui-angular/src/lib/components/bmb-datepicker/bmb-datepicker.stories.ts:171",""
"BmbDatepickerComponent","customValidation","Sets custom validator function to the field.

Example of a `ValidatorFn`
    handleCustomValidator(): ValidatorFn {
      return (control: AbstractControl): ValidationErrors | null => {
        const { value } = control;
        if (!value) return null;

        if (value === 'value example') return { customValidation: true };

        return null;
      };
    }","Componente","bmb-datepicker","customValidation","ValidatorFn","No","undefined","input","Biblioteca","No","No","ui-angular/src/lib/components/bmb-datepicker/bmb-datepicker.component.ts","78","ui-angular/src/lib/components/bmb-datepicker/bmb-datepicker.stories.ts:175",""
"BmbDatepickerComponent","errorMessage","Sets the error message instance or required field message to display below the field when there is an error in it.

For fields that only require mandatory field validation, it is sufficient to assign a string.

In case the field needs more than one validation per field, it is recommended to instantiate the error specification.

Validations supported in instantiation:

- **required**: corresponds to the validation assigned to the `isRequired` property
- **min**: corresponds to the validation assigned to the `min` property, used for numeric fields
- **max**: corresponds to the validation assigned to the `max` property, used for numeric fields
- **minLength**: corresponds to the validation assigned to the `minlength` property, used for text and textarea fields
- **maxLength**: corresponds to the validation assigned to the `maxlength` property, used for text and textarea fields
- **pattern**: corresponds to the validation assigned to the `pattern` property
- **jsonFormat**: corresponds to the validation assigned to the `jsonFormat` property, used for textarea fields
- **customValidation**: corresponds to the validation assigned to the `customValidation` property

✳️**Note**

Default error messages will be displayed if this property is not assigned correctly.","Componente","bmb-datepicker","errorMessage","string | IBmbInputError","No","''","input","Biblioteca","No","No","ui-angular/src/lib/components/bmb-datepicker/bmb-datepicker.component.ts","79","ui-angular/src/lib/components/bmb-datepicker/bmb-datepicker.stories.ts:174",""
"BmbDatepickerComponent","inputId","Sets the unique identifier for the field.

This property is used to link the label to the field through the ***for*** attribute, improving accessibility and usability.","Componente","bmb-datepicker","inputId","string","No","this.name()","input","Biblioteca","No","No","ui-angular/src/lib/components/bmb-datepicker/bmb-datepicker.component.ts","80","ui-angular/src/lib/components/bmb-datepicker/bmb-datepicker.stories.ts:172",""
"BmbDatepickerComponent","tooltip","Sin descripción documentada.","Componente","bmb-datepicker","tooltip","string","No","''","input","Biblioteca","No","No","ui-angular/src/lib/components/bmb-datepicker/bmb-datepicker.component.ts","81","",""
"BmbDatepickerComponent","tooltipPosition","Sin descripción documentada.","Componente","bmb-datepicker","tooltipPosition","IBmbInputTooltipPosition","No","{ align: 'above', justify: 'before', }","input","Biblioteca","No","No","ui-angular/src/lib/components/bmb-datepicker/bmb-datepicker.component.ts","82","",""
"BmbDatepickerComponent","control","Sets the `FormControl` instance to manage the state of the field.

ℹ️**Important**

It is essential to assign the property `name` for correct behavior of the field.

It will not be necessary to define `Validators` in the `FormControl` instance, as long as the properties of this field are correctly assigned.

This component automatically implements the `Validators` on the following properties:

- **isRequired**: adds `Validators.required` to the `FormControl`
- **minlength**: adds `Validators.minLength` to the `FormControl`
- **maxlength**: adds `Validators.maxLength` to the `FormControl`
- **max**: adds `Validators.max` to the `FormControl`
- **min**: adds `Validators.min` to the `FormControl`
- **pattern**: adds `Validators.pattern` to the `FormControl`

In ***Bamboo***, it is possible to implement automatic field validation using the `bmb-form-validator` component.

The `bmb-form-validator` component contains the state of the form by collecting the form fields and adding them to a `FormGroup`.

Please check the ***Form validator*** documentation for details on how to implement `bmb-form-validator` component.

This documentation is displayed as a tab at the top.","Componente","bmb-datepicker","control","FormControl","No","newFormControlByType()","model","Biblioteca","No","No","ui-angular/src/lib/components/bmb-datepicker/bmb-datepicker.component.ts","86","ui-angular/src/lib/components/bmb-datepicker/bmb-datepicker.stories.ts:98",""
"BmbDatepickerModalComponent","isWindowOpen","Sin descripción documentada.","Componente","bmb-datepicker-modal","isWindowOpen","boolean","No","false","input","Biblioteca","No","No","ui-angular/src/lib/components/bmb-datepicker/bmb-datepicker-modal/bmb-datepicker-modal.component.ts","43","",""
"BmbDatepickerModalComponent","now","Sin descripción documentada.","Componente","bmb-datepicker-modal","now","DateTime","No","DateTime.now()","input","Biblioteca","No","No","ui-angular/src/lib/components/bmb-datepicker/bmb-datepicker-modal/bmb-datepicker-modal.component.ts","44","",""
"BmbDatepickerModalComponent","value","Sin descripción documentada.","Componente","bmb-datepicker-modal","value","string","No","''","input","Biblioteca","No","No","ui-angular/src/lib/components/bmb-datepicker/bmb-datepicker-modal/bmb-datepicker-modal.component.ts","45","",""
"BmbDatepickerModalComponent","dateFormat","Sin descripción documentada.","Componente","bmb-datepicker-modal","dateFormat","string","No","'dd/MM/yyyy'","input","Biblioteca","No","No","ui-angular/src/lib/components/bmb-datepicker/bmb-datepicker-modal/bmb-datepicker-modal.component.ts","46","",""
"BmbDatepickerModalComponent","stepYearPicker","Sin descripción documentada.","Componente","bmb-datepicker-modal","stepYearPicker","number","No","18","input","Biblioteca","No","No","ui-angular/src/lib/components/bmb-datepicker/bmb-datepicker-modal/bmb-datepicker-modal.component.ts","47","",""
"BmbDatepickerModalComponent","disableDatesBefore","Sin descripción documentada.","Componente","bmb-datepicker-modal","disableDatesBefore","DateTime | null","No","undefined","input","Biblioteca","No","No","ui-angular/src/lib/components/bmb-datepicker/bmb-datepicker-modal/bmb-datepicker-modal.component.ts","48","",""
"BmbDatepickerModalComponent","disableDatesAfter","Sin descripción documentada.","Componente","bmb-datepicker-modal","disableDatesAfter","DateTime | null","No","undefined","input","Biblioteca","No","No","ui-angular/src/lib/components/bmb-datepicker/bmb-datepicker-modal/bmb-datepicker-modal.component.ts","49","",""
"BmbDateRangeComponent","inputId","Sets the unique identifier for the field.

This property is used to link the label to the field through the ***for*** attribute, improving accessibility and usability.","Componente","bmb-date-range","inputId","string","No","getUUID()","input","Biblioteca","No","No","ui-angular/src/lib/components/bmb-date-range/bmb-date-range.component.ts","37","ui-angular/src/lib/components/bmb-date-range/bmb-date-range.component.stories.ts:193",""
"BmbDateRangeComponent","labelStartDate","Sets the label associated with  start date field.

The label helps users understand the context of what the  field represents.

The label will be displayed above the  field.","Componente","bmb-date-range","labelStartDate","string","No","''","input","Biblioteca","No","No","ui-angular/src/lib/components/bmb-date-range/bmb-date-range.component.ts","38","ui-angular/src/lib/components/bmb-date-range/bmb-date-range.component.stories.ts:81",""
"BmbDateRangeComponent","labelEndDate","Sets the label associated with  end date field.

The label helps users understand the context of what the  field represents.

The label will be displayed above the  field.","Componente","bmb-date-range","labelEndDate","string","No","''","input","Biblioteca","No","No","ui-angular/src/lib/components/bmb-date-range/bmb-date-range.component.ts","39","ui-angular/src/lib/components/bmb-date-range/bmb-date-range.component.stories.ts:88",""
"BmbDateRangeComponent","icon","Sets the name of the icon to be displayed.

> [!CALLOUT]
⚙️**Configuration**

>Please refer to [Google Fonts](https://fonts.google.com/icons?icon.size=24&icon.color=%23e8eaed&icon.style=Rounded&icon.set=Material+Symbols) for more icons and make sure that you have selected the filters:
- Fill
- Style:
 - Material Symbols
 - Rounded

‼️These filters are important to ensure that you are choosing an icon that meets the guidelines of ***Bamboo***‼️.

> [!NOTE]
✳️**Note**

>Images are also supported; instead of the icon name, enter the URL or path of the image to use.

> [!WARNING]
⚠️**Warning**

>Please remember that images need an *alt* to be accessible.
Look for the property to set the alt, if it does not exist in the component it is because the component implements it internally.

The icon to display within the field.","Componente","bmb-date-range","icon","string","No","'calendar_month'","input","Biblioteca","No","No","ui-angular/src/lib/components/bmb-date-range/bmb-date-range.component.ts","40","ui-angular/src/lib/components/bmb-date-range/bmb-date-range.component.stories.ts:121",""
"BmbDateRangeComponent","invalidFormatErrorMessage","Sets an error message for format field validation","Componente","bmb-date-range","invalidFormatErrorMessage","string","No","undefined","input","Biblioteca","No","No","ui-angular/src/lib/components/bmb-date-range/bmb-date-range.component.ts","41","ui-angular/src/lib/components/bmb-date-range/bmb-date-range.component.stories.ts:128",""
"BmbDateRangeComponent","requiredFieldErrorMessage","Sets an error message for required field validation","Componente","bmb-date-range","requiredFieldErrorMessage","string","No","undefined","input","Biblioteca","No","No","ui-angular/src/lib/components/bmb-date-range/bmb-date-range.component.ts","42","ui-angular/src/lib/components/bmb-date-range/bmb-date-range.component.stories.ts:129",""
"BmbDateRangeComponent","disabled","Disables the field when true, making it non-interactive and cannot be clicked.

This is useful for conditions where user interaction should be restricted.

It will not be necessary to define disabled property on the `FormControl` instance, as long as this properties is correctly assigned of this field .","Componente","bmb-date-range","disabled","boolean","No","false","input","Biblioteca","No","No","ui-angular/src/lib/components/bmb-date-range/bmb-date-range.component.ts","43","ui-angular/src/lib/components/bmb-date-range/bmb-date-range.component.stories.ts:130",""
"BmbDateRangeComponent","isRequired","Sets the field as required when true.

Specifies whether the field must be filled out before submitting the form.

This is commonly used to ensure that users do not skip mandatory choices in forms, enhancing data integrity and user interaction compliance.","Componente","bmb-date-range","isRequired","boolean","No","false","input","Biblioteca","No","No","ui-angular/src/lib/components/bmb-date-range/bmb-date-range.component.ts","44","ui-angular/src/lib/components/bmb-date-range/bmb-date-range.component.stories.ts:131",""
"BmbDateRangeComponent","isClearable","Sets the skill to clear the contents of this field when true","Componente","bmb-date-range","isClearable","boolean","No","false","input","Biblioteca","No","No","ui-angular/src/lib/components/bmb-date-range/bmb-date-range.component.ts","45","ui-angular/src/lib/components/bmb-date-range/bmb-date-range.component.stories.ts:132",""
"BmbDateRangeComponent","controlStart","Sets the `FormControl` instance to manage the state of the start date field.

The name of the `FormControl` must consist of the name assigned in the `name` property and must end with the word ***start***

**Example:**

- Name property in HTML: `name=""date_range""`
- FormControl instantiation in TypesScript: `date_range_start: new FormControl()`","Componente","bmb-date-range","controlStart","FormControl","No","newFormControlByType()","model","Biblioteca","No","No","ui-angular/src/lib/components/bmb-date-range/bmb-date-range.component.ts","46","ui-angular/src/lib/components/bmb-date-range/bmb-date-range.component.stories.ts:133",""
"BmbDateRangeComponent","controlEnd","Sets the `FormControl` instance to manage the state of the end date field.

The name of the `FormControl` must consist of the name assigned in the `name` property and must end with the word ***end***

**Example:**

- Name property in HTML: `name=""date_range""`
- FormControl instantiation in TypesScript: `date_range_end: new FormControl()`","Componente","bmb-date-range","controlEnd","FormControl","No","newFormControlByType()","model","Biblioteca","No","No","ui-angular/src/lib/components/bmb-date-range/bmb-date-range.component.ts","47","ui-angular/src/lib/components/bmb-date-range/bmb-date-range.component.stories.ts:159",""
"BmbDateRangeComponent","dateFormat","Sets the date format allowed for validation of entered data.","Componente","bmb-date-range","dateFormat","string","No","'dd/MM/yyyy'","input","Biblioteca","No","No","ui-angular/src/lib/components/bmb-date-range/bmb-date-range.component.ts","48","ui-angular/src/lib/components/bmb-date-range/bmb-date-range.component.stories.ts:179",""
"BmbDateRangeComponent","placeholderStartDate","Sets the text to be displayed as a placeholder within the start date field.","Componente","bmb-date-range","placeholderStartDate","string","No","this.dateFormat()","input","Biblioteca","No","No","ui-angular/src/lib/components/bmb-date-range/bmb-date-range.component.ts","49","ui-angular/src/lib/components/bmb-date-range/bmb-date-range.component.stories.ts:95",""
"BmbDateRangeComponent","placeholderEndDate","Sets the text to be displayed as a placeholder within the end date field.","Componente","bmb-date-range","placeholderEndDate","string","No","this.dateFormat()","input","Biblioteca","No","No","ui-angular/src/lib/components/bmb-date-range/bmb-date-range.component.ts","50","ui-angular/src/lib/components/bmb-date-range/bmb-date-range.component.stories.ts:108",""
"BmbDateRangeComponent","stepYearPicker","Sin descripción documentada.","Componente","bmb-date-range","stepYearPicker","number","No","12","input","Biblioteca","No","No","ui-angular/src/lib/components/bmb-date-range/bmb-date-range.component.ts","51","",""
"BmbDateRangeComponent","name","Sets the field name.

ℹ️**Important**

This property is essential for correct behavior of the the `FormControl`.

If no name is assigned, a name will be added using `window.crypto.randomUUID()`","Componente","bmb-date-range","name","string","No","getUUID()","input","Biblioteca","No","No","ui-angular/src/lib/components/bmb-date-range/bmb-date-range.component.ts","52","ui-angular/src/lib/components/bmb-date-range/bmb-date-range.component.stories.ts:180",""
"BmbDateRangeComponent","multipleRow","Sets the mobile version when true.","Componente","bmb-date-range","multipleRow","boolean","No","false","input","Biblioteca","No","No","ui-angular/src/lib/components/bmb-date-range/bmb-date-range.component.ts","53","ui-angular/src/lib/components/bmb-date-range/bmb-date-range.component.stories.ts:183",""
"BmbDateRangeComponent","customValidation","Sets custom validator function to the field.

Example of a `ValidatorFn`
    handleCustomValidator(): ValidatorFn {
      return (control: AbstractControl): ValidationErrors | null => {
        const { value } = control;
        if (!value) return null;

        if (value === 'value example') return { customValidation: true };

        return null;
      };
    }","Componente","bmb-date-range","customValidation","ValidatorFn","No","undefined","input","Biblioteca","No","No","ui-angular/src/lib/components/bmb-date-range/bmb-date-range.component.ts","54","ui-angular/src/lib/components/bmb-date-range/bmb-date-range.component.stories.ts:182",""
"BmbDateRangeComponent","errorMessage","Sets the error message instance or required field message to display below the field when there is an error in it.

For fields that only require mandatory field validation, it is sufficient to assign a string.

In case the field needs more than one validation per field, it is recommended to instantiate the error specification.

Validations supported in instantiation:

- **required**: corresponds to the validation assigned to the `isRequired` property
- **min**: corresponds to the validation assigned to the `min` property, used for numeric fields
- **max**: corresponds to the validation assigned to the `max` property, used for numeric fields
- **minLength**: corresponds to the validation assigned to the `minlength` property, used for text and textarea fields
- **maxLength**: corresponds to the validation assigned to the `maxlength` property, used for text and textarea fields
- **pattern**: corresponds to the validation assigned to the `pattern` property
- **jsonFormat**: corresponds to the validation assigned to the `jsonFormat` property, used for textarea fields
- **customValidation**: corresponds to the validation assigned to the `customValidation` property

✳️**Note**

Default error messages will be displayed if this property is not assigned correctly.","Componente","bmb-date-range","errorMessage","string | IBmbInputError","No","''","input","Biblioteca","No","No","ui-angular/src/lib/components/bmb-date-range/bmb-date-range.component.ts","55","ui-angular/src/lib/components/bmb-date-range/bmb-date-range.component.stories.ts:181",""
"BmbDateRangeComponent","disableDatesBefore","Sets the date that indicates previous dates as disabled.

This date must have the same format as `dateFormat`.","Componente","bmb-date-range","disableDatesBefore","string","No","''","input","Biblioteca","No","No","ui-angular/src/lib/components/bmb-date-range/bmb-date-range.component.ts","56","ui-angular/src/lib/components/bmb-date-range/bmb-date-range.component.stories.ts:194",""
"BmbDateRangeComponent","disableDatesAfter","Sets the date that indicates later dates as disabled.

This date must have the same format as `dateFormat`.","Componente","bmb-date-range","disableDatesAfter","string","No","''","input","Biblioteca","No","No","ui-angular/src/lib/components/bmb-date-range/bmb-date-range.component.ts","57","ui-angular/src/lib/components/bmb-date-range/bmb-date-range.component.stories.ts:209",""
"BmbDigitalIdComponent","name","Descripción no resuelta automáticamente; consultar la fuente de documentación.","Componente","bmb-digital-id","name","string","Sí","Sin valor predeterminado (requerido)","input.required","Biblioteca","No","No","ui-angular/src/lib/components/bmb-digital-id/bmb-digital-id.component.ts","36","ui-angular/src/lib/components/bmb-digital-id/bmb-digital-id.stories.ts:89",""
"BmbDigitalIdComponent","surname","Descripción no resuelta automáticamente; consultar la fuente de documentación.","Componente","bmb-digital-id","surname","string","Sí","Sin valor predeterminado (requerido)","input.required","Biblioteca","No","No","ui-angular/src/lib/components/bmb-digital-id/bmb-digital-id.component.ts","37","ui-angular/src/lib/components/bmb-digital-id/bmb-digital-id.stories.ts:90",""
"BmbDigitalIdComponent","registration","Descripción no resuelta automáticamente; consultar la fuente de documentación.","Componente","bmb-digital-id","registration","string","Sí","Sin valor predeterminado (requerido)","input.required","Biblioteca","No","No","ui-angular/src/lib/components/bmb-digital-id/bmb-digital-id.component.ts","38","ui-angular/src/lib/components/bmb-digital-id/bmb-digital-id.stories.ts:91",""
"BmbDigitalIdComponent","campus","Descripción no resuelta automáticamente; consultar la fuente de documentación.","Componente","bmb-digital-id","campus","string","Sí","Sin valor predeterminado (requerido)","input.required","Biblioteca","No","No","ui-angular/src/lib/components/bmb-digital-id/bmb-digital-id.component.ts","39","ui-angular/src/lib/components/bmb-digital-id/bmb-digital-id.stories.ts:92",""
"BmbDigitalIdComponent","career","Descripción no resuelta automáticamente; consultar la fuente de documentación.","Componente","bmb-digital-id","career","string","Sí","Sin valor predeterminado (requerido)","input.required","Biblioteca","No","No","ui-angular/src/lib/components/bmb-digital-id/bmb-digital-id.component.ts","40","ui-angular/src/lib/components/bmb-digital-id/bmb-digital-id.stories.ts:93",""
"BmbDigitalIdComponent","role","Descripción no resuelta automáticamente; consultar la fuente de documentación.","Componente","bmb-digital-id","role","string","Sí","Sin valor predeterminado (requerido)","input.required","Biblioteca","No","No","ui-angular/src/lib/components/bmb-digital-id/bmb-digital-id.component.ts","41","ui-angular/src/lib/components/bmb-digital-id/bmb-digital-id.stories.ts:94",""
"BmbDigitalIdComponent","textButton","Sets the access button label.","Componente","bmb-digital-id","textButton","string","No","undefined","input","Biblioteca","No","No","ui-angular/src/lib/components/bmb-digital-id/bmb-digital-id.component.ts","42","ui-angular/src/lib/components/bmb-digital-id/bmb-digital-id.stories.ts:95",""
"BmbDigitalIdComponent","icon","Sets the name of the icon to be displayed.

> [!CALLOUT]
⚙️**Configuration**

>Please refer to [Google Fonts](https://fonts.google.com/icons?icon.size=24&icon.color=%23e8eaed&icon.style=Rounded&icon.set=Material+Symbols) for more icons and make sure that you have selected the filters:
- Fill
- Style:
 - Material Symbols
 - Rounded

‼️These filters are important to ensure that you are choosing an icon that meets the guidelines of ***Bamboo***‼️.

> [!NOTE]
✳️**Note**

>Images are also supported; instead of the icon name, enter the URL or path of the image to use.

> [!WARNING]
⚠️**Warning**

>Please remember that images need an *alt* to be accessible.
Look for the property to set the alt, if it does not exist in the component it is because the component implements it internally.","Componente","bmb-digital-id","icon","string","No","'qr_code_scanner'","input","Biblioteca","No","No","ui-angular/src/lib/components/bmb-digital-id/bmb-digital-id.component.ts","43","ui-angular/src/lib/components/bmb-digital-id/bmb-digital-id.stories.ts:116",""
"BmbDigitalIdComponent","imgProfile","Sets the source of the image to display, either from a path or a URL.","Componente","bmb-digital-id","imgProfile","string","Sí","Sin valor predeterminado (requerido)","input.required","Biblioteca","No","No","ui-angular/src/lib/components/bmb-digital-id/bmb-digital-id.component.ts","44","ui-angular/src/lib/components/bmb-digital-id/bmb-digital-id.stories.ts:123",""
"BmbDigitalIdComponent","imgBackground","Sets the source of the image to display, either from a path or a URL.

This image will be shown as the background on the profile.","Componente","bmb-digital-id","imgBackground","string","Sí","Sin valor predeterminado (requerido)","input.required","Biblioteca","No","No","ui-angular/src/lib/components/bmb-digital-id/bmb-digital-id.component.ts","45","ui-angular/src/lib/components/bmb-digital-id/bmb-digital-id.stories.ts:133",""
"BmbDigitalIdComponent","secondaryTextButton","Sin descripción documentada.","Componente","bmb-digital-id","secondaryTextButton","string","No","undefined","input","Biblioteca","No","No","ui-angular/src/lib/components/bmb-digital-id/bmb-digital-id.component.ts","47","",""
"BmbDigitalIdComponent","secondaryIconButton","Sin descripción documentada.","Componente","bmb-digital-id","secondaryIconButton","string","No","'download_2'","input","Biblioteca","No","No","ui-angular/src/lib/components/bmb-digital-id/bmb-digital-id.component.ts","48","",""
"BmbDigitalIdComponent","disableSecondaryButton","Sets the disable the secondary button when true.","Componente","bmb-digital-id","disableSecondaryButton","boolean","No","false","input","Biblioteca","No","No","ui-angular/src/lib/components/bmb-digital-id/bmb-digital-id.component.ts","49","ui-angular/src/lib/components/bmb-digital-id/bmb-digital-id.stories.ts:146",""
"BmbDigitalIdComponent","disableMainButton","Sets the disable the main button when true.","Componente","bmb-digital-id","disableMainButton","boolean","No","false","input","Biblioteca","No","No","ui-angular/src/lib/components/bmb-digital-id/bmb-digital-id.component.ts","50","ui-angular/src/lib/components/bmb-digital-id/bmb-digital-id.stories.ts:150",""
"BmbDigitalIdComponent","hideMainButton","Sets the hide the secondary button when true.","Componente","bmb-digital-id","hideMainButton","boolean","No","false","input","Biblioteca","No","No","ui-angular/src/lib/components/bmb-digital-id/bmb-digital-id.component.ts","51","ui-angular/src/lib/components/bmb-digital-id/bmb-digital-id.stories.ts:154",""
"BmbDigitalIdComponent","hideSecondaryButton","Sets the hide the main button when true.","Componente","bmb-digital-id","hideSecondaryButton","boolean","No","false","input","Biblioteca","No","No","ui-angular/src/lib/components/bmb-digital-id/bmb-digital-id.component.ts","52","ui-angular/src/lib/components/bmb-digital-id/bmb-digital-id.stories.ts:158",""
"BmbDigitalIdComponent","logoSrc","Sets the logo image source shown at the top of the digital ID.","Componente","bmb-digital-id","logoSrc","string","No","'assets/images/tec-logo.svg'","input","Biblioteca","No","No","ui-angular/src/lib/components/bmb-digital-id/bmb-digital-id.component.ts","53","ui-angular/src/lib/components/bmb-digital-id/bmb-digital-id.stories.ts:104",""
"BmbDividerComponent","type","Sets the type of the divider, affecting its visual view. Is not necessary to add the ""simple"" style.","Componente","bmb-divider","type","BmbDividerType","No","'simple'","input","Biblioteca","No","No","ui-angular/src/lib/components/bmb-divider/bmb-divider.component.ts","23","ui-angular/src/lib/components/bmb-divider/bmb-divider.stories.ts:28",""
"BmbDividerComponent","removeMargin","Removes the default margin of the divider, making it flush with adjacent elements.","Componente","bmb-divider","removeMargin","boolean","No","false","input","Biblioteca","No","No","ui-angular/src/lib/components/bmb-divider/bmb-divider.component.ts","24","ui-angular/src/lib/components/bmb-divider/bmb-divider.stories.ts:41",""
"BmbDotPaginatorComponent","activeDotIndex","Sets the index of the active dot.","Componente","bmb-dot-paginator","activeDotIndex","number","No","0","model","Biblioteca","No","No","ui-angular/src/lib/components/bmb-dot-paginator/bmb-dot-paginator.component.ts","32","ui-angular/src/lib/components/bmb-dot-paginator/bmb-dot-paginator.stories.ts:79",""
"BmbDotPaginatorComponent","targets","Target objects for each dot.","Componente","bmb-dot-paginator","targets","Target[]","No","[]","input","Biblioteca","No","No","ui-angular/src/lib/components/bmb-dot-paginator/bmb-dot-paginator.component.ts","33","ui-angular/src/lib/components/bmb-dot-paginator/bmb-dot-paginator.stories.ts:97",""
"BmbDotPaginatorComponent","appearance","Sets the appearance of dot paginator, affecting its visual style.","Componente","bmb-dot-paginator","appearance","string","No","''","input","Biblioteca","No","No","ui-angular/src/lib/components/bmb-dot-paginator/bmb-dot-paginator.component.ts","34","ui-angular/src/lib/components/bmb-dot-paginator/bmb-dot-paginator.stories.ts:74",""
"BmbDotPaginatorComponent","totalDots","Sets the total number of dots.","Componente","bmb-dot-paginator","totalDots","number","No","0","input","Biblioteca","No","Sí","ui-angular/src/lib/components/bmb-dot-paginator/bmb-dot-paginator.component.ts","37","ui-angular/src/lib/components/bmb-dot-paginator/bmb-dot-paginator.stories.ts:88",""
"BmbDraggableDirective","dragData","Sin descripción documentada.","Directiva","[bmbDraggable]","dragData","unknown","Sí","Sin valor predeterminado (requerido)","input.required","Biblioteca","No","No","ui-angular/src/lib/components/bmb-drag-drop/bmb-draggable.directive.ts","17","",""
"BmbDrawerOverlayComponent","menu","Sets the data of the menu items. The menu allows a maximum of five items.","Componente","bmb-drawer-overlay","menu","any","No","[]","input","Biblioteca","No","No","ui-angular/src/lib/components/bmb-drawer-overlay/bmb-drawer-overlay.component.ts","36","ui-angular/src/lib/components/bmb-drawer-overlay/bmb-drawer-overlay.stories.ts:62",""
"BmbDrawerOverlayComponent","componentTitle","Sets the title of inner header. This will be shown on whether of the menu item (`menu` property).","Componente","bmb-drawer-overlay","componentTitle","string","No","''","input","Biblioteca","No","No","ui-angular/src/lib/components/bmb-drawer-overlay/bmb-drawer-overlay.component.ts","37","ui-angular/src/lib/components/bmb-drawer-overlay/bmb-drawer-overlay.stories.ts:116",""
"BmbDrawerOverlayComponent","dataSearch","Sets the value list for search data in the inner header.","Componente","bmb-drawer-overlay","dataSearch","string[]","No","[]","input","Biblioteca","No","No","ui-angular/src/lib/components/bmb-drawer-overlay/bmb-drawer-overlay.component.ts","38","ui-angular/src/lib/components/bmb-drawer-overlay/bmb-drawer-overlay.stories.ts:119",""
"BmbDrawerOverlayComponent","tabs","Sets the data of the tabs.","Componente","bmb-drawer-overlay","tabs","IBmbTab[]","No","[]","input","Biblioteca","No","No","ui-angular/src/lib/components/bmb-drawer-overlay/bmb-drawer-overlay.component.ts","39","ui-angular/src/lib/components/bmb-drawer-overlay/bmb-drawer-overlay.stories.ts:128",""
"BmbDrawerOverlayComponent","appServices","Sets the data of apps, must be organized by index.","Componente","bmb-drawer-overlay","appServices","{ [key: number]: IBmbApp[] }","No","{}","input","Biblioteca","No","No","ui-angular/src/lib/components/bmb-drawer-overlay/bmb-drawer-overlay.component.ts","40","ui-angular/src/lib/components/bmb-drawer-overlay/bmb-drawer-overlay.stories.ts:159",""
"BmbDrawerOverlayComponent","title","Please use `componentTitle` instead of `title` to set the component title.","Componente","bmb-drawer-overlay","title","string","No","undefined","input","Biblioteca","No","Sí","ui-angular/src/lib/components/bmb-drawer-overlay/bmb-drawer-overlay.component.ts","45","ui-angular/src/lib/components/bmb-drawer-overlay/bmb-drawer-overlay.stories.ts:277",""
"BmbDropdownComponent","required","Sets the field as required when true.

Specifies whether the field must be filled out before submitting the form.

This is commonly used to ensure that users do not skip mandatory choices in forms, enhancing data integrity and user interaction compliance.","Componente","bmb-dropdown","required","boolean","No","false","input","Biblioteca","No","No","ui-angular/src/lib/components/bmb-dropdown/bmb-dropdown.component.ts","71","ui-angular/src/lib/components/bmb-dropdown/bmb-dropdown.stories.ts:129",""
"BmbDropdownComponent","showIcon","Shows the icon assigned in the `icon` property when true.","Componente","bmb-dropdown","showIcon","boolean","No","false","input","Biblioteca","No","No","ui-angular/src/lib/components/bmb-dropdown/bmb-dropdown.component.ts","72","ui-angular/src/lib/components/bmb-dropdown/bmb-dropdown.stories.ts:130",""
"BmbDropdownComponent","placeholder","Sets the text to be displayed as a placeholder within the field.","Componente","bmb-dropdown","placeholder","string","No","''","input","Biblioteca","No","No","ui-angular/src/lib/components/bmb-dropdown/bmb-dropdown.component.ts","73","ui-angular/src/lib/components/bmb-dropdown/bmb-dropdown.stories.ts:141",""
"BmbDropdownComponent","icon","Sets the name of the icon to be displayed.

> [!CALLOUT]
⚙️**Configuration**

>Please refer to [Google Fonts](https://fonts.google.com/icons?icon.size=24&icon.color=%23e8eaed&icon.style=Rounded&icon.set=Material+Symbols) for more icons and make sure that you have selected the filters:
- Fill
- Style:
 - Material Symbols
 - Rounded

‼️These filters are important to ensure that you are choosing an icon that meets the guidelines of ***Bamboo***‼️.

> [!NOTE]
✳️**Note**

>Images are also supported; instead of the icon name, enter the URL or path of the image to use.

> [!WARNING]
⚠️**Warning**

>Please remember that images need an *alt* to be accessible.
Look for the property to set the alt, if it does not exist in the component it is because the component implements it internally.

The icon to display within the field.","Componente","bmb-dropdown","icon","string","No","''","input","Biblioteca","No","No","ui-angular/src/lib/components/bmb-dropdown/bmb-dropdown.component.ts","74","ui-angular/src/lib/components/bmb-dropdown/bmb-dropdown.stories.ts:128",""
"BmbDropdownComponent","options","Sets the data to be displayed in the dropdown.","Componente","bmb-dropdown","options","string[] | IBmbDropdownItem[]","No","[]","input","Biblioteca","No","No","ui-angular/src/lib/components/bmb-dropdown/bmb-dropdown.component.ts","75","ui-angular/src/lib/components/bmb-dropdown/bmb-dropdown.stories.ts:142",""
"BmbDropdownComponent","helperText","Sets the text to be displayed as a supporting message below the field.","Componente","bmb-dropdown","helperText","string","No","''","input","Biblioteca","No","No","ui-angular/src/lib/components/bmb-dropdown/bmb-dropdown.component.ts","76","ui-angular/src/lib/components/bmb-dropdown/bmb-dropdown.stories.ts:161",""
"BmbDropdownComponent","errorMessage","Sets the error message instance or required field message to display below the field when there is an error in it.

For fields that only require mandatory field validation, it is sufficient to assign a string.

In case the field needs more than one validation per field, it is recommended to instantiate the error specification.

Validations supported in instantiation:

- **required**: corresponds to the validation assigned to the `isRequired` property
- **min**: corresponds to the validation assigned to the `min` property, used for numeric fields
- **max**: corresponds to the validation assigned to the `max` property, used for numeric fields
- **minLength**: corresponds to the validation assigned to the `minlength` property, used for text and textarea fields
- **maxLength**: corresponds to the validation assigned to the `maxlength` property, used for text and textarea fields
- **pattern**: corresponds to the validation assigned to the `pattern` property
- **jsonFormat**: corresponds to the validation assigned to the `jsonFormat` property, used for textarea fields
- **customValidation**: corresponds to the validation assigned to the `customValidation` property

✳️**Note**

Default error messages will be displayed if this property is not assigned correctly.","Componente","bmb-dropdown","errorMessage","string | IBmbInputError","No","''","input","Biblioteca","No","No","ui-angular/src/lib/components/bmb-dropdown/bmb-dropdown.component.ts","77","ui-angular/src/lib/components/bmb-dropdown/bmb-dropdown.stories.ts:253",""
"BmbDropdownComponent","label","Sets the label associated with  field.

The label helps users understand the context of what the  field represents.

The label will be displayed above the  field.","Componente","bmb-dropdown","label","string","No","''","input","Biblioteca","No","No","ui-angular/src/lib/components/bmb-dropdown/bmb-dropdown.component.ts","78","ui-angular/src/lib/components/bmb-dropdown/bmb-dropdown.stories.ts:163",""
"BmbDropdownComponent","name","Sets the field name.

ℹ️**Important**

This property is essential for correct behavior of the the `FormControl`.

If no name is assigned, a name will be added using `window.crypto.randomUUID()`","Componente","bmb-dropdown","name","string","No","getUUID()","input","Biblioteca","No","No","ui-angular/src/lib/components/bmb-dropdown/bmb-dropdown.component.ts","79","ui-angular/src/lib/components/bmb-dropdown/bmb-dropdown.stories.ts:254",""
"BmbDropdownComponent","preferredOptions","Sets the list of options to display at the top of the data.

ℹ️**Important**

The order given will be the position in which it will be displayed.

**Considerations**

If the data is a list of string type, the preferred options should be a fragment of the data.

**Example**:
    [options]=""[
      'Apple name',
      'Banana name',
      'Orange name',
      'Pear name',
      'Grape name',
    ]""

    [preferredOptions]=""[
      'Grape name',
      'Orange name',
    ]""

If the data is a list of  IBmbDropdownItem type, the preferred options should be the value attribute of the object.
**Example**:
    [options]=""[
      { name: 'Apple name', value: '_apple', icon: 'home', id: 'apple_' },
      { name: 'Banana name', value: '_banana', icon: 'bolt', id: 'banana_' },
      { name: 'Orange name', value: '_orange', icon: 'bolt', id: 'orange_' },
      { name: 'Pear name', value: '_pear', icon: 'info', id: 'pear_' },
      { name: 'Grape name', value: '_grape', icon: 'bolt', id: 'grape_' },
    ]""

    [preferredOptions]=""[
      '_grape',
      '_orange',
    ]""","Componente","bmb-dropdown","preferredOptions","string[]","No","[]","input","Biblioteca","No","No","ui-angular/src/lib/components/bmb-dropdown/bmb-dropdown.component.ts","80","ui-angular/src/lib/components/bmb-dropdown/bmb-dropdown.stories.ts:182",""
"BmbDropdownComponent","isMultiSelect","Sets the multiple selection in the options selection.","Componente","bmb-dropdown","isMultiSelect","boolean","No","false","input","Biblioteca","No","No","ui-angular/src/lib/components/bmb-dropdown/bmb-dropdown.component.ts","81","ui-angular/src/lib/components/bmb-dropdown/bmb-dropdown.stories.ts:230",""
"BmbDropdownComponent","tooltip","Sets the detail or description to show as a tooltip. It will appear above the field.","Componente","bmb-dropdown","tooltip","string","No","''","input","Biblioteca","No","No","ui-angular/src/lib/components/bmb-dropdown/bmb-dropdown.component.ts","82","ui-angular/src/lib/components/bmb-dropdown/bmb-dropdown.stories.ts:252",""
"BmbDropdownComponent","tooltipPosition","Sets the position of the tooltip.

Properties:
- `align`: Sets the position of the tooltip.
- `justify`: Sets the justification with reference to the icon's tooltip.","Componente","bmb-dropdown","tooltipPosition","IBmbInputTooltipPosition","No","{ align: 'above', justify: 'before', }","input","Biblioteca","No","No","ui-angular/src/lib/components/bmb-dropdown/bmb-dropdown.component.ts","83","ui-angular/src/lib/components/bmb-dropdown/bmb-dropdown.stories.ts:255",""
"BmbDropdownComponent","disabled","Disables the field when true, making it non-interactive and cannot be clicked.

This is useful for conditions where user interaction should be restricted.

It will not be necessary to define disabled property on the `FormControl` instance, as long as this properties is correctly assigned of this field .","Componente","bmb-dropdown","disabled","boolean","No","false","input","Biblioteca","No","No","ui-angular/src/lib/components/bmb-dropdown/bmb-dropdown.component.ts","87","ui-angular/src/lib/components/bmb-dropdown/bmb-dropdown.stories.ts:162",""
"BmbDropdownComponent","value","Sets the value of the field.

This is the value that is taken when the form is submitted.

ℹ️**Important**

The value will not be necessary to define a value on the `FormControl` instance, as long as this properties is correctly assigned of this field .

✳️**Note**

The configuration implemented in the `FormControl` object will always be prioritized.

    formGroup: FormGroup = new FormGroup({
     fieldName: new FormControl('test'),
    });","Componente","bmb-dropdown","value","string | string[]","No","''","input","Biblioteca","No","No","ui-angular/src/lib/components/bmb-dropdown/bmb-dropdown.component.ts","88","ui-angular/src/lib/components/bmb-dropdown/bmb-dropdown.stories.ts:256",""
"BmbDropdownComponent","isFilterable","Enables the functionality to filter data when true, the user can type in order to filter the options list.

ℹ️**Important**

The `isFilterable` is not compatible with the `isMultiSelect`.

If you set the `isMultiSelect` property to true, the `isFilterable` property will be ignored.","Componente","bmb-dropdown","isFilterable","boolean","No","false","input","Biblioteca","No","No","ui-angular/src/lib/components/bmb-dropdown/bmb-dropdown.component.ts","89","ui-angular/src/lib/components/bmb-dropdown/bmb-dropdown.stories.ts:166",""
"BmbDropdownComponent","inputId","Sets the unique identifier for the field.

This property is used to link the label to the field through the ***for*** attribute, improving accessibility and usability.","Componente","bmb-dropdown","inputId","string","No","this.name()","input","Biblioteca","No","No","ui-angular/src/lib/components/bmb-dropdown/bmb-dropdown.component.ts","90","ui-angular/src/lib/components/bmb-dropdown/bmb-dropdown.stories.ts:251",""
"BmbDropdownComponent","customValidation","Sets custom validator function to the field.

Example of a `ValidatorFn`
    handleCustomValidator(): ValidatorFn {
      return (control: AbstractControl): ValidationErrors | null => {
        const { value } = control;
        if (!value) return null;

        if (value === 'value example') return { customValidation: true };

        return null;
      };
    }","Componente","bmb-dropdown","customValidation","ValidatorFn","No","undefined","input","Biblioteca","No","No","ui-angular/src/lib/components/bmb-dropdown/bmb-dropdown.component.ts","91","ui-angular/src/lib/components/bmb-dropdown/bmb-dropdown.stories.ts:250",""
"BmbDropdownComponent","customFilterFunction","Custom filter function for dropdown items.","Componente","bmb-dropdown","customFilterFunction","((item: IDropdownItem, filter: string) => boolean) | null","No","null","input","Biblioteca","No","No","ui-angular/src/lib/components/bmb-dropdown/bmb-dropdown.component.ts","92","ui-angular/src/lib/components/bmb-dropdown/bmb-dropdown.stories.ts:239",""
"BmbDropdownComponent","control","Sets the `FormControl` instance to manage the state of the field.

ℹ️**Important**

It is essential to assign the property `name` for correct behavior of the field.

It will not be necessary to define `Validators` in the `FormControl` instance, as long as the properties of this field are correctly assigned.

This component automatically implements the `Validators` on the following properties:

- **isRequired**: adds `Validators.required` to the `FormControl`
- **minlength**: adds `Validators.minLength` to the `FormControl`
- **maxlength**: adds `Validators.maxLength` to the `FormControl`
- **max**: adds `Validators.max` to the `FormControl`
- **min**: adds `Validators.min` to the `FormControl`
- **pattern**: adds `Validators.pattern` to the `FormControl`

In ***Bamboo***, it is possible to implement automatic field validation using the `bmb-form-validator` component.

The `bmb-form-validator` component contains the state of the form by collecting the form fields and adding them to a `FormGroup`.

Please check the ***Form validator*** documentation for details on how to implement `bmb-form-validator` component.

This documentation is displayed as a tab at the top.","Componente","bmb-dropdown","control","FormControl","No","newFormControlByType()","model","Biblioteca","No","No","ui-angular/src/lib/components/bmb-dropdown/bmb-dropdown.component.ts","96","ui-angular/src/lib/components/bmb-dropdown/bmb-dropdown.stories.ts:164",""
"BmbDropdownComponent","isModalOpen","Sin descripción documentada.","Componente","bmb-dropdown","isModalOpen","boolean","No","false","model","Biblioteca","No","No","ui-angular/src/lib/components/bmb-dropdown/bmb-dropdown.component.ts","103","",""
"BmbDropdownContentComponent","selectedOption","Sin descripción documentada.","Componente","bmb-dropdown-content","selectedOption","string | string[]","No","[]","input","Biblioteca","No","No","ui-angular/src/lib/components/utils/bmb-dropdown-content/bmb-dropdown-content.component.ts","40","",""
"BmbDropdownContentComponent","items","Sets the list of items for the dropdown.

    IDropdownItem {
      idItem?: string
      icon: string;
      text: string;
      url?: string;
      target?: IBmbTargetLink;
      action?: () => void;
    }

    IBmbTargetLink =
    '_blank' | '_parent' | '_self' | '_top';","Componente","bmb-dropdown-content","items","IDropdownItem[]","No","[]","model","Biblioteca","No","No","ui-angular/src/lib/components/utils/bmb-dropdown-content/bmb-dropdown-content.component.ts","41","ui-angular/src/lib/components/utils/bmb-dropdown-content/bmb-dropdown-content.stories.ts:32",""
"BmbDropdownContentComponent","isKeyboardEvent","Sin descripción documentada.","Componente","bmb-dropdown-content","isKeyboardEvent","boolean","No","false","model","Biblioteca","No","No","ui-angular/src/lib/components/utils/bmb-dropdown-content/bmb-dropdown-content.component.ts","42","",""
"BmbDropdownContentComponent","enableFilter","Sin descripción documentada.","Componente","bmb-dropdown-content","enableFilter","boolean","No","false","input","Biblioteca","No","No","ui-angular/src/lib/components/utils/bmb-dropdown-content/bmb-dropdown-content.component.ts","43","",""
"BmbDropdownContentComponent","customFilterFunction","Custom filter function for dropdown items.","Componente","bmb-dropdown-content","customFilterFunction","((item: IDropdownItem, filter: string) => boolean) | null","No","null","input","Biblioteca","No","No","ui-angular/src/lib/components/utils/bmb-dropdown-content/bmb-dropdown-content.component.ts","44","ui-angular/src/lib/components/utils/bmb-dropdown-content/bmb-dropdown-content.stories.ts:67",""
"BmbDropdownContentComponent","isMultiSelect","Sin descripción documentada.","Componente","bmb-dropdown-content","isMultiSelect","boolean","No","false","input","Biblioteca","No","No","ui-angular/src/lib/components/utils/bmb-dropdown-content/bmb-dropdown-content.component.ts","47","",""
"BmbDropdownContentComponent","isOpen","Show dropdown when true and hide when false.","Componente","bmb-dropdown-content","isOpen","boolean","No","false","model","Biblioteca","No","No","ui-angular/src/lib/components/utils/bmb-dropdown-content/bmb-dropdown-content.component.ts","51","ui-angular/src/lib/components/utils/bmb-dropdown-content/bmb-dropdown-content.stories.ts:57",""
"BmbDropdownMenuComponent","items","Sets the data to be displayed in the dropdown menu.

It is an array of objects representing menu items, providing additional actions or navigation options within the card button.

Each object in the array should contain the following properties:

- `icon`: (string) The name of the icon displayed next to the menu item text.

- `text`: (string) The text label for the menu item.

- `url`: (optional, string) The URL to navigate to when the menu item is clicked.

- `target`: (optional, string) Specifies where to display the linked URL (e.g., `_self`, `_blank`).

- `action`: (optional, function) A custom function executed when the menu item is clicked, this event is only emitted if the *link* property is empty. This is useful for triggering specific behaviors or events.","Componente","bmb-dropdown-menu","items","IDropdownItem[]","No","[]","input","Biblioteca","No","No","ui-angular/src/lib/components/bmb-dropdown-menu/bmb-dropdown-menu.component.ts","31","ui-angular/src/lib/components/bmb-dropdown-menu/bmb-dropdown-menu.stories.ts:53",""
"BmbDropdownMenuComponent","icon","Sets the icon displayed in the dropdown menu trigger button.","Componente","bmb-dropdown-menu","icon","IBmbDropdownMenuIcon","No","'more_vert'","input","Biblioteca","No","No","ui-angular/src/lib/components/bmb-dropdown-menu/bmb-dropdown-menu.component.ts","33","ui-angular/src/lib/components/bmb-dropdown-menu/bmb-dropdown-menu.stories.ts:54",""
"BmbDropzoneComponent","appearanceContrast","Sets the appearance of dropzone, affecting its visual style.","Componente","bmb-dropzone","appearanceContrast","IBmbContrast","No","'default'","input","Biblioteca","No","No","ui-angular/src/lib/components/bmb-dropzone/bmb-dropzone.component.ts","82","ui-angular/src/lib/components/bmb-dropzone/bmb-dropzone.stories.ts:254",""
"BmbDropzoneComponent","acceptedExtensions","Sets the file extensions or MIME types accepted.

ℹ️**Important**
 ***/**** is for all extensions or subtypes.

⭐**Example**
 ***image/**** is for all image types:
- type: images
- *: all subtypes of image","Componente","bmb-dropzone","acceptedExtensions","string[]","Sí","Sin valor predeterminado (requerido)","input.required","Biblioteca","No","No","ui-angular/src/lib/components/bmb-dropzone/bmb-dropzone.component.ts","83","ui-angular/src/lib/components/bmb-dropzone/bmb-dropzone.stories.ts:275",""
"BmbDropzoneComponent","dropInstruction","Sets the instructional text before the file upload link.","Componente","bmb-dropzone","dropInstruction","string","No","undefined","input","Biblioteca","No","No","ui-angular/src/lib/components/bmb-dropzone/bmb-dropzone.component.ts","84","ui-angular/src/lib/components/bmb-dropzone/bmb-dropzone.stories.ts:320",""
"BmbDropzoneComponent","dropLabel","Sets the label shown inside of the dropzone area.","Componente","bmb-dropzone","dropLabel","string","No","undefined","input","Biblioteca","No","No","ui-angular/src/lib/components/bmb-dropzone/bmb-dropzone.component.ts","85","ui-angular/src/lib/components/bmb-dropzone/bmb-dropzone.stories.ts:329",""
"BmbDropzoneComponent","errorMessage","⛔**Deprecated**
This property will not be maintainable.
  This will be removed in future versions.","Componente","bmb-dropzone","errorMessage","string","No","undefined","input","Biblioteca","No","Sí","ui-angular/src/lib/components/bmb-dropzone/bmb-dropzone.component.ts","86","ui-angular/src/lib/components/bmb-dropzone/bmb-dropzone.stories.ts:346",""
"BmbDropzoneComponent","errorMessageFormat","Sets the message shown when file format is invalid.","Componente","bmb-dropzone","errorMessageFormat","string","No","undefined","input","Biblioteca","No","No","ui-angular/src/lib/components/bmb-dropzone/bmb-dropzone.component.ts","87","ui-angular/src/lib/components/bmb-dropzone/bmb-dropzone.stories.ts:347",""
"BmbDropzoneComponent","errorMessageSize","Sets the message shown when file exceeds size limit.","Componente","bmb-dropzone","errorMessageSize","string","No","undefined","input","Biblioteca","No","No","ui-angular/src/lib/components/bmb-dropzone/bmb-dropzone.component.ts","88","ui-angular/src/lib/components/bmb-dropzone/bmb-dropzone.stories.ts:356",""
"BmbDropzoneComponent","errorMessageInvalidName","Sets the message shown when a file name contains unsupported characters.","Componente","bmb-dropzone","errorMessageInvalidName","string","No","undefined","input","Biblioteca","No","Sí","ui-angular/src/lib/components/bmb-dropzone/bmb-dropzone.component.ts","89","ui-angular/src/lib/components/bmb-dropzone/bmb-dropzone.stories.ts:367",""
"BmbDropzoneComponent","fileSize","Sets the maximum allowed file size in MB.","Componente","bmb-dropzone","fileSize","number","No","2","input","Biblioteca","No","No","ui-angular/src/lib/components/bmb-dropzone/bmb-dropzone.component.ts","90","ui-angular/src/lib/components/bmb-dropzone/bmb-dropzone.stories.ts:378",""
"BmbDropzoneComponent","formatFilesLabel","Sets the label that describes the accepted file formats.","Componente","bmb-dropzone","formatFilesLabel","string","No","undefined","input","Biblioteca","No","No","ui-angular/src/lib/components/bmb-dropzone/bmb-dropzone.component.ts","91","ui-angular/src/lib/components/bmb-dropzone/bmb-dropzone.stories.ts:288",""
"BmbDropzoneComponent","linkFilesSupported","Sets the URL link to the supported file format documentation.","Componente","bmb-dropzone","linkFilesSupported","string","No","''","input","Biblioteca","No","No","ui-angular/src/lib/components/bmb-dropzone/bmb-dropzone.component.ts","92","ui-angular/src/lib/components/bmb-dropzone/bmb-dropzone.stories.ts:299",""
"BmbDropzoneComponent","linkLabel","Sets the text for the hyperlink to format info.","Componente","bmb-dropzone","linkLabel","string","No","undefined","input","Biblioteca","No","No","ui-angular/src/lib/components/bmb-dropzone/bmb-dropzone.component.ts","93","ui-angular/src/lib/components/bmb-dropzone/bmb-dropzone.stories.ts:309",""
"BmbDropzoneComponent","mainIcon","Sets the icon to be displayed above the instruction.","Componente","bmb-dropzone","mainIcon","string","No","'image'","input","Biblioteca","No","No","ui-angular/src/lib/components/bmb-dropzone/bmb-dropzone.component.ts","94","ui-angular/src/lib/components/bmb-dropzone/bmb-dropzone.stories.ts:337",""
"BmbDropzoneComponent","multiple","Allows selecting multiple files when true.","Componente","bmb-dropzone","multiple","boolean","No","false","input","Biblioteca","No","No","ui-angular/src/lib/components/bmb-dropzone/bmb-dropzone.component.ts","95","ui-angular/src/lib/components/bmb-dropzone/bmb-dropzone.stories.ts:387",""
"BmbDropzoneComponent","allowDuplicateFiles","Allows files with the same name. It is disabled by default to preserve the existing behavior.","Componente","bmb-dropzone","allowDuplicateFiles","boolean","No","false","input","Biblioteca","No","No","ui-angular/src/lib/components/bmb-dropzone/bmb-dropzone.component.ts","96","ui-angular/src/lib/components/bmb-dropzone/bmb-dropzone.stories.ts:396",""
"BmbDropzoneComponent","name","Sets the field name.

ℹ️**Important**

This property is essential for correct behavior of the the `FormControl`.

If no name is assigned, a name will be added using `window.crypto.randomUUID()`","Componente","bmb-dropzone","name","string","No","getUUID()","input","Biblioteca","No","No","ui-angular/src/lib/components/bmb-dropzone/bmb-dropzone.component.ts","97","ui-angular/src/lib/components/bmb-dropzone/bmb-dropzone.stories.ts:377",""
"BmbDropzoneComponent","progress","Displays the file upload progress.

✳️**Note**
 For the multi option, a record must be used.

  Example:
      progress = signal<Record<string, number>>({});","Componente","bmb-dropzone","progress","Record<string, number> | number","No","{}","input","Biblioteca","No","No","ui-angular/src/lib/components/bmb-dropzone/bmb-dropzone.component.ts","98","ui-angular/src/lib/components/bmb-dropzone/bmb-dropzone.stories.ts:259",""
"BmbDropzoneComponent","inputId","Sin descripción documentada.","Componente","bmb-dropzone","inputId","string","No","this.name()","input","Biblioteca","No","No","ui-angular/src/lib/components/bmb-dropzone/bmb-dropzone.component.ts","99","",""
"BmbDropzoneComponent","customValidation","Sin descripción documentada.","Componente","bmb-dropzone","customValidation","ValidatorFn | ValidatorFn[]","No","undefined","input","Biblioteca","No","No","ui-angular/src/lib/components/bmb-dropzone/bmb-dropzone.component.ts","100","",""
"BmbDropzoneComponent","customErrorMessages","Maps custom validation error keys to the messages displayed by the dropzone.","Componente","bmb-dropzone","customErrorMessages","Record<string, string>","No","{}","input","Biblioteca","No","No","ui-angular/src/lib/components/bmb-dropzone/bmb-dropzone.component.ts","101","ui-angular/src/lib/components/bmb-dropzone/bmb-dropzone.stories.ts:406",""
"BmbDropzoneComponent","control","Sin descripción documentada.","Componente","bmb-dropzone","control","FormControl","No","newFormControlByType('file', this.multiple())","model","Biblioteca","No","No","ui-angular/src/lib/components/bmb-dropzone/bmb-dropzone.component.ts","103","",""
"BmbEvaluationRubricComponent","componentTitle","Sets the title of the component.","Componente","bmb-evaluation-rubric","componentTitle","string","No","undefined","input","Biblioteca","No","No","ui-angular/src/lib/components/bmb-evaluation-rubric/bmb-evaluation-rubric.component.ts","86","ui-angular/src/lib/components/bmb-evaluation-rubric/bmb-evaluation-rubric.stories.ts:35",""
"BmbEvaluationRubricComponent","icon","Sets the icon displayed in the title of the component.","Componente","bmb-evaluation-rubric","icon","string","No","'checklist_rtl'","input","Biblioteca","No","No","ui-angular/src/lib/components/bmb-evaluation-rubric/bmb-evaluation-rubric.component.ts","87","ui-angular/src/lib/components/bmb-evaluation-rubric/bmb-evaluation-rubric.stories.ts:43",""
"BmbEvaluationRubricComponent","rightIcon","Sets the right icon displayed in the close button.","Componente","bmb-evaluation-rubric","rightIcon","string","No","'close'","input","Biblioteca","No","No","ui-angular/src/lib/components/bmb-evaluation-rubric/bmb-evaluation-rubric.component.ts","88","ui-angular/src/lib/components/bmb-evaluation-rubric/bmb-evaluation-rubric.stories.ts:52",""
"BmbEvaluationRubricComponent","evaluationRubricList","Sets the list of evaluation criteria.","Componente","bmb-evaluation-rubric","evaluationRubricList","IBmbEvaluationRubric[]","Sí","Sin valor predeterminado (requerido)","model.required","Biblioteca","No","No","ui-angular/src/lib/components/bmb-evaluation-rubric/bmb-evaluation-rubric.component.ts","89","ui-angular/src/lib/components/bmb-evaluation-rubric/bmb-evaluation-rubric.stories.ts:61",""
"BmbEvaluationRubricComponent","maxEval","Sets the maximum number of evaluations allowed.","Componente","bmb-evaluation-rubric","maxEval","number","No","5","input","Biblioteca","No","No","ui-angular/src/lib/components/bmb-evaluation-rubric/bmb-evaluation-rubric.component.ts","90","ui-angular/src/lib/components/bmb-evaluation-rubric/bmb-evaluation-rubric.stories.ts:77",""
"BmbEvaluationRubricComponent","summaryLabel","Sets the label displayed for the evaluation summary.","Componente","bmb-evaluation-rubric","summaryLabel","string","Sí","Sin valor predeterminado (requerido)","input.required","Biblioteca","No","No","ui-angular/src/lib/components/bmb-evaluation-rubric/bmb-evaluation-rubric.component.ts","91","ui-angular/src/lib/components/bmb-evaluation-rubric/bmb-evaluation-rubric.stories.ts:86",""
"BmbEvaluationRubricComponent","commentEvalRubric","Sets the configuration for the comment section.","Componente","bmb-evaluation-rubric","commentEvalRubric","IBmbCommentEvalRubric","Sí","Sin valor predeterminado (requerido)","input.required","Biblioteca","No","No","ui-angular/src/lib/components/bmb-evaluation-rubric/bmb-evaluation-rubric.component.ts","92","ui-angular/src/lib/components/bmb-evaluation-rubric/bmb-evaluation-rubric.stories.ts:94",""
"BmbEvaluationRubricComponent","evalRubricButtons","Sets the configuration for the evaluation buttons.","Componente","bmb-evaluation-rubric","evalRubricButtons","IBmbEvalRubricButtons","Sí","Sin valor predeterminado (requerido)","input.required","Biblioteca","No","No","ui-angular/src/lib/components/bmb-evaluation-rubric/bmb-evaluation-rubric.component.ts","93","ui-angular/src/lib/components/bmb-evaluation-rubric/bmb-evaluation-rubric.stories.ts:121",""
"BmbEvaluationRubricComponent","title","Please use `componentTitle` instead of `title` to set the component title.","Componente","bmb-evaluation-rubric","title","string","No","undefined","input","Biblioteca","No","Sí","ui-angular/src/lib/components/bmb-evaluation-rubric/bmb-evaluation-rubric.component.ts","97","ui-angular/src/lib/components/bmb-evaluation-rubric/bmb-evaluation-rubric.stories.ts:137",""
"BmbExternalLinkComponent","subtitle","Sets the subtitle of header.","Componente","bmb-external-link","subtitle","string","Sí","Sin valor predeterminado (requerido)","input.required","Biblioteca","No","No","ui-angular/src/lib/components/bmb-external-link/bmb-external-link.component.ts","54","ui-angular/src/lib/components/bmb-external-link/bmb-external-link.component.stories.ts:54",""
"BmbExternalLinkComponent","navigationBarIcons","Sets the configuration for the navigation bar icons.","Componente","bmb-external-link","navigationBarIcons","IBmbNavigationBarIcons","No","{ one: { name: 'arrow_back_ios', label: '' }, two: { name: 'arrow_forward_ios', label: '' }, three: { name: 'share', label: '' }, four: { name: 'refresh', label: '' }, }","input","Biblioteca","No","No","ui-angular/src/lib/components/bmb-external-link/bmb-external-link.component.ts","55","ui-angular/src/lib/components/bmb-external-link/bmb-external-link.component.stories.ts:57",""
"BmbExternalLinkComponent","componentTitle","Sets the title of header.","Componente","bmb-external-link","componentTitle","string","No","undefined","input","Biblioteca","No","No","ui-angular/src/lib/components/bmb-external-link/bmb-external-link.component.ts","61","ui-angular/src/lib/components/bmb-external-link/bmb-external-link.component.stories.ts:53",""
"BmbExternalLinkComponent","title","Please use `componentTitle` instead of `title` to set the component title.","Componente","bmb-external-link","title","string","No","undefined","input","Biblioteca","No","Sí","ui-angular/src/lib/components/bmb-external-link/bmb-external-link.component.ts","63","ui-angular/src/lib/components/bmb-external-link/bmb-external-link.component.stories.ts:105",""
"BmbFabComponent","icon","Sets the name of the icon to be displayed.

> [!CALLOUT]
⚙️**Configuration**

>Please refer to [Google Fonts](https://fonts.google.com/icons?icon.size=24&icon.color=%23e8eaed&icon.style=Rounded&icon.set=Material+Symbols) for more icons and make sure that you have selected the filters:
- Fill
- Style:
 - Material Symbols
 - Rounded

‼️These filters are important to ensure that you are choosing an icon that meets the guidelines of ***Bamboo***‼️.

> [!NOTE]
✳️**Note**

>Images are also supported; instead of the icon name, enter the URL or path of the image to use.

> [!WARNING]
⚠️**Warning**

>Please remember that images need an *alt* to be accessible.
Look for the property to set the alt, if it does not exist in the component it is because the component implements it internally.","Componente","bmb-fab","icon","string","No","''","input","Biblioteca","No","No","ui-angular/src/lib/components/bmb-fab/bmb-fab.component.ts","25","ui-angular/src/lib/components/bmb-fab/bmb-fab.stories.ts:52",""
"BmbFabComponent","size","Sets the size of the fab component.","Componente","bmb-fab","size","FabSize","No","'large'","input","Biblioteca","No","No","ui-angular/src/lib/components/bmb-fab/bmb-fab.component.ts","26","ui-angular/src/lib/components/bmb-fab/bmb-fab.stories.ts:63",""
"BmbFabComponent","mitec","Sets the component changes to a version that is used for **mitec** platform.

> [!CALLOUT]
ℹ️**Important**

>**mitec** has only one appearance and size.","Componente","bmb-fab","mitec","boolean","No","false","input","Biblioteca","No","No","ui-angular/src/lib/components/bmb-fab/bmb-fab.component.ts","27","ui-angular/src/lib/components/bmb-fab/bmb-fab.stories.ts:84",""
"BmbFabComponent","text","Sets the text of the Extended Fab. The width will increase depending on the length of the text.","Componente","bmb-fab","text","string | null","No","''","input","Biblioteca","No","No","ui-angular/src/lib/components/bmb-fab/bmb-fab.component.ts","28","ui-angular/src/lib/components/bmb-fab/bmb-fab.stories.ts:53",""
"BmbFabComponent","type","Sets the type of the fab component.","Componente","bmb-fab","type","FabType","No","'normal'","input","Biblioteca","No","No","ui-angular/src/lib/components/bmb-fab/bmb-fab.component.ts","29","ui-angular/src/lib/components/bmb-fab/bmb-fab.stories.ts:73",""
"BmbFilterCardComponent","modalTitle","Specifies the text display. This message should be concise and direct.","Componente","bmb-filter-card","modalTitle","string","No","''","input","Biblioteca","No","No","ui-angular/src/lib/components/bmb-filter-card/bmb-filter-card.component.ts","63","ui-angular/src/lib/components/bmb-filter-card/bmb-filter-card.stories.ts:69",""
"BmbFilterCardComponent","primaryBtnLabel","Specifies the text of the primary button.","Componente","bmb-filter-card","primaryBtnLabel","string","No","''","input","Biblioteca","No","No","ui-angular/src/lib/components/bmb-filter-card/bmb-filter-card.component.ts","64","ui-angular/src/lib/components/bmb-filter-card/bmb-filter-card.stories.ts:70",""
"BmbFilterCardComponent","secondaryBtnLabel","Specifies the text of the secondary button.","Componente","bmb-filter-card","secondaryBtnLabel","string","No","''","input","Biblioteca","No","No","ui-angular/src/lib/components/bmb-filter-card/bmb-filter-card.component.ts","65","ui-angular/src/lib/components/bmb-filter-card/bmb-filter-card.stories.ts:71",""
"BmbFilterCardComponent","icon","Sets the name of the icon to be displayed.

> [!CALLOUT]
⚙️**Configuration**

>Please refer to [Google Fonts](https://fonts.google.com/icons?icon.size=24&icon.color=%23e8eaed&icon.style=Rounded&icon.set=Material+Symbols) for more icons and make sure that you have selected the filters:
- Fill
- Style:
 - Material Symbols
 - Rounded

‼️These filters are important to ensure that you are choosing an icon that meets the guidelines of ***Bamboo***‼️.

> [!NOTE]
✳️**Note**

>Images are also supported; instead of the icon name, enter the URL or path of the image to use.

> [!WARNING]
⚠️**Warning**

>Please remember that images need an *alt* to be accessible.
Look for the property to set the alt, if it does not exist in the component it is because the component implements it internally.

The icon to display on the button.","Componente","bmb-filter-card","icon","string","No","''","input","Biblioteca","No","No","ui-angular/src/lib/components/bmb-filter-card/bmb-filter-card.component.ts","66","ui-angular/src/lib/components/bmb-filter-card/bmb-filter-card.stories.ts:72",""
"BmbFilterCardComponent","controlTypes","Sets the data list of control types.

Data descriptions:
- ***name***: Unique identifier name for the control
- ***type***: Type of control to render (radial, checkbox, switch, tag, dropdown'
- ***label***: Display label for the control
- ***checked***: Whether the control is checked/selected (for checkbox, switch, radial)
- ***placeholder***: Placeholder text (for input/dropdown controls)
- ***rightText***: Additional text to display on the right side
- ***value***: Current value of the control
- ***id***: Unique identifier for the control element
- ***options***: Available options for selection controls (for dropdown controls)
- ***isMultiSelect***: Whether multiple selections are allowed (for dropdown controls), when this attribute is true the list will not be filterable.","Componente","bmb-filter-card","controlTypes","IBmbControlType[]","No","[]","input","Biblioteca","No","No","ui-angular/src/lib/components/bmb-filter-card/bmb-filter-card.component.ts","67","ui-angular/src/lib/components/bmb-filter-card/bmb-filter-card.stories.ts:118",""
"BmbFilterCardComponent","inLine","Displays the filter card in the document instead of the dialog.","Componente","bmb-filter-card","inLine","boolean","No","false","input","Biblioteca","No","No","ui-angular/src/lib/components/bmb-filter-card/bmb-filter-card.component.ts","69","ui-angular/src/lib/components/bmb-filter-card/bmb-filter-card.stories.ts:160",""
"BmbFilterCardComponent","showGlobalSearch","Determines if the global search is visible (input or dropdown).","Componente","bmb-filter-card","showGlobalSearch","boolean","No","true","input","Biblioteca","No","No","ui-angular/src/lib/components/bmb-filter-card/bmb-filter-card.component.ts","70","ui-angular/src/lib/components/bmb-filter-card/bmb-filter-card.stories.ts:191",""
"BmbFilterCardComponent","showDropdown","Determines if the dropdown should be displayed instead of the input.","Componente","bmb-filter-card","showDropdown","boolean","No","false","input","Biblioteca","No","Sí","ui-angular/src/lib/components/bmb-filter-card/bmb-filter-card.component.ts","72","ui-angular/src/lib/components/bmb-filter-card/bmb-filter-card.stories.ts:170",""
"BmbFilterCardComponent","dropdownOptions","Defines the list of options available in the dropdown.","Componente","bmb-filter-card","dropdownOptions","string[]","No","[]","input","Biblioteca","No","Sí","ui-angular/src/lib/components/bmb-filter-card/bmb-filter-card.component.ts","73","ui-angular/src/lib/components/bmb-filter-card/bmb-filter-card.stories.ts:180",""
"BmbFilterCardComponent","placeholderSearch","Sets the placeholder text for the search input.","Componente","bmb-filter-card","placeholderSearch","string","No","''","input","Biblioteca","No","No","ui-angular/src/lib/components/bmb-filter-card/bmb-filter-card.component.ts","74","ui-angular/src/lib/components/bmb-filter-card/bmb-filter-card.stories.ts:113",""
"BmbFilterCardComponent","visibilityRules","Declares conditional visibility rules. Each rule specifies a `when` condition (a map of control name → expected value) and lists of control names to `show` or `hide` when the condition is met.

When a dependent control is hidden, its form value is automatically cleared.

```ts
visibilityRules: [
  { when: { nivel: 'Profesional' }, show: ['tipoEval', 'escuelas'], hide: ['deptos'] },
  { when: { nivel: 'Preparatoria' }, show: ['deptos'], hide: ['tipoEval', 'escuelas'] },
]
```","Componente","bmb-filter-card","visibilityRules","IBmbVisibilityRule[]","No","[]","input","Biblioteca","No","No","ui-angular/src/lib/components/bmb-filter-card/bmb-filter-card.component.ts","76","ui-angular/src/lib/components/bmb-filter-card/bmb-filter-card.stories.ts:73",""
"BmbFilterCardComponent","optionRules","Declares cascading option rules. Each rule specifies a `when` condition and the new `options` to apply to the `target` dropdown when the condition is met.

If the target dropdown's current value is not in the new options list, it is automatically cleared.

```ts
optionRules: [
  { when: { campus: 'Monterrey' }, target: 'carrera', options: ['Ingeniería', 'Negocios'] },
  { when: { campus: 'Guadalajara' }, target: 'carrera', options: ['Arquitectura', 'Diseño'] },
]
```","Componente","bmb-filter-card","optionRules","IBmbOptionRule[]","No","[]","input","Biblioteca","No","No","ui-angular/src/lib/components/bmb-filter-card/bmb-filter-card.component.ts","77","ui-angular/src/lib/components/bmb-filter-card/bmb-filter-card.stories.ts:93",""
"BmbFocusElementComponent","icon","Sets the name of the icon to be displayed.

> [!CALLOUT]
⚙️**Configuration**

>Please refer to [Google Fonts](https://fonts.google.com/icons?icon.size=24&icon.color=%23e8eaed&icon.style=Rounded&icon.set=Material+Symbols) for more icons and make sure that you have selected the filters:
- Fill
- Style:
 - Material Symbols
 - Rounded

‼️These filters are important to ensure that you are choosing an icon that meets the guidelines of ***Bamboo***‼️.

> [!NOTE]
✳️**Note**

>Images are also supported; instead of the icon name, enter the URL or path of the image to use.

> [!WARNING]
⚠️**Warning**

>Please remember that images need an *alt* to be accessible.
Look for the property to set the alt, if it does not exist in the component it is because the component implements it internally.

ℹ️**Important**
Do not use the number property if you want to use an icon.","Componente","bmb-focus-element","icon","string","No","''","input","Biblioteca","No","No","ui-angular/src/lib/components/bmb-focus-element/bmb-focus-element.component.ts","28","ui-angular/src/lib/components/bmb-focus-element/bmb-focus-element.stories.ts:48",""
"BmbFocusElementComponent","number","Sets the number of focus element.

 ℹ️**Important**

 The number is only considered if it does not have icon.","Componente","bmb-focus-element","number","number","No","0","input","Biblioteca","No","No","ui-angular/src/lib/components/bmb-focus-element/bmb-focus-element.component.ts","29","ui-angular/src/lib/components/bmb-focus-element/bmb-focus-element.stories.ts:40",""
"BmbFocusElementComponent","isNormal","Sets the normal border and color","Componente","bmb-focus-element","isNormal","boolean","No","undefined","input","Biblioteca","No","No","ui-angular/src/lib/components/bmb-focus-element/bmb-focus-element.component.ts","30","ui-angular/src/lib/components/bmb-focus-element/bmb-focus-element.stories.ts:63",""
"BmbFocusElementComponent","isNonFocused","Removes focus state when true","Componente","bmb-focus-element","isNonFocused","boolean","No","undefined","input","Biblioteca","No","No","ui-angular/src/lib/components/bmb-focus-element/bmb-focus-element.component.ts","31","ui-angular/src/lib/components/bmb-focus-element/bmb-focus-element.stories.ts:54",""
"BmbFocusElementComponent","isInheritedBg","Sets the inherited background color when true","Componente","bmb-focus-element","isInheritedBg","boolean","No","undefined","input","Biblioteca","No","No","ui-angular/src/lib/components/bmb-focus-element/bmb-focus-element.component.ts","32","ui-angular/src/lib/components/bmb-focus-element/bmb-focus-element.stories.ts:72",""
"BmbFocusElementComponent","isCurrentColor","Sin descripción documentada.","Componente","bmb-focus-element","isCurrentColor","boolean","No","undefined","input","Biblioteca","No","No","ui-angular/src/lib/components/bmb-focus-element/bmb-focus-element.component.ts","33","",""
"BmbFocusElementComponent","isContainerSize","Sin descripción documentada.","Componente","bmb-focus-element","isContainerSize","boolean","No","undefined","input","Biblioteca","No","No","ui-angular/src/lib/components/bmb-focus-element/bmb-focus-element.component.ts","34","",""
"BmbFocusElementComponent","componentTitle","Sin descripción documentada.","Componente","bmb-focus-element","componentTitle","string","No","undefined","input","Biblioteca","No","No","ui-angular/src/lib/components/bmb-focus-element/bmb-focus-element.component.ts","35","",""
"BmbFocusElementComponent","title","Sets the title of focus element.","Componente","bmb-focus-element","title","string","No","undefined","input","Biblioteca","No","Sí","ui-angular/src/lib/components/bmb-focus-element/bmb-focus-element.component.ts","37","ui-angular/src/lib/components/bmb-focus-element/bmb-focus-element.stories.ts:39",""
"BmbFormValidatorComponent","formGroup","Sets the `FormGroup` instance defined for cases where the validations are different from those already natively supported by **Bamboo inputs**.

⚠️**Warning**

It is essential to assign the property `name` for correct behavior of the field.

**Bamboo inputs** automatically implements the `Validators` on the following properties:

- isRequired: adds `Validators.required` to the `FormControl`
- minlength: adds `Validators.minLength` to the `FormControl`
- maxlength: adds `Validators.maxLength` to the `FormControl`
- max: adds `Validators.max` to the `FormControl`
- min: adds `Validators.min` to the `FormControl`
- pattern: adds `Validators.pattern` to the `FormControl`

✳️**Note**

This property is a `model` input, and for this reason can be used as:
    [(formGroup)]=""formGroup""","Componente","bmb-form-validator","formGroup","FormGroup","No","new FormGroup({})","model","Biblioteca","No","No","ui-angular/src/lib/components/bmb-form-validator/bmb-form-validator.component.ts","40","ui-angular/src/lib/components/bmb-form-validator/bmb-form-validator.stories.ts:160",""
"BmbFrequentAppsSelectorComponent","apps","Sets the data to be displayed in the frequent apps.

Properties:

- `icon`: (string) Sets the name of the interactive icon.

- `title`: (string) Sets the title.

- `url`: (optional, string) Sets the URL to navigate when the icon is clicked.

- `target`: (optional, string).

- `appearance`: (string) Sets the appearance of interactive icon, affecting its visual style.

- `callbackParam`: (optional, function) A custom function executed when the icon is clicked, this event is only emitted if the *link* property is empty.","Componente","bmb-frequent-apps-selector","apps","IBmbApp[]","No","[]","input","Biblioteca","No","No","ui-angular/src/lib/components/bmb-frequent-apps-selector/bmb-frequent-apps-selector.component.ts","26","ui-angular/src/lib/components/bmb-frequent-apps-selector/bmb-frequent-apps-selector.stories.ts:63",""
"BmbFrequentAppsSelectorComponent","layout","Sets the layout behavior.","Componente","bmb-frequent-apps-selector","layout","IBmbInteractiveIconType","No","'regular'","input","Biblioteca","No","No","ui-angular/src/lib/components/bmb-frequent-apps-selector/bmb-frequent-apps-selector.component.ts","27","ui-angular/src/lib/components/bmb-frequent-apps-selector/bmb-frequent-apps-selector.stories.ts:138",""
"BmbFrequentAppsSelectorComponent","componentTitle","Sets the title of frequent apps to display above the list of applications..","Componente","bmb-frequent-apps-selector","componentTitle","string","No","undefined","input","Biblioteca","No","No","ui-angular/src/lib/components/bmb-frequent-apps-selector/bmb-frequent-apps-selector.component.ts","28","ui-angular/src/lib/components/bmb-frequent-apps-selector/bmb-frequent-apps-selector.stories.ts:135",""
"BmbFrequentAppsSelectorComponent","title","Please use `componentTitle` instead of `title` to set the component title.","Componente","bmb-frequent-apps-selector","title","string","No","undefined","input","Biblioteca","No","Sí","ui-angular/src/lib/components/bmb-frequent-apps-selector/bmb-frequent-apps-selector.component.ts","30","ui-angular/src/lib/components/bmb-frequent-apps-selector/bmb-frequent-apps-selector.stories.ts:158",""
"BmbGenericCardButtonComponent","disabled","Disables card interaction and applies the disabled state.","Componente","bmb-generic-card-button","disabled","boolean","No","false","input","Biblioteca","No","No","ui-angular/src/lib/components/bmb-generic-card-button/bmb-generic-card-button.component.ts","22","ui-angular/src/lib/components/bmb-generic-card-button/bmb-generic-card-button.stories.ts:37",""
"BmbGenericCardButtonComponent","appearance","Sets the visual appearance of the card button.","Componente","bmb-generic-card-button","appearance","IBmbGenericCardButtonAppearance","No","'default'","input","Biblioteca","No","No","ui-angular/src/lib/components/bmb-generic-card-button/bmb-generic-card-button.component.ts","23","ui-angular/src/lib/components/bmb-generic-card-button/bmb-generic-card-button.stories.ts:46",""
"BmbGradesComponent","grades","Sets the list of grades to show.","Componente","bmb-grades","grades","IBmbGrades[]","No","[]","input","Biblioteca","No","No","ui-angular/src/lib/components/bmb-grades/bmb-grades.component.ts","61","ui-angular/src/lib/components/bmb-grades/bmb-grades.component.stories.ts:92",""
"BmbGradesComponent","isMicro","Enables the micro version of grades when true.","Componente","bmb-grades","isMicro","boolean","No","undefined","input","Biblioteca","No","No","ui-angular/src/lib/components/bmb-grades/bmb-grades.component.ts","62","ui-angular/src/lib/components/bmb-grades/bmb-grades.component.stories.ts:289",""
"BmbGradesComponent","gradeTitle","Descripción no resuelta automáticamente; consultar la fuente de documentación.","Componente","bmb-grades","gradeTitle","string","No","undefined","input","Biblioteca","No","No","ui-angular/src/lib/components/bmb-grades/bmb-grades.component.ts","63","ui-angular/src/lib/components/bmb-grades/bmb-grades.component.stories.ts:294",""
"BmbGradesComponent","accredited","Descripción no resuelta automáticamente; consultar la fuente de documentación.","Componente","bmb-grades","accredited","IBmbNameValuePair","No","undefined","input","Biblioteca","No","No","ui-angular/src/lib/components/bmb-grades/bmb-grades.component.ts","64","ui-angular/src/lib/components/bmb-grades/bmb-grades.component.stories.ts:296",""
"BmbGradesComponent","average","Descripción no resuelta automáticamente; consultar la fuente de documentación.","Componente","bmb-grades","average","IBmbNameValuePair","No","undefined","input","Biblioteca","No","No","ui-angular/src/lib/components/bmb-grades/bmb-grades.component.ts","65","ui-angular/src/lib/components/bmb-grades/bmb-grades.component.stories.ts:297",""
"BmbGradesComponent","summary","Descripción no resuelta automáticamente; consultar la fuente de documentación.","Componente","bmb-grades","summary","IBmbNameValuePair","No","undefined","input","Biblioteca","No","No","ui-angular/src/lib/components/bmb-grades/bmb-grades.component.ts","66","ui-angular/src/lib/components/bmb-grades/bmb-grades.component.stories.ts:298",""
"BmbGradesComponent","componentTitle","Descripción no resuelta automáticamente; consultar la fuente de documentación.","Componente","bmb-grades","componentTitle","string","No","undefined","input","Biblioteca","No","No","ui-angular/src/lib/components/bmb-grades/bmb-grades.component.ts","67","ui-angular/src/lib/components/bmb-grades/bmb-grades.component.stories.ts:295",""
"BmbGradesComponent","title","Please use `componentTitle` instead of `title` to set the component title.","Componente","bmb-grades","title","string","No","undefined","input","Biblioteca","No","Sí","ui-angular/src/lib/components/bmb-grades/bmb-grades.component.ts","69","ui-angular/src/lib/components/bmb-grades/bmb-grades.component.stories.ts:300",""
"BmbGradeValueComponent","appearanceContrast","Sets the appearance of grade value, affecting its visual style.","Componente","bmb-grade-value","appearanceContrast","IBmbContrast","No","'default'","input","Biblioteca","No","No","ui-angular/src/lib/components/bmb-grade-value/bmb-grade-value.component.ts","23","ui-angular/src/lib/components/bmb-grade-value/bmb-grade-value.stories.ts:29",""
"BmbGradeValueComponent","type","Sets the type of anatomy variation to display.","Componente","bmb-grade-value","type","IBmbGradeType","No","'main-grade'","input","Biblioteca","No","No","ui-angular/src/lib/components/bmb-grade-value/bmb-grade-value.component.ts","24","ui-angular/src/lib/components/bmb-grade-value/bmb-grade-value.stories.ts:34",""
"BmbGradeValueComponent","score","Sets the number or text to display as score. The value can be a number or a string with a maximum of 4 characters.","Componente","bmb-grade-value","score","number | string | undefined","No","0","input","Biblioteca","No","No","ui-angular/src/lib/components/bmb-grade-value/bmb-grade-value.component.ts","25","ui-angular/src/lib/components/bmb-grade-value/bmb-grade-value.stories.ts:49",""
"BmbHeaderMitecComponent","headerLabel","Sets the label to be displayed in the header.","Componente","bmb-header-mitec","headerLabel","string","No","undefined","input","Biblioteca","No","No","ui-angular/src/lib/components/bmb-header-mitec/bmb-header-mitec.component.ts","31","ui-angular/src/lib/components/bmb-header-mitec/bmb-header-mitec.stories.ts:29",""
"BmbHeaderMitecComponent","actionHeaderLinks","Sets an object of IBmbActionHeaderLinks type.

    export interface IBmbActionHeaderLinks {
      apple: IBmbLinkInfo,
      android: IBmbLinkInfo,
      twitter: IBmbLinkInfo,
      facebook: IBmbLinkInfo,
      instagram: IBmbLinkInfo,
      youtube: IBmbLinkInfo,
    }

Template:

    actionHeaderLinks:IBmbActionHeaderLinks = {
      apple: {
        link: '',
        target: '',
      },
      android: {
        link: '',
        target: '',
      },
      twitter: {
        link: '',
        target: '',
      },
      facebook: {
        link: '',
        target: '',
      },
      instagram: {
        link: '',
        target: '',
      },
      youtube: {
        link: '',
        target: '',
      },
    },","Componente","bmb-header-mitec","actionHeaderLinks","IBmbActionHeaderLinks","No","undefined","input","Biblioteca","No","No","ui-angular/src/lib/components/bmb-header-mitec/bmb-header-mitec.component.ts","32","ui-angular/src/lib/components/bmb-header-mitec/bmb-header-mitec.stories.ts:39",""
"BmbHeaderMobileComponent","text","Sets the title of the header.","Componente","bmb-header-mobile","text","string","Sí","Sin valor predeterminado (requerido)","input.required","Biblioteca","No","No","ui-angular/src/lib/components/bmb-header-mobile/bmb-header-mobile.component.ts","37","ui-angular/src/lib/components/bmb-header-mobile/bmb-header-mobile.stories.ts:47",""
"BmbHeaderMobileComponent","userImage","Sets the source of the image to display, either from a path or a URL.","Componente","bmb-header-mobile","userImage","string","No","''","input","Biblioteca","No","No","ui-angular/src/lib/components/bmb-header-mobile/bmb-header-mobile.component.ts","38","ui-angular/src/lib/components/bmb-header-mobile/bmb-header-mobile.stories.ts:58",""
"BmbHeaderMobileComponent","userAltImage","Sets the alternative text of the images. It is an essential part of making content accessible.

Refer [here](https://www.w3.org/WAI/alt/) for more information.","Componente","bmb-header-mobile","userAltImage","string","No","''","input","Biblioteca","No","No","ui-angular/src/lib/components/bmb-header-mobile/bmb-header-mobile.component.ts","39","ui-angular/src/lib/components/bmb-header-mobile/bmb-header-mobile.stories.ts:59",""
"BmbHeaderMobileComponent","userLink","Sets the link for redirection to another or same page. If this property is empty it will emit the button event.","Componente","bmb-header-mobile","userLink","string","No","''","input","Biblioteca","No","No","ui-angular/src/lib/components/bmb-header-mobile/bmb-header-mobile.component.ts","40","ui-angular/src/lib/components/bmb-header-mobile/bmb-header-mobile.stories.ts:60",""
"BmbHeaderMobileComponent","userTarget","Sets the target property for the link. Refer to [here](https://developer.mozilla.org/en-US/docs/Web/HTML/Element/a) for more information.","Componente","bmb-header-mobile","userTarget","IBmbTargetLink","No","'_self'","input","Biblioteca","No","No","ui-angular/src/lib/components/bmb-header-mobile/bmb-header-mobile.component.ts","41","ui-angular/src/lib/components/bmb-header-mobile/bmb-header-mobile.stories.ts:61",""
"BmbHeaderMobileComponent","trailingIconNotifications","Sets the notification counter number (0 to hide).
The number of notifications to display on the trailing icon.","Componente","bmb-header-mobile","trailingIconNotifications","number","No","0","input","Biblioteca","No","No","ui-angular/src/lib/components/bmb-header-mobile/bmb-header-mobile.component.ts","42","ui-angular/src/lib/components/bmb-header-mobile/bmb-header-mobile.stories.ts:82",""
"BmbHeaderMobileComponent","logo","Sets the source of the logo to display, either from a path or a URL.","Componente","bmb-header-mobile","logo","string","No","''","input","Biblioteca","No","No","ui-angular/src/lib/components/bmb-header-mobile/bmb-header-mobile.component.ts","43","ui-angular/src/lib/components/bmb-header-mobile/bmb-header-mobile.stories.ts:62",""
"BmbHeaderMobileComponent","altLogo","Sets the alternative text of the logos. It is an essential part of making content accessible.

Refer [here](https://www.w3.org/WAI/alt/) for more information.","Componente","bmb-header-mobile","altLogo","string","No","''","input","Biblioteca","No","No","ui-angular/src/lib/components/bmb-header-mobile/bmb-header-mobile.component.ts","44","ui-angular/src/lib/components/bmb-header-mobile/bmb-header-mobile.stories.ts:69",""
"BmbHeaderMobileComponent","logoLink","Sets the link for redirection to another or same page. If this property is empty it will emit the button event.","Componente","bmb-header-mobile","logoLink","string","No","''","input","Biblioteca","No","No","ui-angular/src/lib/components/bmb-header-mobile/bmb-header-mobile.component.ts","45","ui-angular/src/lib/components/bmb-header-mobile/bmb-header-mobile.stories.ts:73",""
"BmbHeaderMobileComponent","logoTarget","Sets the target property for the link. Refer to [here](https://developer.mozilla.org/en-US/docs/Web/HTML/Element/a) for more information.","Componente","bmb-header-mobile","logoTarget","IBmbTargetLink","No","'_self'","input","Biblioteca","No","No","ui-angular/src/lib/components/bmb-header-mobile/bmb-header-mobile.component.ts","46","ui-angular/src/lib/components/bmb-header-mobile/bmb-header-mobile.stories.ts:74",""
"BmbHeaderMobileComponent","trailingIcon","Sets the name of the icon to be displayed.

> [!CALLOUT]
⚙️**Configuration**

>Please refer to [Google Fonts](https://fonts.google.com/icons?icon.size=24&icon.color=%23e8eaed&icon.style=Rounded&icon.set=Material+Symbols) for more icons and make sure that you have selected the filters:
- Fill
- Style:
 - Material Symbols
 - Rounded

‼️These filters are important to ensure that you are choosing an icon that meets the guidelines of ***Bamboo***‼️.

> [!NOTE]
✳️**Note**

>Images are also supported; instead of the icon name, enter the URL or path of the image to use.

> [!WARNING]
⚠️**Warning**

>Please remember that images need an *alt* to be accessible.
Look for the property to set the alt, if it does not exist in the component it is because the component implements it internally.","Componente","bmb-header-mobile","trailingIcon","string","No","''","input","Biblioteca","No","No","ui-angular/src/lib/components/bmb-header-mobile/bmb-header-mobile.component.ts","48","ui-angular/src/lib/components/bmb-header-mobile/bmb-header-mobile.stories.ts:57",""
"BmbHeaderSectionComponent","subtitle","Sin descripción documentada.","Componente","bmb-header-section","subtitle","string","No","undefined","input","Biblioteca","No","No","ui-angular/src/lib/components/bmb-header-section/bmb-header-section.component.ts","43","",""
"BmbHeaderSectionComponent","dataLocalNav","Sin descripción documentada.","Componente","bmb-header-section","dataLocalNav","IBmbDataTopBar[]","No","[]","input","Biblioteca","No","No","ui-angular/src/lib/components/bmb-header-section/bmb-header-section.component.ts","44","",""
"BmbHeaderSectionComponent","leftIcon","Sin descripción documentada.","Componente","bmb-header-section","leftIcon","string","No","''","input","Biblioteca","No","No","ui-angular/src/lib/components/bmb-header-section/bmb-header-section.component.ts","45","",""
"BmbHeaderSectionComponent","actionHeaders","Sin descripción documentada.","Componente","bmb-header-section","actionHeaders","IBmbActionHeader[]","No","[]","input","Biblioteca","No","No","ui-angular/src/lib/components/bmb-header-section/bmb-header-section.component.ts","46","",""
"BmbHeaderSectionComponent","icon","Sin descripción documentada.","Componente","bmb-header-section","icon","string","No","''","input","Biblioteca","No","No","ui-angular/src/lib/components/bmb-header-section/bmb-header-section.component.ts","47","",""
"BmbHeaderSectionComponent","iconSize","Sin descripción documentada.","Componente","bmb-header-section","iconSize","number","No","16","input","Biblioteca","No","No","ui-angular/src/lib/components/bmb-header-section/bmb-header-section.component.ts","48","",""
"BmbHeaderSectionComponent","bgIconAppearance","Sin descripción documentada.","Componente","bmb-header-section","bgIconAppearance","IBmbColor","No","undefined","input","Biblioteca","No","No","ui-angular/src/lib/components/bmb-header-section/bmb-header-section.component.ts","49","",""
"BmbHeaderSectionComponent","transparentBgC","Sin descripción documentada.","Componente","bmb-header-section","transparentBgC","boolean","No","undefined","input","Biblioteca","No","No","ui-angular/src/lib/components/bmb-header-section/bmb-header-section.component.ts","50","",""
"BmbHeaderSectionComponent","componentTitle","Sin descripción documentada.","Componente","bmb-header-section","componentTitle","string","No","undefined","input","Biblioteca","No","No","ui-angular/src/lib/components/bmb-header-section/bmb-header-section.component.ts","51","",""
"BmbHeaderSectionComponent","componentTitleLeft","Sin descripción documentada.","Componente","bmb-header-section","componentTitleLeft","string","No","undefined","input","Biblioteca","No","No","ui-angular/src/lib/components/bmb-header-section/bmb-header-section.component.ts","52","",""
"BmbHeaderSectionComponent","alternativeTextLeftIcon","Sin descripción documentada.","Componente","bmb-header-section","alternativeTextLeftIcon","string","No","''","input","Biblioteca","No","No","ui-angular/src/lib/components/bmb-header-section/bmb-header-section.component.ts","53","",""
"BmbHitoCardComponent","icon","Sets the name of the icon to be displayed.

> [!CALLOUT]
⚙️**Configuration**

>Please refer to [Google Fonts](https://fonts.google.com/icons?icon.size=24&icon.color=%23e8eaed&icon.style=Rounded&icon.set=Material+Symbols) for more icons and make sure that you have selected the filters:
- Fill
- Style:
 - Material Symbols
 - Rounded

‼️These filters are important to ensure that you are choosing an icon that meets the guidelines of ***Bamboo***‼️.

> [!NOTE]
✳️**Note**

>Images are also supported; instead of the icon name, enter the URL or path of the image to use.

> [!WARNING]
⚠️**Warning**

>Please remember that images need an *alt* to be accessible.
Look for the property to set the alt, if it does not exist in the component it is because the component implements it internally.","Componente","bmb-hito-card","icon","string","No","undefined","input","Biblioteca","No","No","ui-angular/src/lib/components/bmb-hito-card/bmb-hito-card.component.ts","51","ui-angular/src/lib/components/bmb-hito-card/bmb-hito-card.component.stories.ts:52",""
"BmbHitoCardComponent","id","Sets the id for the card, this value is send to the parent on the `handleClick` output.","Componente","bmb-hito-card","id","string | number","Sí","Sin valor predeterminado (requerido)","input.required","Biblioteca","No","No","ui-angular/src/lib/components/bmb-hito-card/bmb-hito-card.component.ts","52","ui-angular/src/lib/components/bmb-hito-card/bmb-hito-card.component.stories.ts:62",""
"BmbHitoCardComponent","short_description","Sets the short description text.","Componente","bmb-hito-card","short_description","string","No","''","input","Biblioteca","No","No","ui-angular/src/lib/components/bmb-hito-card/bmb-hito-card.component.ts","53","ui-angular/src/lib/components/bmb-hito-card/bmb-hito-card.component.stories.ts:73",""
"BmbHitoCardComponent","type","Sets the type for the badge.","Componente","bmb-hito-card","type","ITimelineEventType | IBmbTimelineCustomEvent","Sí","Sin valor predeterminado (requerido)","input.required","Biblioteca","No","No","ui-angular/src/lib/components/bmb-hito-card/bmb-hito-card.component.ts","54","ui-angular/src/lib/components/bmb-hito-card/bmb-hito-card.component.stories.ts:82",""
"BmbHitoCardComponent","sub_content","Sets the text content at the right.","Componente","bmb-hito-card","sub_content","string","No","undefined","input","Biblioteca","No","No","ui-angular/src/lib/components/bmb-hito-card/bmb-hito-card.component.ts","55","ui-angular/src/lib/components/bmb-hito-card/bmb-hito-card.component.stories.ts:164",""
"BmbHitoCardComponent","enable_bullet","Shows a bullet element at the right when true.","Componente","bmb-hito-card","enable_bullet","boolean","No","false","input","Biblioteca","No","No","ui-angular/src/lib/components/bmb-hito-card/bmb-hito-card.component.ts","56","ui-angular/src/lib/components/bmb-hito-card/bmb-hito-card.component.stories.ts:172",""
"BmbHitoCardComponent","is_active","Enables the active state. Change the color of the bullet to indicate the selected hito card.","Componente","bmb-hito-card","is_active","boolean","No","false","input","Biblioteca","No","No","ui-angular/src/lib/components/bmb-hito-card/bmb-hito-card.component.ts","57","ui-angular/src/lib/components/bmb-hito-card/bmb-hito-card.component.stories.ts:181",""
"BmbHitoCardComponent","isCompact","Reduces the padding of the card.","Componente","bmb-hito-card","isCompact","boolean","No","false","input","Biblioteca","No","No","ui-angular/src/lib/components/bmb-hito-card/bmb-hito-card.component.ts","58","ui-angular/src/lib/components/bmb-hito-card/bmb-hito-card.component.stories.ts:191",""
"BmbHitoCardComponent","alternative_appearance","Enables alternative appearance for the hito card.","Componente","bmb-hito-card","alternative_appearance","boolean","No","false","input","Biblioteca","No","No","ui-angular/src/lib/components/bmb-hito-card/bmb-hito-card.component.ts","59","ui-angular/src/lib/components/bmb-hito-card/bmb-hito-card.component.stories.ts:200",""
"BmbHitoCardComponent","componentTitle","Sets the title text of the card.","Componente","bmb-hito-card","componentTitle","string","No","undefined","input","Biblioteca","No","No","ui-angular/src/lib/components/bmb-hito-card/bmb-hito-card.component.ts","60","ui-angular/src/lib/components/bmb-hito-card/bmb-hito-card.component.stories.ts:53",""
"BmbHitoCardComponent","title","Please use `componentTitle` instead of `title` to set the component title.","Componente","bmb-hito-card","title","string","No","undefined","input","Biblioteca","No","Sí","ui-angular/src/lib/components/bmb-hito-card/bmb-hito-card.component.ts","62","ui-angular/src/lib/components/bmb-hito-card/bmb-hito-card.component.stories.ts:214",""
"BmbHitoListComponent","dateFormat","The format to display dates, e.g., `dd/MM/yyyy`.","Componente","bmb-hito-list","dateFormat","string","No","'dd/MM/yyyy'","input","Biblioteca","No","No","ui-angular/src/lib/components/bmb-hito-list/bmb-hito-list.component.ts","34","ui-angular/src/lib/components/bmb-hito-list/bmb-hito-list.stories.ts:44",""
"BmbHitoListComponent","lang","Sets the language for all text, numbers, currencies, date formats, etc.

By default, the supported language are:
- ***en***: english
- ***es***: spanish.","Componente","bmb-hito-list","lang","string","No","'es'","input","Biblioteca","No","No","ui-angular/src/lib/components/bmb-hito-list/bmb-hito-list.component.ts","35","ui-angular/src/lib/components/bmb-hito-list/bmb-hito-list.stories.ts:55",""
"BmbHitoListComponent","now","Now","Componente","bmb-hito-list","now","DateTime","No","DateTime.now()","input","Biblioteca","No","No","ui-angular/src/lib/components/bmb-hito-list/bmb-hito-list.component.ts","36","ui-angular/src/lib/components/bmb-hito-list/bmb-hito-list.stories.ts:67",""
"BmbHitoListComponent","events","List of events to display.","Componente","bmb-hito-list","events","IBmbHitoListEvents","No","{}","input","Biblioteca","No","No","ui-angular/src/lib/components/bmb-hito-list/bmb-hito-list.component.ts","37","ui-angular/src/lib/components/bmb-hito-list/bmb-hito-list.stories.ts:56",""
"BmbHitoListComponent","selectedDate","The currently selected date, including the day, month, and full date.","Componente","bmb-hito-list","selectedDate","ISelectedDate","No","{ day: '', month: '', date: this.now(), }","input","Biblioteca","No","No","ui-angular/src/lib/components/bmb-hito-list/bmb-hito-list.component.ts","38","ui-angular/src/lib/components/bmb-hito-list/bmb-hito-list.stories.ts:78",""
"BmbHitoListComponent","orderedMonths","An array of month names defining the display order of the timeline.","Componente","bmb-hito-list","orderedMonths","string[]","No","[]","input","Biblioteca","No","No","ui-angular/src/lib/components/bmb-hito-list/bmb-hito-list.component.ts","43","ui-angular/src/lib/components/bmb-hito-list/bmb-hito-list.stories.ts:94",""
"BmbHomeCardChatComponent","subtitle","Sin descripción documentada.","Componente","bmb-home-card-chat","subtitle","string","No","undefined","input","Biblioteca","No","No","ui-angular/src/lib/components/bmb-home-card-chat/bmb-home-card-chat.component.ts","71","",""
"BmbHomeCardChatComponent","isMobile","Sin descripción documentada.","Componente","bmb-home-card-chat","isMobile","boolean","No","false","input","Biblioteca","No","No","ui-angular/src/lib/components/bmb-home-card-chat/bmb-home-card-chat.component.ts","72","",""
"BmbHomeCardChatComponent","placeholder","Sin descripción documentada.","Componente","bmb-home-card-chat","placeholder","string","No","''","input","Biblioteca","No","No","ui-angular/src/lib/components/bmb-home-card-chat/bmb-home-card-chat.component.ts","73","",""
"BmbHomeCardChatComponent","botList","Sin descripción documentada.","Componente","bmb-home-card-chat","botList","IBotType[]","No","defaultBotList","input","Biblioteca","No","No","ui-angular/src/lib/components/bmb-home-card-chat/bmb-home-card-chat.component.ts","74","",""
"BmbHomeCardChatComponent","leftIcon","Sin descripción documentada.","Componente","bmb-home-card-chat","leftIcon","string","No","'chevron_left'","input","Biblioteca","No","No","ui-angular/src/lib/components/bmb-home-card-chat/bmb-home-card-chat.component.ts","75","",""
"BmbHomeCardChatComponent","bgIconAppearance","Sin descripción documentada.","Componente","bmb-home-card-chat","bgIconAppearance","IBmbColor","No","'gray-charade-500'","input","Biblioteca","No","No","ui-angular/src/lib/components/bmb-home-card-chat/bmb-home-card-chat.component.ts","76","",""
"BmbHomeCardChatComponent","messagesHistory","Sin descripción documentada.","Componente","bmb-home-card-chat","messagesHistory","IBmbChatMessage[]","Sí","Sin valor predeterminado (requerido)","input.required","Biblioteca","No","No","ui-angular/src/lib/components/bmb-home-card-chat/bmb-home-card-chat.component.ts","77","",""
"BmbHomeCardChatComponent","actionsList","Sin descripción documentada.","Componente","bmb-home-card-chat","actionsList","IChatBarActions[]","No","[]","input","Biblioteca","No","No","ui-angular/src/lib/components/bmb-home-card-chat/bmb-home-card-chat.component.ts","78","",""
"BmbHomeCardChatComponent","componentTitle","Sin descripción documentada.","Componente","bmb-home-card-chat","componentTitle","string","No","''","input","Biblioteca","No","No","ui-angular/src/lib/components/bmb-home-card-chat/bmb-home-card-chat.component.ts","79","",""
"BmbHomeCardChatComponent","testId","Sin descripción documentada.","Componente","bmb-home-card-chat","testId","string","No","'chat-bubble'","input","Biblioteca","No","No","ui-angular/src/lib/components/bmb-home-card-chat/bmb-home-card-chat.component.ts","80","",""
"BmbHomeCardChatComponent","botActions","Sin descripción documentada.","Componente","bmb-home-card-chat","botActions","TChatAction[]","No","[ 'copy', 'dislike', 'like', 'repeat', 'voice', ]","input","Biblioteca","No","No","ui-angular/src/lib/components/bmb-home-card-chat/bmb-home-card-chat.component.ts","81","",""
"BmbHomeCardChatComponent","title","Sin descripción documentada.","Componente","bmb-home-card-chat","title","string","No","''","input","Biblioteca","No","Sí","ui-angular/src/lib/components/bmb-home-card-chat/bmb-home-card-chat.component.ts","89","",""
"BmbHomeCardChatComponent","currentBot","Sin descripción documentada.","Componente","bmb-home-card-chat","currentBot","IBotType","No","{ name: 'TecBot', label: this.translationService.translate('home_card_chat.default_bot_label'), icon: 'bot_tecStandar', }","model","Biblioteca","No","No","ui-angular/src/lib/components/bmb-home-card-chat/bmb-home-card-chat.component.ts","91","",""
"BmbHomeCardChatComponent","isLoading","Sin descripción documentada.","Componente","bmb-home-card-chat","isLoading","boolean","No","false","model","Biblioteca","No","No","ui-angular/src/lib/components/bmb-home-card-chat/bmb-home-card-chat.component.ts","96","",""
"BmbHomeCardChatComponent","mode","Sin descripción documentada.","Componente","bmb-home-card-chat","mode","'compact' | 'chat' | 'expanded'","No","'expanded'","model","Biblioteca","No","No","ui-angular/src/lib/components/bmb-home-card-chat/bmb-home-card-chat.component.ts","97","",""
"BmbHomeCardComponent","subtitle","Sets the card subtitle.","Componente","bmb-home-card","subtitle","string","No","undefined","input","Biblioteca","No","No","ui-angular/src/lib/components/bmb-home-card/bmb-home-card.component.ts","29","ui-angular/src/lib/components/bmb-home-card/bmp-home-card.stories.ts:54",""
"BmbHomeCardComponent","dataLocalNav","Sets the array of breadcrumb data for Local Navigation.","Componente","bmb-home-card","dataLocalNav","IBmbDataTopBar[]","No","[]","input","Biblioteca","No","No","ui-angular/src/lib/components/bmb-home-card/bmb-home-card.component.ts","30","ui-angular/src/lib/components/bmb-home-card/bmp-home-card.stories.ts:55",""
"BmbHomeCardComponent","leftIcon","Sets the name of the left header icon to be displayed.

> [!CALLOUT]
⚙️**Configuration**

>Please refer to [Google Fonts](https://fonts.google.com/icons?icon.size=24&icon.color=%23e8eaed&icon.style=Rounded&icon.set=Material+Symbols) for more icons and make sure that you have selected the filters:
- Fill
- Style:
 - Material Symbols
 - Rounded

‼️These filters are important to ensure that you are choosing an icon that meets the guidelines of ***Bamboo***‼️.

> [!NOTE]
✳️**Note**

>Images are also supported; instead of the icon name, enter the URL or path of the image to use.

> [!WARNING]
⚠️**Warning**

>Please remember that images need an *alt* to be accessible.
Look for the property to set the alt, if it does not exist in the component it is because the component implements it internally.","Componente","bmb-home-card","leftIcon","string","No","undefined","input","Biblioteca","No","No","ui-angular/src/lib/components/bmb-home-card/bmb-home-card.component.ts","31","ui-angular/src/lib/components/bmb-home-card/bmp-home-card.stories.ts:49",""
"BmbHomeCardComponent","icon","Sets the name of the icon to be displayed.

> [!CALLOUT]
⚙️**Configuration**

>Please refer to [Google Fonts](https://fonts.google.com/icons?icon.size=24&icon.color=%23e8eaed&icon.style=Rounded&icon.set=Material+Symbols) for more icons and make sure that you have selected the filters:
- Fill
- Style:
 - Material Symbols
 - Rounded

‼️These filters are important to ensure that you are choosing an icon that meets the guidelines of ***Bamboo***‼️.

> [!NOTE]
✳️**Note**

>Images are also supported; instead of the icon name, enter the URL or path of the image to use.

> [!WARNING]
⚠️**Warning**

>Please remember that images need an *alt* to be accessible.
Look for the property to set the alt, if it does not exist in the component it is because the component implements it internally.","Componente","bmb-home-card","icon","string","No","undefined","input","Biblioteca","No","No","ui-angular/src/lib/components/bmb-home-card/bmb-home-card.component.ts","32","ui-angular/src/lib/components/bmb-home-card/bmp-home-card.stories.ts:50",""
"BmbHomeCardComponent","iconSize","Sets the size of the icon or width of the image to use.

✳️**Note**
 <= 0 will be inherited.","Componente","bmb-home-card","iconSize","number","No","24","input","Biblioteca","No","No","ui-angular/src/lib/components/bmb-home-card/bmb-home-card.component.ts","33","ui-angular/src/lib/components/bmb-home-card/bmp-home-card.stories.ts:51",""
"BmbHomeCardComponent","bgIconAppearance","Sets the appearance of the box icon, affecting its visual style.","Componente","bmb-home-card","bgIconAppearance","IBmbColor","No","undefined","input","Biblioteca","No","No","ui-angular/src/lib/components/bmb-home-card/bmb-home-card.component.ts","34","ui-angular/src/lib/components/bmb-home-card/bmp-home-card.stories.ts:52",""
"BmbHomeCardComponent","actionHeaders","Sets the elements to execute actions or page navigation.

These are to implement icons as buttons or links according to the needs of the application, it contains toggle functionalities to indicate different actions.","Componente","bmb-home-card","actionHeaders","IBmbActionHeader[]","No","[]","input","Biblioteca","No","No","ui-angular/src/lib/components/bmb-home-card/bmb-home-card.component.ts","35","ui-angular/src/lib/components/bmb-home-card/bmp-home-card.stories.ts:56",""
"BmbHomeCardComponent","isMobile","Sets a flag to indicate whether the card should adapt to mobile view.","Componente","bmb-home-card","isMobile","boolean","No","undefined","input","Biblioteca","No","No","ui-angular/src/lib/components/bmb-home-card/bmb-home-card.component.ts","36","ui-angular/src/lib/components/bmb-home-card/bmp-home-card.stories.ts:58",""
"BmbHomeCardComponent","contentPadding","Sets the he padding size for the card's content. Uses predefined size names (e.g., 'xs','s','m','l','xl','none','auto')","Componente","bmb-home-card","contentPadding","SizeNames","No","'l'","input","Biblioteca","No","No","ui-angular/src/lib/components/bmb-home-card/bmb-home-card.component.ts","37","ui-angular/src/lib/components/bmb-home-card/bmp-home-card.stories.ts:59",""
"BmbHomeCardComponent","showRightButton","Sets a flag to indicate whether the card should show to the right ""close"" (mobile) or ""expand/collapse"" (web) button. This flag does not affect the action headers buttons.","Componente","bmb-home-card","showRightButton","boolean","No","true","input","Biblioteca","No","No","ui-angular/src/lib/components/bmb-home-card/bmb-home-card.component.ts","38","ui-angular/src/lib/components/bmb-home-card/bmp-home-card.stories.ts:57",""
"BmbHomeCardComponent","isExpanded","Sets a flag to indicate whether the card is expanded or collapsed.","Componente","bmb-home-card","isExpanded","boolean","No","false","model","Biblioteca","No","No","ui-angular/src/lib/components/bmb-home-card/bmb-home-card.component.ts","39","ui-angular/src/lib/components/bmb-home-card/bmp-home-card.stories.ts:70",""
"BmbHomeCardComponent","currentBot","Sin descripción documentada.","Componente","bmb-home-card","currentBot","IBotType","No","undefined","model","Biblioteca","No","No","ui-angular/src/lib/components/bmb-home-card/bmb-home-card.component.ts","40","",""
"BmbHomeCardComponent","componentTitle","Sin descripción documentada.","Componente","bmb-home-card","componentTitle","string","No","undefined","input","Biblioteca","No","No","ui-angular/src/lib/components/bmb-home-card/bmb-home-card.component.ts","41","",""
"BmbHomeCardComponent","showOneHeaderAction","Sin descripción documentada.","Componente","bmb-home-card","showOneHeaderAction","boolean","No","false","input","Biblioteca","No","No","ui-angular/src/lib/components/bmb-home-card/bmb-home-card.component.ts","42","",""
"BmbHomeCardComponent","title","Sets the title of the card.","Componente","bmb-home-card","title","string","No","undefined","input","Biblioteca","No","Sí","ui-angular/src/lib/components/bmb-home-card/bmb-home-card.component.ts","44","ui-angular/src/lib/components/bmb-home-card/bmp-home-card.stories.ts:53",""
"BmbHomeCardHeaderComponent","subtitle","Sets the card subtitle.","Componente","bmb-home-card-header","subtitle","string","No","undefined","input","Biblioteca","No","No","ui-angular/src/lib/components/bmb-home-card/bmb-home-card-header/bmb-home-card-header.component.ts","61","ui-angular/src/lib/components/bmb-home-card/bmb-home-card-header/bmb-home-card-header.stories.ts:61",""
"BmbHomeCardHeaderComponent","dataLocalNav","Sets the array of breadcrumb data for Local Navigation.","Componente","bmb-home-card-header","dataLocalNav","IBmbDataTopBar[]","No","[]","input","Biblioteca","No","No","ui-angular/src/lib/components/bmb-home-card/bmb-home-card-header/bmb-home-card-header.component.ts","62","ui-angular/src/lib/components/bmb-home-card/bmb-home-card-header/bmb-home-card-header.stories.ts:62",""
"BmbHomeCardHeaderComponent","leftIcon","Sets the name of the left header icon to be displayed.

> [!CALLOUT]
⚙️**Configuration**

>Please refer to [Google Fonts](https://fonts.google.com/icons?icon.size=24&icon.color=%23e8eaed&icon.style=Rounded&icon.set=Material+Symbols) for more icons and make sure that you have selected the filters:
- Fill
- Style:
 - Material Symbols
 - Rounded

‼️These filters are important to ensure that you are choosing an icon that meets the guidelines of ***Bamboo***‼️.

> [!NOTE]
✳️**Note**

>Images are also supported; instead of the icon name, enter the URL or path of the image to use.

> [!WARNING]
⚠️**Warning**

>Please remember that images need an *alt* to be accessible.
Look for the property to set the alt, if it does not exist in the component it is because the component implements it internally.","Componente","bmb-home-card-header","leftIcon","string","No","undefined","input","Biblioteca","No","No","ui-angular/src/lib/components/bmb-home-card/bmb-home-card-header/bmb-home-card-header.component.ts","63","ui-angular/src/lib/components/bmb-home-card/bmb-home-card-header/bmb-home-card-header.stories.ts:52",""
"BmbHomeCardHeaderComponent","icon","Sets the name of the icon to be displayed.

> [!CALLOUT]
⚙️**Configuration**

>Please refer to [Google Fonts](https://fonts.google.com/icons?icon.size=24&icon.color=%23e8eaed&icon.style=Rounded&icon.set=Material+Symbols) for more icons and make sure that you have selected the filters:
- Fill
- Style:
 - Material Symbols
 - Rounded

‼️These filters are important to ensure that you are choosing an icon that meets the guidelines of ***Bamboo***‼️.

> [!NOTE]
✳️**Note**

>Images are also supported; instead of the icon name, enter the URL or path of the image to use.

> [!WARNING]
⚠️**Warning**

>Please remember that images need an *alt* to be accessible.
Look for the property to set the alt, if it does not exist in the component it is because the component implements it internally.","Componente","bmb-home-card-header","icon","string","No","undefined","input","Biblioteca","No","No","ui-angular/src/lib/components/bmb-home-card/bmb-home-card-header/bmb-home-card-header.component.ts","64","ui-angular/src/lib/components/bmb-home-card/bmb-home-card-header/bmb-home-card-header.stories.ts:53",""
"BmbHomeCardHeaderComponent","iconSize","Sets the size of the icon or width of the image to use.

✳️**Note**
 <= 0 will be inherited.","Componente","bmb-home-card-header","iconSize","number","No","undefined","input","Biblioteca","No","No","ui-angular/src/lib/components/bmb-home-card/bmb-home-card-header/bmb-home-card-header.component.ts","65","ui-angular/src/lib/components/bmb-home-card/bmb-home-card-header/bmb-home-card-header.stories.ts:54",""
"BmbHomeCardHeaderComponent","bgIconAppearance","Sets the appearance of the box icon, affecting its visual style.","Componente","bmb-home-card-header","bgIconAppearance","IBmbColor","No","undefined","input","Biblioteca","No","No","ui-angular/src/lib/components/bmb-home-card/bmb-home-card-header/bmb-home-card-header.component.ts","66","ui-angular/src/lib/components/bmb-home-card/bmb-home-card-header/bmb-home-card-header.stories.ts:55",""
"BmbHomeCardHeaderComponent","actionHeaders","Sets the elements to execute actions or page navigation.

These are to implement icons as buttons or links according to the needs of the application, it contains toggle functionalities to indicate different actions.","Componente","bmb-home-card-header","actionHeaders","IBmbActionHeader[]","No","[]","input","Biblioteca","No","No","ui-angular/src/lib/components/bmb-home-card/bmb-home-card-header/bmb-home-card-header.component.ts","67","ui-angular/src/lib/components/bmb-home-card/bmb-home-card-header/bmb-home-card-header.stories.ts:63",""
"BmbHomeCardHeaderComponent","isMobile","Sets a flag to indicate whether the card should adapt to mobile view.","Componente","bmb-home-card-header","isMobile","boolean","No","undefined","input","Biblioteca","No","No","ui-angular/src/lib/components/bmb-home-card/bmb-home-card-header/bmb-home-card-header.component.ts","68","ui-angular/src/lib/components/bmb-home-card/bmb-home-card-header/bmb-home-card-header.stories.ts:65",""
"BmbHomeCardHeaderComponent","showRightButton","Sets a flag to indicate whether the card should show to the right ""close"" (mobile) or ""expand/collapse"" (web) button. This flag does not affect the action headers buttons.","Componente","bmb-home-card-header","showRightButton","boolean","No","true","input","Biblioteca","No","No","ui-angular/src/lib/components/bmb-home-card/bmb-home-card-header/bmb-home-card-header.component.ts","69","ui-angular/src/lib/components/bmb-home-card/bmb-home-card-header/bmb-home-card-header.stories.ts:64",""
"BmbHomeCardHeaderComponent","isExpanded","Sets a flag to indicate whether the card is expanded or collapsed.","Componente","bmb-home-card-header","isExpanded","boolean","No","false","model","Biblioteca","No","No","ui-angular/src/lib/components/bmb-home-card/bmb-home-card-header/bmb-home-card-header.component.ts","70","ui-angular/src/lib/components/bmb-home-card/bmb-home-card-header/bmb-home-card-header.stories.ts:66",""
"BmbHomeCardHeaderComponent","currentBot","Sin descripción documentada.","Componente","bmb-home-card-header","currentBot","IBotType","No","undefined","model","Biblioteca","No","No","ui-angular/src/lib/components/bmb-home-card/bmb-home-card-header/bmb-home-card-header.component.ts","71","",""
"BmbHomeCardHeaderComponent","componentTitle","Sets the title of the card.","Componente","bmb-home-card-header","componentTitle","string","No","undefined","input","Biblioteca","No","No","ui-angular/src/lib/components/bmb-home-card/bmb-home-card-header/bmb-home-card-header.component.ts","72","ui-angular/src/lib/components/bmb-home-card/bmb-home-card-header/bmb-home-card-header.stories.ts:56",""
"BmbHomeCardHeaderComponent","showOneHeaderAction","Sin descripción documentada.","Componente","bmb-home-card-header","showOneHeaderAction","boolean","No","false","input","Biblioteca","No","No","ui-angular/src/lib/components/bmb-home-card/bmb-home-card-header/bmb-home-card-header.component.ts","73","",""
"BmbHomeCardHeaderComponent","title","⛔**Deprecated**
This property will not be maintainable.
  This will be removed in future versions.","Componente","bmb-home-card-header","title","string","No","undefined","input","Biblioteca","No","Sí","ui-angular/src/lib/components/bmb-home-card/bmb-home-card-header/bmb-home-card-header.component.ts","75","ui-angular/src/lib/components/bmb-home-card/bmb-home-card-header/bmb-home-card-header.stories.ts:60",""
"BmbHomeSectionComponent","icon","Sets the name of the icon to be displayed.

> [!CALLOUT]
⚙️**Configuration**

>Please refer to [Google Fonts](https://fonts.google.com/icons?icon.size=24&icon.color=%23e8eaed&icon.style=Rounded&icon.set=Material+Symbols) for more icons and make sure that you have selected the filters:
- Fill
- Style:
 - Material Symbols
 - Rounded

‼️These filters are important to ensure that you are choosing an icon that meets the guidelines of ***Bamboo***‼️.

> [!NOTE]
✳️**Note**

>Images are also supported; instead of the icon name, enter the URL or path of the image to use.

> [!WARNING]
⚠️**Warning**

>Please remember that images need an *alt* to be accessible.
Look for the property to set the alt, if it does not exist in the component it is because the component implements it internally.","Componente","bmb-home-section","icon","string","No","''","input","Biblioteca","No","No","ui-angular/src/lib/components/bmb-home-section/bmb-home-section.component.ts","28","ui-angular/src/lib/components/bmb-home-section/bmb-home-section.stories.ts:41",""
"BmbHomeSectionComponent","target","Sets the target property for the link. Refer to [here](https://developer.mozilla.org/en-US/docs/Web/HTML/Element/a) for more information.","Componente","bmb-home-section","target","string","No","''","input","Biblioteca","No","No","ui-angular/src/lib/components/bmb-home-section/bmb-home-section.component.ts","29","ui-angular/src/lib/components/bmb-home-section/bmb-home-section.stories.ts:43",""
"BmbHomeSectionComponent","link","Sets the link for redirection to another or same page.","Componente","bmb-home-section","link","string","No","''","input","Biblioteca","No","No","ui-angular/src/lib/components/bmb-home-section/bmb-home-section.component.ts","30","ui-angular/src/lib/components/bmb-home-section/bmb-home-section.stories.ts:42",""
"BmbHomeSectionComponent","componentTitle","Sets the title of home section.","Componente","bmb-home-section","componentTitle","string","No","undefined","input","Biblioteca","No","No","ui-angular/src/lib/components/bmb-home-section/bmb-home-section.component.ts","31","ui-angular/src/lib/components/bmb-home-section/bmb-home-section.stories.ts:40",""
"BmbHomeSectionComponent","title","Please use `componentTitle` instead of `title` to set the component title.","Componente","bmb-home-section","title","string","No","undefined","input","Biblioteca","No","Sí","ui-angular/src/lib/components/bmb-home-section/bmb-home-section.component.ts","33","ui-angular/src/lib/components/bmb-home-section/bmb-home-section.stories.ts:44",""
"BmbIconComponent","icon","Sets the name of the icon to be displayed.

> [!CALLOUT]
⚙️**Configuration**

>Please refer to [Google Fonts](https://fonts.google.com/icons?icon.size=24&icon.color=%23e8eaed&icon.style=Rounded&icon.set=Material+Symbols) for more icons and make sure that you have selected the filters:
- Fill
- Style:
 - Material Symbols
 - Rounded

‼️These filters are important to ensure that you are choosing an icon that meets the guidelines of ***Bamboo***‼️.

> [!NOTE]
✳️**Note**

>Images are also supported; instead of the icon name, enter the URL or path of the image to use.

> [!WARNING]
⚠️**Warning**

>Please remember that images need an *alt* to be accessible.
Look for the property to set the alt, if it does not exist in the component it is because the component implements it internally.","Componente","bmb-icon","icon","string | BmbCustomIconListType","No","''","input","Biblioteca","No","No","ui-angular/src/lib/components/bmb-icon/bmb-icon.component.ts","49","ui-angular/src/lib/components/bmb-icon/bmb-icon.stories.ts:86",""
"BmbIconComponent","isFill","⛔**Deprecated**
This property will not be maintainable.
  This will be removed in future versions.

Please remember to refer to the [Bamboo - General documentation](https://bamboo.tec.mx/latest/foundations/icon/iconos-wukxE19q) for more details about it. Visit the best practices section.","Componente","bmb-icon","isFill","boolean","No","true","input","Biblioteca","No","Sí","ui-angular/src/lib/components/bmb-icon/bmb-icon.component.ts","50","ui-angular/src/lib/components/bmb-icon/bmb-icon.stories.ts:87",""
"BmbIconComponent","size","Sets the size of the icon or width of the image to use.

✳️**Note**
 <= 0 will be inherited.","Componente","bmb-icon","size","number","No","undefined","input","Biblioteca","No","No","ui-angular/src/lib/components/bmb-icon/bmb-icon.component.ts","51","ui-angular/src/lib/components/bmb-icon/bmb-icon.stories.ts:89",""
"BmbIconComponent","alt","Sets the alternative text for the icon when it is an image. It is an essential part of making content accessible.

Refer [here](https://www.w3.org/WAI/alt/) for more information.","Componente","bmb-icon","alt","string","No","''","input","Biblioteca","No","No","ui-angular/src/lib/components/bmb-icon/bmb-icon.component.ts","52","ui-angular/src/lib/components/bmb-icon/bmb-icon.stories.ts:90",""
"BmbIconComponent","dotNotification","Sets the notification counter number (0 to hide).","Componente","bmb-icon","dotNotification","number","No","undefined","input","Biblioteca","No","No","ui-angular/src/lib/components/bmb-icon/bmb-icon.component.ts","53","ui-angular/src/lib/components/bmb-icon/bmb-notification-counter-detail.stories.ts:40",""
"BmbIconComponent","isSVGTemplate","Sin descripción documentada.","Componente","bmb-icon","isSVGTemplate","boolean","No","undefined","input","Biblioteca","No","No","ui-angular/src/lib/components/bmb-icon/bmb-icon.component.ts","54","",""
"BmbIconComponent","testId","Sin descripción documentada.","Componente","bmb-icon","testId","string","No","getUUID()","input","Biblioteca","No","No","ui-angular/src/lib/components/bmb-icon/bmb-icon.component.ts","55","",""
"BmbIconItemComponent","icon","Sets the name of the icon to be displayed.

> [!CALLOUT]
⚙️**Configuration**

>Please refer to [Google Fonts](https://fonts.google.com/icons?icon.size=24&icon.color=%23e8eaed&icon.style=Rounded&icon.set=Material+Symbols) for more icons and make sure that you have selected the filters:
- Fill
- Style:
 - Material Symbols
 - Rounded

‼️These filters are important to ensure that you are choosing an icon that meets the guidelines of ***Bamboo***‼️.

> [!NOTE]
✳️**Note**

>Images are also supported; instead of the icon name, enter the URL or path of the image to use.

> [!WARNING]
⚠️**Warning**

>Please remember that images need an *alt* to be accessible.
Look for the property to set the alt, if it does not exist in the component it is because the component implements it internally.

Generally this icon will be displayed on the left.","Componente","bmb-icon-item","icon","string","No","''","input","Biblioteca","No","No","ui-angular/src/lib/components/bmb-icon-item/bmb-icon-item.component.ts","21","ui-angular/src/lib/components/bmb-icon-item/bmb-icon-item.stories.ts:38",""
"BmbIconItemComponent","iconSize","Sets the size of the icon or width of the image to use.

✳️**Note**
 <= 0 will be inherited.","Componente","bmb-icon-item","iconSize","number","No","24","input","Biblioteca","No","No","ui-angular/src/lib/components/bmb-icon-item/bmb-icon-item.component.ts","22","ui-angular/src/lib/components/bmb-icon-item/bmb-icon-item.stories.ts:44",""
"BmbIconItemComponent","label","Sets the label for the item. This corresponds to the text shown on the left.","Componente","bmb-icon-item","label","string","Sí","Sin valor predeterminado (requerido)","input.required","Biblioteca","No","No","ui-angular/src/lib/components/bmb-icon-item/bmb-icon-item.component.ts","23","ui-angular/src/lib/components/bmb-icon-item/bmb-icon-item.stories.ts:45",""
"BmbIconItemComponent","value","Sets the value for the item. This corresponds to the text shown on the right.","Componente","bmb-icon-item","value","string","Sí","Sin valor predeterminado (requerido)","input.required","Biblioteca","No","No","ui-angular/src/lib/components/bmb-icon-item/bmb-icon-item.component.ts","24","ui-angular/src/lib/components/bmb-icon-item/bmb-icon-item.stories.ts:55",""
"BmbIconItemComponent","showDivider","Shows a divider at the bottom or the element when true.","Componente","bmb-icon-item","showDivider","boolean","No","true","input","Biblioteca","No","No","ui-angular/src/lib/components/bmb-icon-item/bmb-icon-item.component.ts","25","ui-angular/src/lib/components/bmb-icon-item/bmb-icon-item.stories.ts:64",""
"BmbIconStatusComponent","icon","Sets the name of the icon to be displayed.

> [!CALLOUT]
⚙️**Configuration**

>Please refer to [Google Fonts](https://fonts.google.com/icons?icon.size=24&icon.color=%23e8eaed&icon.style=Rounded&icon.set=Material+Symbols) for more icons and make sure that you have selected the filters:
- Fill
- Style:
 - Material Symbols
 - Rounded

‼️These filters are important to ensure that you are choosing an icon that meets the guidelines of ***Bamboo***‼️.","Componente","bmb-icon-status","icon","string","Sí","Sin valor predeterminado (requerido)","input.required","Biblioteca","No","No","ui-angular/src/lib/components/bmb-icon-status/bmb-icon-status.component.ts","34","ui-angular/src/lib/components/bmb-icon-status/bmp-icon-status.stories.ts:28",""
"BmbIconStatusComponent","statusAppearance","Sets the appearance of the background of the icon, affecting its visual style.","Componente","bmb-icon-status","statusAppearance","IBmbStatusAppearance","No","undefined","input","Biblioteca","No","No","ui-angular/src/lib/components/bmb-icon-status/bmb-icon-status.component.ts","35","ui-angular/src/lib/components/bmb-icon-status/bmp-icon-status.stories.ts:39",""
"BmbIconStatusComponent","iconColor","Changes the color of the icon when no status appearance is set.","Componente","bmb-icon-status","iconColor","IBmbStatusIconColor","No","'primary'","input","Biblioteca","No","No","ui-angular/src/lib/components/bmb-icon-status/bmb-icon-status.component.ts","36","ui-angular/src/lib/components/bmb-icon-status/bmp-icon-status.stories.ts:46",""
"BmbIframeComponent","height","The height of the iframe.","Componente","bmb-iframe","height","string | number","No","'100%'","input","Biblioteca","No","No","ui-angular/src/lib/components/bmb-iframe/bmb-iframe.component.ts","68","ui-angular/src/lib/components/bmb-iframe/bmb-iframe.stories.ts:37",""
"BmbIframeComponent","src","The source of the iframe. Optional when `srcdoc` is provided.","Componente","bmb-iframe","src","string","No","''","input","Biblioteca","No","No","ui-angular/src/lib/components/bmb-iframe/bmb-iframe.component.ts","69","ui-angular/src/lib/components/bmb-iframe/bmb-iframe.stories.ts:59",""
"BmbIframeComponent","srcdoc","Inline HTML rendered by the iframe. It takes precedence over `src`.","Componente","bmb-iframe","srcdoc","string | null","No","null","input","Biblioteca","No","No","ui-angular/src/lib/components/bmb-iframe/bmb-iframe.component.ts","70","ui-angular/src/lib/components/bmb-iframe/bmb-iframe.stories.ts:140",""
"BmbIframeComponent","width","The width of the iframe.","Componente","bmb-iframe","width","string | number","No","'100%'","input","Biblioteca","No","No","ui-angular/src/lib/components/bmb-iframe/bmb-iframe.component.ts","71","ui-angular/src/lib/components/bmb-iframe/bmb-iframe.stories.ts:48",""
"BmbIframeComponent","loading","The loading behavior of the iframe.","Componente","bmb-iframe","loading","BmbIframeLoading","No","'eager'","input","Biblioteca","No","No","ui-angular/src/lib/components/bmb-iframe/bmb-iframe.component.ts","72","ui-angular/src/lib/components/bmb-iframe/bmb-iframe.stories.ts:70",""
"BmbIframeComponent","importance","Indicates the relative fetch priority of the iframe.","Componente","bmb-iframe","importance","BmbIframeImportance","No","'auto'","input","Biblioteca","No","No","ui-angular/src/lib/components/bmb-iframe/bmb-iframe.component.ts","73","ui-angular/src/lib/components/bmb-iframe/bmb-iframe.stories.ts:82",""
"BmbIframeComponent","frameborder","Controls whether the legacy iframe border is displayed.","Componente","bmb-iframe","frameborder","string | number","No","'0'","input","Biblioteca","No","No","ui-angular/src/lib/components/bmb-iframe/bmb-iframe.component.ts","74","ui-angular/src/lib/components/bmb-iframe/bmb-iframe.stories.ts:92",""
"BmbIframeComponent","scrolling","Controls the legacy iframe scrollbar behavior.","Componente","bmb-iframe","scrolling","BmbIframeScrolling","No","'auto'","input","Biblioteca","No","No","ui-angular/src/lib/components/bmb-iframe/bmb-iframe.component.ts","75","ui-angular/src/lib/components/bmb-iframe/bmb-iframe.stories.ts:101",""
"BmbIframeComponent","align","Controls the legacy alignment of the iframe.","Componente","bmb-iframe","align","BmbIframeAlign | null","No","null","input","Biblioteca","No","No","ui-angular/src/lib/components/bmb-iframe/bmb-iframe.component.ts","76","ui-angular/src/lib/components/bmb-iframe/bmb-iframe.stories.ts:111",""
"BmbIframeComponent","longdesc","URL containing a long description of the iframe content.","Componente","bmb-iframe","longdesc","string | null","No","null","input","Biblioteca","No","No","ui-angular/src/lib/components/bmb-iframe/bmb-iframe.component.ts","77","ui-angular/src/lib/components/bmb-iframe/bmb-iframe.stories.ts:121",""
"BmbIframeComponent","name","The name of the iframe.","Componente","bmb-iframe","name","string","No","''","input","Biblioteca","No","No","ui-angular/src/lib/components/bmb-iframe/bmb-iframe.component.ts","78","ui-angular/src/lib/components/bmb-iframe/bmb-iframe.stories.ts:130",""
"BmbIframeComponent","title","Accessible title for the embedded document.","Componente","bmb-iframe","title","string","No","''","input","Biblioteca","No","No","ui-angular/src/lib/components/bmb-iframe/bmb-iframe.component.ts","79","ui-angular/src/lib/components/bmb-iframe/bmb-iframe.stories.ts:146",""
"BmbIframeComponent","sandbox","Space-separated sandbox permission tokens.","Componente","bmb-iframe","sandbox","string | null","No","null","input","Biblioteca","No","No","ui-angular/src/lib/components/bmb-iframe/bmb-iframe.component.ts","80","ui-angular/src/lib/components/bmb-iframe/bmb-iframe.stories.ts:151",""
"BmbIframeComponent","allow","Permissions policy applied to the embedded document.","Componente","bmb-iframe","allow","string | null","No","null","input","Biblioteca","No","No","ui-angular/src/lib/components/bmb-iframe/bmb-iframe.component.ts","81","ui-angular/src/lib/components/bmb-iframe/bmb-iframe.stories.ts:156",""
"BmbIframeComponent","allowFullscreen","Allows the embedded document to enter fullscreen mode.","Componente","bmb-iframe","allowFullscreen","boolean","No","false","input","Biblioteca","No","No","ui-angular/src/lib/components/bmb-iframe/bmb-iframe.component.ts","82","ui-angular/src/lib/components/bmb-iframe/bmb-iframe.stories.ts:161",""
"BmbIframeComponent","credentialless","Loads cross-origin content without credentials.","Componente","bmb-iframe","credentialless","boolean","No","false","input","Biblioteca","No","No","ui-angular/src/lib/components/bmb-iframe/bmb-iframe.component.ts","83","ui-angular/src/lib/components/bmb-iframe/bmb-iframe.stories.ts:166",""
"BmbIframeComponent","csp","Content Security Policy required for the iframe response.","Componente","bmb-iframe","csp","string | null","No","null","input","Biblioteca","No","No","ui-angular/src/lib/components/bmb-iframe/bmb-iframe.component.ts","84","ui-angular/src/lib/components/bmb-iframe/bmb-iframe.stories.ts:171",""
"BmbIframeComponent","referrerPolicy","Controls the referrer information sent by the iframe.","Componente","bmb-iframe","referrerPolicy","BmbIframeReferrerPolicy | null","No","null","input","Biblioteca","No","No","ui-angular/src/lib/components/bmb-iframe/bmb-iframe.component.ts","85","ui-angular/src/lib/components/bmb-iframe/bmb-iframe.stories.ts:176",""
"BmbIframeComponent","iframeId","Sin descripción documentada.","Componente","bmb-iframe","iframeId","string","No","''","input","Biblioteca","No","No","ui-angular/src/lib/components/bmb-iframe/bmb-iframe.component.ts","86","",""
"BmbIframeComponent","iframeClass","Sin descripción documentada.","Componente","bmb-iframe","iframeClass","string","No","''","input","Biblioteca","No","No","ui-angular/src/lib/components/bmb-iframe/bmb-iframe.component.ts","87","",""
"BmbIframeComponent","iframeStyle","Sin descripción documentada.","Componente","bmb-iframe","iframeStyle","string","No","''","input","Biblioteca","No","No","ui-angular/src/lib/components/bmb-iframe/bmb-iframe.component.ts","88","",""
"BmbIframeComponent","iframeAttributes","Sin descripción documentada.","Componente","bmb-iframe","iframeAttributes","BmbIframeAttributes","No","{}","input","Biblioteca","No","No","ui-angular/src/lib/components/bmb-iframe/bmb-iframe.component.ts","89","",""
"BmbImageComponent","src","Sets the Hi-res image source URL","Componente","bmb-image","src","string","No","''","input","Biblioteca","No","No","ui-angular/src/lib/components/bmb-image/bmb-image.component.ts","48","ui-angular/src/lib/components/bmb-image/bmb-image.stories.ts:110",""
"BmbImageComponent","mobileSrc","Sets the low-res image source URL","Componente","bmb-image","mobileSrc","string","No","undefined","input","Biblioteca","No","No","ui-angular/src/lib/components/bmb-image/bmb-image.component.ts","49","ui-angular/src/lib/components/bmb-image/bmb-image.stories.ts:111",""
"BmbImageComponent","alt","Sets the alternative text of the images. It is an essential part of making content accessible.

Refer [here](https://www.w3.org/WAI/alt/) for more information.","Componente","bmb-image","alt","string","No","''","input","Biblioteca","No","No","ui-angular/src/lib/components/bmb-image/bmb-image.component.ts","50","ui-angular/src/lib/components/bmb-image/bmb-image.stories.ts:112",""
"BmbImageComponent","width","Sets a blurred image as a box shadow.","Componente","bmb-image","width","string","No","'100%'","input","Biblioteca","No","No","ui-angular/src/lib/components/bmb-image/bmb-image.component.ts","51","ui-angular/src/lib/components/bmb-image/bmb-image.stories.ts:113",""
"BmbImageComponent","ratio","Sets the aspect ratio of the image.","Componente","bmb-image","ratio","string","No","undefined","input","Biblioteca","No","No","ui-angular/src/lib/components/bmb-image/bmb-image.component.ts","52","ui-angular/src/lib/components/bmb-image/bmb-image.stories.ts:114",""
"BmbImageComponent","borderRadius","Sets the corner radius size.","Componente","bmb-image","borderRadius","SizeNames","No","'m'","input","Biblioteca","No","No","ui-angular/src/lib/components/bmb-image/bmb-image.component.ts","53","ui-angular/src/lib/components/bmb-image/bmb-image.stories.ts:115",""
"BmbImageComponent","loading","Enables the loading behavior.
- **eager**: the browser will load the image immediately.
- **lazy**: the browser will wait until the viewport is close to the image to load it.","Componente","bmb-image","loading","IBmbMediaCardLoading","No","'lazy'","input","Biblioteca","No","No","ui-angular/src/lib/components/bmb-image/bmb-image.component.ts","54","ui-angular/src/lib/components/bmb-image/bmb-image.stories.ts:116",""
"BmbImageComponent","enableZoom","Sets the zoom configuration when true.

It groups multiple interactive icons into a parent element.

By default, it is false, and you do not need to explicitly set it.
The badge should always have a parent element.","Componente","bmb-image","enableZoom","boolean","No","false","input","Biblioteca","No","No","ui-angular/src/lib/components/bmb-image/bmb-image.component.ts","55","ui-angular/src/lib/components/bmb-image/bmb-image.stories.ts:117",""
"BmbImageComponent","isBlurredBackdrop","Sets a blurred image as box shadow.","Componente","bmb-image","isBlurredBackdrop","boolean","No","false","input","Biblioteca","No","No","ui-angular/src/lib/components/bmb-image/bmb-image.component.ts","56","ui-angular/src/lib/components/bmb-image/bmb-image.stories.ts:118",""
"BmbImageComponent","images","Sets multiple images to enable carousel behavior.

When this property is provided with more than one image, the component automatically switches to carousel mode and displays navigation arrows.

Each image supports:
- **src**: high-resolution image URL (required)
- **mobileSrc**: low-resolution image URL (optional)
- **alt**: alternative text (optional)","Componente","bmb-image","images","BmbImageItem[] | null","No","null","input","Biblioteca","No","No","ui-angular/src/lib/components/bmb-image/bmb-image.component.ts","57","ui-angular/src/lib/components/bmb-image/bmb-image.stories.ts:119",""
"BmbImageComponent","callbackParams","Additional parameters to emit with the imageClick event.","Componente","bmb-image","callbackParams","any","No","{}","input","Biblioteca","No","No","ui-angular/src/lib/components/bmb-image/bmb-image.component.ts","58","ui-angular/src/lib/components/bmb-image/bmb-image.stories.ts:140",""
"BmbImageComponent","minHeight","Object specifying minimum heights for small and large screens, used for carousel mode.","Componente","bmb-image","minHeight","BmbImageHeight","No","{ s: 'auto', l: 'auto' }","input","Biblioteca","No","No","ui-angular/src/lib/components/bmb-image/bmb-image.component.ts","59","ui-angular/src/lib/components/bmb-image/bmb-image.stories.ts:148",""
"BmbImageComponent","objectFit","CSS object-fit value to control how the image fits within its container.","Componente","bmb-image","objectFit","IBmbImageObjectFit","No","'cover'","input","Biblioteca","No","No","ui-angular/src/lib/components/bmb-image/bmb-image.component.ts","60","ui-angular/src/lib/components/bmb-image/bmb-image.stories.ts:129",""
"BmbImageComponent","animation","Carousel animation style.","Componente","bmb-image","animation","'fade' | 'parallax' | 'parallax-fade'","No","'parallax'","input","Biblioteca","No","No","ui-angular/src/lib/components/bmb-image/bmb-image.component.ts","61","ui-angular/src/lib/components/bmb-image/bmb-image.stories.ts:120",""
"BmbImageComponent","avoidEncoding","If true, the image URLs will not be encoded.","Componente","bmb-image","avoidEncoding","boolean","No","false","input","Biblioteca","No","No","ui-angular/src/lib/components/bmb-image/bmb-image.component.ts","62","ui-angular/src/lib/components/bmb-image/bmb-image.stories.ts:158",""
"BmbImageComponent","enableCursorPointer","If true, the cursor will be a pointer when hovering over the image, this property only affects the cursor style and do not apply if the carousel is enabled. Note that this does not affect the actual click behavior, which is determined by whether there are listeners for the imageClick event.","Componente","bmb-image","enableCursorPointer","boolean","No","false","input","Biblioteca","No","No","ui-angular/src/lib/components/bmb-image/bmb-image.component.ts","63","ui-angular/src/lib/components/bmb-image/bmb-image.stories.ts:167",""
"BmbImageComponent","autoplay","Enables automatic carousel transition when multiple images are provided.

When enabled, the carousel will automatically move to the next image after the defined interval.","Componente","bmb-image","autoplay","boolean","No","false","input","Biblioteca","No","No","ui-angular/src/lib/components/bmb-image/bmb-image.component.ts","79","ui-angular/src/lib/components/bmb-image/bmb-image.stories.ts:108",""
"BmbImageComponent","autoplayInterval","Defines the interval in milliseconds between automatic carousel transitions.

This property only takes effect when **autoplay** is enabled.","Componente","bmb-image","autoplayInterval","number","No","5000","input","Biblioteca","No","No","ui-angular/src/lib/components/bmb-image/bmb-image.component.ts","80","ui-angular/src/lib/components/bmb-image/bmb-image.stories.ts:109",""
"BmbInnerHeaderComponent","componentTitle","Sets the main title for the header.","Componente","bmb-inner-header","componentTitle","string","No","undefined","input","Biblioteca","No","No","ui-angular/src/lib/components/bmb-inner-header/bmb-inner-header.component.ts","43","ui-angular/src/lib/components/bmb-inner-header/bmb-inner-header.stories.ts:65",""
"BmbInnerHeaderComponent","placeholderSearch","Sets the placeholder text for the search input.","Componente","bmb-inner-header","placeholderSearch","string","No","''","input","Biblioteca","No","No","ui-angular/src/lib/components/bmb-inner-header/bmb-inner-header.component.ts","44","ui-angular/src/lib/components/bmb-inner-header/bmb-inner-header.stories.ts:74",""
"BmbInnerHeaderComponent","trailingIconPrimary","Sets the name of the icon to be displayed.

> [!CALLOUT]
⚙️**Configuration**

>Please refer to [Google Fonts](https://fonts.google.com/icons?icon.size=24&icon.color=%23e8eaed&icon.style=Rounded&icon.set=Material+Symbols) for more icons and make sure that you have selected the filters:
- Fill
- Style:
 - Material Symbols
 - Rounded

‼️These filters are important to ensure that you are choosing an icon that meets the guidelines of ***Bamboo***‼️.

> [!NOTE]
✳️**Note**

>Images are also supported; instead of the name of the primary icon, enter the URL or path of the image to use.

> [!WARNING]
⚠️**Warning**

>Please remember that images need an *alt* to be accessible.
Look for the property to set the alt, if it does not exist in the component it is because the component implements it internally.","Componente","bmb-inner-header","trailingIconPrimary","string","No","''","input","Biblioteca","No","No","ui-angular/src/lib/components/bmb-inner-header/bmb-inner-header.component.ts","45","ui-angular/src/lib/components/bmb-inner-header/bmb-inner-header.stories.ts:83",""
"BmbInnerHeaderComponent","trailingIconSecondary","Sets the name of the icon to be displayed.

> [!CALLOUT]
⚙️**Configuration**

>Please refer to [Google Fonts](https://fonts.google.com/icons?icon.size=24&icon.color=%23e8eaed&icon.style=Rounded&icon.set=Material+Symbols) for more icons and make sure that you have selected the filters:
- Fill
- Style:
 - Material Symbols
 - Rounded

‼️These filters are important to ensure that you are choosing an icon that meets the guidelines of ***Bamboo***‼️.

> [!NOTE]
✳️**Note**

>Images are also supported; instead of the name of the secondary icon, enter the URL or path of the image to use.

> [!WARNING]
⚠️**Warning**

>Please remember that images need an *alt* to be accessible.
Look for the property to set the alt, if it does not exist in the component it is because the component implements it internally.","Componente","bmb-inner-header","trailingIconSecondary","string","No","''","input","Biblioteca","No","No","ui-angular/src/lib/components/bmb-inner-header/bmb-inner-header.component.ts","46","ui-angular/src/lib/components/bmb-inner-header/bmb-inner-header.stories.ts:90",""
"BmbInnerHeaderComponent","disableTrailingIconPrimary","Sin descripción documentada.","Componente","bmb-inner-header","disableTrailingIconPrimary","boolean","No","false","input","Biblioteca","No","No","ui-angular/src/lib/components/bmb-inner-header/bmb-inner-header.component.ts","47","",""
"BmbInnerHeaderComponent","disableTrailingIconSecondary","Sin descripción documentada.","Componente","bmb-inner-header","disableTrailingIconSecondary","boolean","No","false","input","Biblioteca","No","No","ui-angular/src/lib/components/bmb-inner-header/bmb-inner-header.component.ts","48","",""
"BmbInnerHeaderComponent","alternativeTextTrailingIconPrimary","Sets the title of Alternative text for the primary trailing icon.","Componente","bmb-inner-header","alternativeTextTrailingIconPrimary","string","No","''","input","Biblioteca","No","No","ui-angular/src/lib/components/bmb-inner-header/bmb-inner-header.component.ts","49","ui-angular/src/lib/components/bmb-inner-header/bmb-inner-header.stories.ts:132",""
"BmbInnerHeaderComponent","alternativeTextTrailingIconSecondary","Sets the title of Alternative text for the secondary trailing icon.","Componente","bmb-inner-header","alternativeTextTrailingIconSecondary","string","No","''","input","Biblioteca","No","No","ui-angular/src/lib/components/bmb-inner-header/bmb-inner-header.component.ts","50","ui-angular/src/lib/components/bmb-inner-header/bmb-inner-header.stories.ts:139",""
"BmbInnerHeaderComponent","showBack","Sin descripción documentada.","Componente","bmb-inner-header","showBack","boolean","No","false","input","Biblioteca","No","No","ui-angular/src/lib/components/bmb-inner-header/bmb-inner-header.component.ts","51","",""
"BmbInnerHeaderComponent","showClose","Descripción no resuelta automáticamente; consultar la fuente de documentación.","Componente","bmb-inner-header","showClose","boolean","No","false","input","Biblioteca","No","No","ui-angular/src/lib/components/bmb-inner-header/bmb-inner-header.component.ts","52","ui-angular/src/lib/components/bmb-inner-header/bmb-inner-header.stories.ts:97",""
"BmbInnerHeaderComponent","showReturn","Descripción no resuelta automáticamente; consultar la fuente de documentación.","Componente","bmb-inner-header","showReturn","boolean","No","false","input","Biblioteca","No","No","ui-angular/src/lib/components/bmb-inner-header/bmb-inner-header.component.ts","53","ui-angular/src/lib/components/bmb-inner-header/bmb-inner-header.stories.ts:98",""
"BmbInnerHeaderComponent","showSearch","Sets the ***search*** button visible when true.","Componente","bmb-inner-header","showSearch","boolean","No","false","input","Biblioteca","No","No","ui-angular/src/lib/components/bmb-inner-header/bmb-inner-header.component.ts","54","ui-angular/src/lib/components/bmb-inner-header/bmb-inner-header.stories.ts:99",""
"BmbInnerHeaderComponent","title","Please use `componentTitle` instead of `title` to set the component title.","Componente","bmb-inner-header","title","string","No","''","input","Biblioteca","No","Sí","ui-angular/src/lib/components/bmb-inner-header/bmb-inner-header.component.ts","56","ui-angular/src/lib/components/bmb-inner-header/bmb-inner-header.stories.ts:122",""
"BmbInputComponent","label","Sets the label associated with  field.

The label helps users understand the context of what the  field represents.

The label will be displayed above the  field.","Componente","bmb-input","label","string","No","''","input","Biblioteca","No","No","ui-angular/src/lib/components/bmb-input/bmb-input.component.ts","40","ui-angular/src/lib/components/bmb-input/bmb-input.stories.ts:134",""
"BmbInputComponent","type","Sets the type of the input field","Componente","bmb-input","type","IBmbInputType","No","'text'","input","Biblioteca","No","No","ui-angular/src/lib/components/bmb-input/bmb-input.component.ts","41","ui-angular/src/lib/components/bmb-input/bmb-input.stories.ts:113",""
"BmbInputComponent","placeholder","Sets the text to be displayed as a placeholder within the field.","Componente","bmb-input","placeholder","string","No","''","input","Biblioteca","No","No","ui-angular/src/lib/components/bmb-input/bmb-input.component.ts","42","ui-angular/src/lib/components/bmb-input/bmb-input.stories.ts:138",""
"BmbInputComponent","icon","Sets the name of the icon to be displayed.

> [!CALLOUT]
⚙️**Configuration**

>Please refer to [Google Fonts](https://fonts.google.com/icons?icon.size=24&icon.color=%23e8eaed&icon.style=Rounded&icon.set=Material+Symbols) for more icons and make sure that you have selected the filters:
- Fill
- Style:
 - Material Symbols
 - Rounded

‼️These filters are important to ensure that you are choosing an icon that meets the guidelines of ***Bamboo***‼️.

> [!NOTE]
✳️**Note**

>Images are also supported; instead of the icon name, enter the URL or path of the image to use.

> [!WARNING]
⚠️**Warning**

>Please remember that images need an *alt* to be accessible.
Look for the property to set the alt, if it does not exist in the component it is because the component implements it internally.

The icon to display within the field.","Componente","bmb-input","icon","string","No","''","input","Biblioteca","No","No","ui-angular/src/lib/components/bmb-input/bmb-input.component.ts","43","ui-angular/src/lib/components/bmb-input/bmb-input.stories.ts:137",""
"BmbInputComponent","appearance","Sets the appearance of input field, affecting its visual style.","Componente","bmb-input","appearance","IBmbInputAppearance | string","No","'normal'","input","Biblioteca","No","No","ui-angular/src/lib/components/bmb-input/bmb-input.component.ts","44","ui-angular/src/lib/components/bmb-input/bmb-input.stories.ts:133",""
"BmbInputComponent","errorMessage","Sets the error message instance or required field message to display below the field when there is an error in it.

For fields that only require mandatory field validation, it is sufficient to assign a string.

In case the field needs more than one validation per field, it is recommended to instantiate the error specification.

Validations supported in instantiation:

- **required**: corresponds to the validation assigned to the `isRequired` property
- **min**: corresponds to the validation assigned to the `min` property, used for numeric fields
- **max**: corresponds to the validation assigned to the `max` property, used for numeric fields
- **minLength**: corresponds to the validation assigned to the `minlength` property, used for text and textarea fields
- **maxLength**: corresponds to the validation assigned to the `maxlength` property, used for text and textarea fields
- **pattern**: corresponds to the validation assigned to the `pattern` property
- **jsonFormat**: corresponds to the validation assigned to the `jsonFormat` property, used for textarea fields
- **customValidation**: corresponds to the validation assigned to the `customValidation` property

✳️**Note**

Default error messages will be displayed if this property is not assigned correctly.","Componente","bmb-input","errorMessage","string | IBmbInputError","No","''","input","Biblioteca","No","No","ui-angular/src/lib/components/bmb-input/bmb-input.component.ts","45","ui-angular/src/lib/components/bmb-input/bmb-input.stories.ts:142",""
"BmbInputComponent","helperMessage","Sets the text to be displayed as a supporting message below the field.","Componente","bmb-input","helperMessage","string","No","''","input","Biblioteca","No","No","ui-angular/src/lib/components/bmb-input/bmb-input.component.ts","46","ui-angular/src/lib/components/bmb-input/bmb-input.stories.ts:141",""
"BmbInputComponent","disabled","Disables the field when true, making it non-interactive and cannot be clicked.

This is useful for conditions where user interaction should be restricted.

It will not be necessary to define disabled property on the `FormControl` instance, as long as this properties is correctly assigned of this field .","Componente","bmb-input","disabled","boolean","No","false","input","Biblioteca","No","No","ui-angular/src/lib/components/bmb-input/bmb-input.component.ts","47","ui-angular/src/lib/components/bmb-input/bmb-input.stories.ts:139",""
"BmbInputComponent","isRequired","Sets the field as required when true.

Specifies whether the field must be filled out before submitting the form.

This is commonly used to ensure that users do not skip mandatory choices in forms, enhancing data integrity and user interaction compliance.","Componente","bmb-input","isRequired","boolean","No","false","input","Biblioteca","No","No","ui-angular/src/lib/components/bmb-input/bmb-input.component.ts","48","ui-angular/src/lib/components/bmb-input/bmb-input.stories.ts:140",""
"BmbInputComponent","name","Sets the field name.

ℹ️**Important**

This property is essential for correct behavior of the the `FormControl`.

If no name is assigned, a name will be added using `window.crypto.randomUUID()`","Componente","bmb-input","name","string","No","getUUID()","input","Biblioteca","No","No","ui-angular/src/lib/components/bmb-input/bmb-input.component.ts","49","ui-angular/src/lib/components/bmb-input/bmb-input.stories.ts:131",""
"BmbInputComponent","spellcheck","Enables the browser spellcheck when true.","Componente","bmb-input","spellcheck","boolean","No","false","input","Biblioteca","No","No","ui-angular/src/lib/components/bmb-input/bmb-input.component.ts","50","ui-angular/src/lib/components/bmb-input/bmb-input.stories.ts:143",""
"BmbInputComponent","jsonFormat","Enables the skill to validate JSON content when true, this skill only works for the form textarea field.

ℹ️**Important**

For correct behavior, the `pattern` property must not be assigned to the input field.","Componente","bmb-input","jsonFormat","boolean","No","false","input","Biblioteca","No","No","ui-angular/src/lib/components/bmb-input/bmb-input.component.ts","51","ui-angular/src/lib/components/bmb-input/bmb-input.stories.ts:258",""
"BmbInputComponent","heightTextArea","Sets the height of the textarea in pixels, this property only works for the form textarea field..","Componente","bmb-input","heightTextArea","number","No","undefined","input","Biblioteca","No","No","ui-angular/src/lib/components/bmb-input/bmb-input.component.ts","52","ui-angular/src/lib/components/bmb-input/bmb-input.stories.ts:274",""
"BmbInputComponent","maxlength","Descripción no resuelta automáticamente; consultar la fuente de documentación.","Componente","bmb-input","maxlength","number","No","undefined","input","Biblioteca","No","No","ui-angular/src/lib/components/bmb-input/bmb-input.component.ts","53","ui-angular/src/lib/components/bmb-input/bmb-input.stories.ts:165",""
"BmbInputComponent","minlength","Descripción no resuelta automáticamente; consultar la fuente de documentación.","Componente","bmb-input","minlength","number","No","undefined","input","Biblioteca","No","No","ui-angular/src/lib/components/bmb-input/bmb-input.component.ts","54","ui-angular/src/lib/components/bmb-input/bmb-input.stories.ts:178",""
"BmbInputComponent","pattern","Descripción no resuelta automáticamente; consultar la fuente de documentación.","Componente","bmb-input","pattern","string","No","undefined","input","Biblioteca","No","No","ui-angular/src/lib/components/bmb-input/bmb-input.component.ts","55","ui-angular/src/lib/components/bmb-input/bmb-input.stories.ts:213",""
"BmbInputComponent","max","Sets the maximum numeric value allowed.","Componente","bmb-input","max","number","No","undefined","input","Biblioteca","No","No","ui-angular/src/lib/components/bmb-input/bmb-input.component.ts","56","ui-angular/src/lib/components/bmb-input/bmb-input.stories.ts:191",""
"BmbInputComponent","min","Sets the minimum numeric value allowed.","Componente","bmb-input","min","number","No","undefined","input","Biblioteca","No","No","ui-angular/src/lib/components/bmb-input/bmb-input.component.ts","57","ui-angular/src/lib/components/bmb-input/bmb-input.stories.ts:202",""
"BmbInputComponent","value","Sets the value of the field.

This is the value that is taken when the form is submitted.

ℹ️**Important**

The value will not be necessary to define a value on the `FormControl` instance, as long as this properties is correctly assigned of this field .

✳️**Note**

The configuration implemented in the `FormControl` object will always be prioritized.

    formGroup: FormGroup = new FormGroup({
     fieldName: new FormControl('test'),
    });","Componente","bmb-input","value","string","No","undefined","input","Biblioteca","No","No","ui-angular/src/lib/components/bmb-input/bmb-input.component.ts","58","ui-angular/src/lib/components/bmb-input/bmb-input.stories.ts:132",""
"BmbInputComponent","autocomplete","Sets autocomplete on the input field when true.","Componente","bmb-input","autocomplete","string","No","'off'","input","Biblioteca","No","No","ui-angular/src/lib/components/bmb-input/bmb-input.component.ts","59","ui-angular/src/lib/components/bmb-input/bmb-input.stories.ts:154",""
"BmbInputComponent","tooltip","Sets the detail or description to show as a tooltip. It will appear above the field.","Componente","bmb-input","tooltip","string","No","''","input","Biblioteca","No","No","ui-angular/src/lib/components/bmb-input/bmb-input.component.ts","60","ui-angular/src/lib/components/bmb-input/bmb-input.stories.ts:135",""
"BmbInputComponent","rows","Sets the number of visible lines in the form textarea field, this property only works for the form textarea field.","Componente","bmb-input","rows","number","No","3","input","Biblioteca","No","No","ui-angular/src/lib/components/bmb-input/bmb-input.component.ts","61","ui-angular/src/lib/components/bmb-input/bmb-input.stories.ts:244",""
"BmbInputComponent","showMaxTextLength","Shows the length of text typed in the form textarea field, this is shown on the right side of the label when true.

This property only works for the form textarea field.

If the `maxlength` property has been assigned to this form textarea field, this data will also be displayed below the length of text typed, otherwise only a hyphen will be displayed.

Example: 10/20 or 10/-","Componente","bmb-input","showMaxTextLength","boolean","No","true","input","Biblioteca","No","No","ui-angular/src/lib/components/bmb-input/bmb-input.component.ts","62","ui-angular/src/lib/components/bmb-input/bmb-input.stories.ts:226",""
"BmbInputComponent","additionalAction","Sets additional skills to run on this input field.

- **copy**: copies the contents of the entry to the clipboard
- **showHide**: shows and hides the contents of a password type input field, this skill only works for the password type input field","Componente","bmb-input","additionalAction","IBmbAdditionalAction","No","'none'","input","Biblioteca","No","No","ui-angular/src/lib/components/bmb-input/bmb-input.component.ts","63","ui-angular/src/lib/components/bmb-input/bmb-input.stories.ts:285",""
"BmbInputComponent","isClearable","Sets the skill to clear the contents of this field when true","Componente","bmb-input","isClearable","boolean","No","false","input","Biblioteca","No","No","ui-angular/src/lib/components/bmb-input/bmb-input.component.ts","64","ui-angular/src/lib/components/bmb-input/bmb-input.stories.ts:284",""
"BmbInputComponent","customValidation","Sets custom validator function to the field.

Example of a `ValidatorFn`
    handleCustomValidator(): ValidatorFn {
      return (control: AbstractControl): ValidationErrors | null => {
        const { value } = control;
        if (!value) return null;

        if (value === 'value example') return { customValidation: true };

        return null;
      };
    }","Componente","bmb-input","customValidation","ValidatorFn","No","undefined","input","Biblioteca","No","No","ui-angular/src/lib/components/bmb-input/bmb-input.component.ts","65","ui-angular/src/lib/components/bmb-input/bmb-input.stories.ts:257",""
"BmbInputComponent","inputId","Sets the unique identifier for the field.

This property is used to link the label to the field through the ***for*** attribute, improving accessibility and usability.","Componente","bmb-input","inputId","string","No","this.name()","input","Biblioteca","No","No","ui-angular/src/lib/components/bmb-input/bmb-input.component.ts","66","ui-angular/src/lib/components/bmb-input/bmb-input.stories.ts:130",""
"BmbInputComponent","isLoading","Sin descripción documentada.","Componente","bmb-input","isLoading","boolean","No","false","input","Biblioteca","No","No","ui-angular/src/lib/components/bmb-input/bmb-input.component.ts","67","",""
"BmbInputComponent","showError","⛔**Deprecated**
This property will not be maintainable.
  This will be removed in future versions.

**Clarification:**

This property is not required or used because error validation is performed by `FomControl`.

Below is a snippet of the **TypeScript example** that performs automatic validation and marks the field as visited:
    ...
    updateErrorState(): void {
      ...
      control.markAsTouched();
      control.updateValueAndValidity();
      ...","Componente","bmb-input","showError","boolean","No","false","model","Biblioteca","No","No","ui-angular/src/lib/components/bmb-input/bmb-input.component.ts","69","ui-angular/src/lib/components/bmb-input/bmb-input.stories.ts:329",""
"BmbInputComponent","control","Sets the `FormControl` instance to manage the state of the field.

ℹ️**Important**

It is essential to assign the property `name` for correct behavior of the field.

It will not be necessary to define `Validators` in the `FormControl` instance, as long as the properties of this field are correctly assigned.

This component automatically implements the `Validators` on the following properties:

- **isRequired**: adds `Validators.required` to the `FormControl`
- **minlength**: adds `Validators.minLength` to the `FormControl`
- **maxlength**: adds `Validators.maxLength` to the `FormControl`
- **max**: adds `Validators.max` to the `FormControl`
- **min**: adds `Validators.min` to the `FormControl`
- **pattern**: adds `Validators.pattern` to the `FormControl`

In ***Bamboo***, it is possible to implement automatic field validation using the `bmb-form-validator` component.

The `bmb-form-validator` component contains the state of the form by collecting the form fields and adding them to a `FormGroup`.

Please check the ***Form validator*** documentation for details on how to implement `bmb-form-validator` component.

This documentation is displayed as a tab at the top.","Componente","bmb-input","control","FormControl","No","newFormControlByType(this.type())","model","Biblioteca","No","No","ui-angular/src/lib/components/bmb-input/bmb-input.component.ts","70","ui-angular/src/lib/components/bmb-input/bmb-input.stories.ts:307",""
"BmbInputComponent","tooltipPosition","Sets the position of the tooltip.

Properties:
- `align`: Sets the position of the tooltip.
- `justify`: Sets the justification with reference to the icon's tooltip.","Componente","bmb-input","tooltipPosition","IBmbInputTooltipPosition","No","{ align: 'above', justify: 'before', }","input","Biblioteca","No","Sí","ui-angular/src/lib/components/bmb-input/bmb-input.component.ts","77","ui-angular/src/lib/components/bmb-input/bmb-input.stories.ts:136",""
"BmbInputContentComponent","type","Sin descripción documentada.","Componente","bmb-input-content","type","IBmbInputType","No","'text'","input","Biblioteca","No","No","ui-angular/src/lib/components/bmb-input/bmb-input-content/bmb-input-content.component.ts","43","",""
"BmbInputContentComponent","placeholder","Sin descripción documentada.","Componente","bmb-input-content","placeholder","string","No","''","input","Biblioteca","No","No","ui-angular/src/lib/components/bmb-input/bmb-input-content/bmb-input-content.component.ts","44","",""
"BmbInputContentComponent","icon","Sin descripción documentada.","Componente","bmb-input-content","icon","string","No","''","input","Biblioteca","No","No","ui-angular/src/lib/components/bmb-input/bmb-input-content/bmb-input-content.component.ts","45","",""
"BmbInputContentComponent","appearance","Sin descripción documentada.","Componente","bmb-input-content","appearance","IBmbInputAppearance | string","No","'normal'","input","Biblioteca","No","No","ui-angular/src/lib/components/bmb-input/bmb-input-content/bmb-input-content.component.ts","46","",""
"BmbInputContentComponent","isRequired","Sin descripción documentada.","Componente","bmb-input-content","isRequired","boolean","No","false","input","Biblioteca","No","No","ui-angular/src/lib/components/bmb-input/bmb-input-content/bmb-input-content.component.ts","47","",""
"BmbInputContentComponent","name","Sin descripción documentada.","Componente","bmb-input-content","name","string","Sí","Sin valor predeterminado (requerido)","input.required","Biblioteca","No","No","ui-angular/src/lib/components/bmb-input/bmb-input-content/bmb-input-content.component.ts","48","",""
"BmbInputContentComponent","spellcheck","Sin descripción documentada.","Componente","bmb-input-content","spellcheck","boolean","No","false","input","Biblioteca","No","No","ui-angular/src/lib/components/bmb-input/bmb-input-content/bmb-input-content.component.ts","49","",""
"BmbInputContentComponent","heightTextArea","Sin descripción documentada.","Componente","bmb-input-content","heightTextArea","number","No","undefined","input","Biblioteca","No","No","ui-angular/src/lib/components/bmb-input/bmb-input-content/bmb-input-content.component.ts","50","",""
"BmbInputContentComponent","maxLength","Sin descripción documentada.","Componente","bmb-input-content","maxLength","number","No","undefined","input","Biblioteca","No","No","ui-angular/src/lib/components/bmb-input/bmb-input-content/bmb-input-content.component.ts","51","",""
"BmbInputContentComponent","minLength","Sin descripción documentada.","Componente","bmb-input-content","minLength","number","No","undefined","input","Biblioteca","No","No","ui-angular/src/lib/components/bmb-input/bmb-input-content/bmb-input-content.component.ts","52","",""
"BmbInputContentComponent","pattern","Sin descripción documentada.","Componente","bmb-input-content","pattern","string","No","undefined","input","Biblioteca","No","No","ui-angular/src/lib/components/bmb-input/bmb-input-content/bmb-input-content.component.ts","53","",""
"BmbInputContentComponent","max","Sin descripción documentada.","Componente","bmb-input-content","max","number","No","undefined","input","Biblioteca","No","No","ui-angular/src/lib/components/bmb-input/bmb-input-content/bmb-input-content.component.ts","54","",""
"BmbInputContentComponent","min","Sin descripción documentada.","Componente","bmb-input-content","min","number","No","undefined","input","Biblioteca","No","No","ui-angular/src/lib/components/bmb-input/bmb-input-content/bmb-input-content.component.ts","55","",""
"BmbInputContentComponent","inputId","Sin descripción documentada.","Componente","bmb-input-content","inputId","string","No","undefined","input","Biblioteca","No","No","ui-angular/src/lib/components/bmb-input/bmb-input-content/bmb-input-content.component.ts","56","",""
"BmbInputContentComponent","autoComplete","Sin descripción documentada.","Componente","bmb-input-content","autoComplete","string","No","'off'","input","Biblioteca","No","No","ui-angular/src/lib/components/bmb-input/bmb-input-content/bmb-input-content.component.ts","57","",""
"BmbInputContentComponent","rows","Sin descripción documentada.","Componente","bmb-input-content","rows","number","No","3","input","Biblioteca","No","No","ui-angular/src/lib/components/bmb-input/bmb-input-content/bmb-input-content.component.ts","58","",""
"BmbInputContentComponent","isReadOnly","Sin descripción documentada.","Componente","bmb-input-content","isReadOnly","boolean","No","false","input","Biblioteca","No","No","ui-angular/src/lib/components/bmb-input/bmb-input-content/bmb-input-content.component.ts","59","",""
"BmbInputContentComponent","additionalAction","Sin descripción documentada.","Componente","bmb-input-content","additionalAction","IBmbAdditionalAction","No","'none'","input","Biblioteca","No","No","ui-angular/src/lib/components/bmb-input/bmb-input-content/bmb-input-content.component.ts","60","",""
"BmbInputContentComponent","isClearable","Sin descripción documentada.","Componente","bmb-input-content","isClearable","boolean","No","false","input","Biblioteca","No","No","ui-angular/src/lib/components/bmb-input/bmb-input-content/bmb-input-content.component.ts","61","",""
"BmbInputContentComponent","isError","Sin descripción documentada.","Componente","bmb-input-content","isError","boolean","No","false","input","Biblioteca","No","No","ui-angular/src/lib/components/bmb-input/bmb-input-content/bmb-input-content.component.ts","62","",""
"BmbInputContentComponent","isHidden","Sin descripción documentada.","Componente","bmb-input-content","isHidden","boolean","No","false","input","Biblioteca","No","No","ui-angular/src/lib/components/bmb-input/bmb-input-content/bmb-input-content.component.ts","63","",""
"BmbInputContentComponent","showStates","Sin descripción documentada.","Componente","bmb-input-content","showStates","boolean","No","false","input","Biblioteca","No","No","ui-angular/src/lib/components/bmb-input/bmb-input-content/bmb-input-content.component.ts","64","",""
"BmbInputContentComponent","isLoading","Sin descripción documentada.","Componente","bmb-input-content","isLoading","boolean","No","false","input","Biblioteca","No","No","ui-angular/src/lib/components/bmb-input/bmb-input-content/bmb-input-content.component.ts","65","",""
"BmbInputContentComponent","control","Sin descripción documentada.","Componente","bmb-input-content","control","FormControl","No","new FormControl()","model","Biblioteca","No","No","ui-angular/src/lib/components/bmb-input/bmb-input-content/bmb-input-content.component.ts","67","",""
"BmbInputPhoneNumberComponent","label","Sets the label associated with  field.

The label helps users understand the context of what the  field represents.

The label will be displayed above the  field.","Componente","bmb-input-phone-number","label","string","No","''","input","Biblioteca","No","No","ui-angular/src/lib/components/bmb-input-phone-number/bmb-input-phone-number.component.ts","69","ui-angular/src/lib/components/bmb-input-phone-number/bmb-input-phone-number.stories.ts:144",""
"BmbInputPhoneNumberComponent","name","Sets the field name.

ℹ️**Important**

This property is essential for correct behavior of the the `FormControl`.

If no name is assigned, a name will be added using `window.crypto.randomUUID()`","Componente","bmb-input-phone-number","name","string","No","getUUID()","input","Biblioteca","No","No","ui-angular/src/lib/components/bmb-input-phone-number/bmb-input-phone-number.component.ts","70","ui-angular/src/lib/components/bmb-input-phone-number/bmb-input-phone-number.stories.ts:148",""
"BmbInputPhoneNumberComponent","value","Sets the value of the field.

This is the value that is taken when the form is submitted.

ℹ️**Important**

The value will not be necessary to define a value on the `FormControl` instance, as long as this properties is correctly assigned of this field .

✳️**Note**

The configuration implemented in the `FormControl` object will always be prioritized.

    formGroup: FormGroup = new FormGroup({
     fieldName: new FormControl('test'),
    });","Componente","bmb-input-phone-number","value","string","No","''","input","Biblioteca","No","No","ui-angular/src/lib/components/bmb-input-phone-number/bmb-input-phone-number.component.ts","71","ui-angular/src/lib/components/bmb-input-phone-number/bmb-input-phone-number.stories.ts:149",""
"BmbInputPhoneNumberComponent","isRequired","Sets the field as required when true.

Specifies whether the field must be filled out before submitting the form.

This is commonly used to ensure that users do not skip mandatory choices in forms, enhancing data integrity and user interaction compliance.","Componente","bmb-input-phone-number","isRequired","boolean","No","false","input","Biblioteca","No","No","ui-angular/src/lib/components/bmb-input-phone-number/bmb-input-phone-number.component.ts","72","ui-angular/src/lib/components/bmb-input-phone-number/bmb-input-phone-number.stories.ts:123",""
"BmbInputPhoneNumberComponent","tooltip","Sets the detail or description to show as a tooltip. It will appear above the field.","Componente","bmb-input-phone-number","tooltip","string","No","''","input","Biblioteca","No","No","ui-angular/src/lib/components/bmb-input-phone-number/bmb-input-phone-number.component.ts","73","ui-angular/src/lib/components/bmb-input-phone-number/bmb-input-phone-number.stories.ts:145",""
"BmbInputPhoneNumberComponent","tooltipPosition","Sets the position of the tooltip.

Properties:
- `align`: Sets the position of the tooltip.
- `justify`: Sets the justification with reference to the icon's tooltip.","Componente","bmb-input-phone-number","tooltipPosition","IBmbInputTooltipPosition","No","{ align: 'above', justify: 'before', }","input","Biblioteca","No","No","ui-angular/src/lib/components/bmb-input-phone-number/bmb-input-phone-number.component.ts","74","ui-angular/src/lib/components/bmb-input-phone-number/bmb-input-phone-number.stories.ts:146",""
"BmbInputPhoneNumberComponent","defaultCountryCode","Sets the default country code for the phone number input (e.g., ""mx"" for Mexico).","Componente","bmb-input-phone-number","defaultCountryCode","string","No","'mx'","input","Biblioteca","No","No","ui-angular/src/lib/components/bmb-input-phone-number/bmb-input-phone-number.component.ts","78","ui-angular/src/lib/components/bmb-input-phone-number/bmb-input-phone-number.stories.ts:152",""
"BmbInputPhoneNumberComponent","placeholder","Sets the text to be displayed as a placeholder within the field.","Componente","bmb-input-phone-number","placeholder","string","No","''","input","Biblioteca","No","No","ui-angular/src/lib/components/bmb-input-phone-number/bmb-input-phone-number.component.ts","79","ui-angular/src/lib/components/bmb-input-phone-number/bmb-input-phone-number.stories.ts:151",""
"BmbInputPhoneNumberComponent","errorMessage","Sets the error message instance or required field message to display below the field when there is an error in it.

For fields that only require mandatory field validation, it is sufficient to assign a string.

In case the field needs more than one validation per field, it is recommended to instantiate the error specification.

Validations supported in instantiation:

- **required**: corresponds to the validation assigned to the `isRequired` property
- **min**: corresponds to the validation assigned to the `min` property, used for numeric fields
- **max**: corresponds to the validation assigned to the `max` property, used for numeric fields
- **minLength**: corresponds to the validation assigned to the `minlength` property, used for text and textarea fields
- **maxLength**: corresponds to the validation assigned to the `maxlength` property, used for text and textarea fields
- **pattern**: corresponds to the validation assigned to the `pattern` property
- **jsonFormat**: corresponds to the validation assigned to the `jsonFormat` property, used for textarea fields
- **customValidation**: corresponds to the validation assigned to the `customValidation` property

✳️**Note**

Default error messages will be displayed if this property is not assigned correctly.","Componente","bmb-input-phone-number","errorMessage","string | IBmbInputError","No","''","input","Biblioteca","No","No","ui-angular/src/lib/components/bmb-input-phone-number/bmb-input-phone-number.component.ts","80","ui-angular/src/lib/components/bmb-input-phone-number/bmb-input-phone-number.stories.ts:121",""
"BmbInputPhoneNumberComponent","disabled","Disables the field when true, making it non-interactive and cannot be clicked.

This is useful for conditions where user interaction should be restricted.

It will not be necessary to define disabled property on the `FormControl` instance, as long as this properties is correctly assigned of this field .","Componente","bmb-input-phone-number","disabled","boolean","No","false","input","Biblioteca","No","No","ui-angular/src/lib/components/bmb-input-phone-number/bmb-input-phone-number.component.ts","81","ui-angular/src/lib/components/bmb-input-phone-number/bmb-input-phone-number.stories.ts:120",""
"BmbInputPhoneNumberComponent","inputId","Sets the unique identifier for the field.

This property is used to link the label to the field through the ***for*** attribute, improving accessibility and usability.","Componente","bmb-input-phone-number","inputId","string","No","this.name()","input","Biblioteca","No","No","ui-angular/src/lib/components/bmb-input-phone-number/bmb-input-phone-number.component.ts","82","ui-angular/src/lib/components/bmb-input-phone-number/bmb-input-phone-number.stories.ts:147",""
"BmbInputPhoneNumberComponent","helperMessage","Sets the text to be displayed as a supporting message below the field.","Componente","bmb-input-phone-number","helperMessage","string","No","''","input","Biblioteca","No","No","ui-angular/src/lib/components/bmb-input-phone-number/bmb-input-phone-number.component.ts","83","ui-angular/src/lib/components/bmb-input-phone-number/bmb-input-phone-number.stories.ts:150",""
"BmbInputPhoneNumberComponent","preferredCountries","Sets the list of countries that should be shown at the top.","Componente","bmb-input-phone-number","preferredCountries","string[]","No","['mx']","input","Biblioteca","No","No","ui-angular/src/lib/components/bmb-input-phone-number/bmb-input-phone-number.component.ts","84","ui-angular/src/lib/components/bmb-input-phone-number/bmb-input-phone-number.stories.ts:124",""
"BmbInputPhoneNumberComponent","onlyCountries","Restricts the dropdown to only these countries (county codes example: mx, us, ca).","Componente","bmb-input-phone-number","onlyCountries","string[]","No","[]","input","Biblioteca","No","No","ui-angular/src/lib/components/bmb-input-phone-number/bmb-input-phone-number.component.ts","85","ui-angular/src/lib/components/bmb-input-phone-number/bmb-input-phone-number.stories.ts:134",""
"BmbInputPhoneNumberComponent","customValidation","Sets custom validator function to the field.

Example of a `ValidatorFn`
    handleCustomValidator(): ValidatorFn {
      return (control: AbstractControl): ValidationErrors | null => {
        const { value } = control;
        if (!value) return null;

        if (value === 'value example') return { customValidation: true };

        return null;
      };
    }","Componente","bmb-input-phone-number","customValidation","ValidatorFn","No","undefined","input","Biblioteca","No","No","ui-angular/src/lib/components/bmb-input-phone-number/bmb-input-phone-number.component.ts","86","ui-angular/src/lib/components/bmb-input-phone-number/bmb-input-phone-number.stories.ts:122",""
"BmbInputPhoneNumberComponent","control","Sets the `FormControl` instance to manage the state of the field.

ℹ️**Important**

It is essential to assign the property `name` for correct behavior of the field.

It will not be necessary to define `Validators` in the `FormControl` instance, as long as the properties of this field are correctly assigned.

This component automatically implements the `Validators` on the following properties:

- **isRequired**: adds `Validators.required` to the `FormControl`
- **minlength**: adds `Validators.minLength` to the `FormControl`
- **maxlength**: adds `Validators.maxLength` to the `FormControl`
- **max**: adds `Validators.max` to the `FormControl`
- **min**: adds `Validators.min` to the `FormControl`
- **pattern**: adds `Validators.pattern` to the `FormControl`

In ***Bamboo***, it is possible to implement automatic field validation using the `bmb-form-validator` component.

The `bmb-form-validator` component contains the state of the form by collecting the form fields and adding them to a `FormGroup`.

Please check the ***Form validator*** documentation for details on how to implement `bmb-form-validator` component.

This documentation is displayed as a tab at the top.","Componente","bmb-input-phone-number","control","FormControl","No","new FormControl()","model","Biblioteca","No","No","ui-angular/src/lib/components/bmb-input-phone-number/bmb-input-phone-number.component.ts","88","ui-angular/src/lib/components/bmb-input-phone-number/bmb-input-phone-number.stories.ts:119",""
"BmbInputStatesDirective","focus","Sin descripción documentada.","Directiva","[bmb-input-states]","focus","() => void","No","() => undefined","input","Biblioteca","Sí","No","ui-angular/src/lib/directives/old/bmb-input-states/bmb-input-states.directive.ts","7","",""
"BmbInputStatesDirective","blur","Sin descripción documentada.","Directiva","[bmb-input-states]","blur","() => void","No","() => undefined","input","Biblioteca","Sí","No","ui-angular/src/lib/directives/old/bmb-input-states/bmb-input-states.directive.ts","8","",""
"BmbInputTagsComponent","errorMessage","Sets the error message instance or required field message to display below the field when there is an error in it.

For fields that only require mandatory field validation, it is sufficient to assign a string.

In case the field needs more than one validation per field, it is recommended to instantiate the error specification.

Validations supported in instantiation:

- **required**: corresponds to the validation assigned to the `isRequired` property
- **min**: corresponds to the validation assigned to the `min` property, used for numeric fields
- **max**: corresponds to the validation assigned to the `max` property, used for numeric fields
- **minLength**: corresponds to the validation assigned to the `minlength` property, used for text and textarea fields
- **maxLength**: corresponds to the validation assigned to the `maxlength` property, used for text and textarea fields
- **pattern**: corresponds to the validation assigned to the `pattern` property
- **jsonFormat**: corresponds to the validation assigned to the `jsonFormat` property, used for textarea fields
- **customValidation**: corresponds to the validation assigned to the `customValidation` property

✳️**Note**

Default error messages will be displayed if this property is not assigned correctly.","Componente","bmb-input-tags","errorMessage","string | IBmbInputError","No","''","input","Biblioteca","No","No","ui-angular/src/lib/components/bmb-input-tags/bmb-input-tags.component.ts","67","ui-angular/src/lib/components/bmb-input-tags/bmb_input-tags.stories.ts:130",""
"BmbInputTagsComponent","tooltip","Sets the detail or description to show as a tooltip. It will appear above the field.","Componente","bmb-input-tags","tooltip","string","No","''","input","Biblioteca","No","No","ui-angular/src/lib/components/bmb-input-tags/bmb-input-tags.component.ts","68","ui-angular/src/lib/components/bmb-input-tags/bmb_input-tags.stories.ts:149",""
"BmbInputTagsComponent","tooltipPosition","Sets the position of the tooltip.

Properties:
- `align`: Sets the position of the tooltip.
- `justify`: Sets the justification with reference to the icon's tooltip.","Componente","bmb-input-tags","tooltipPosition","IBmbInputTooltipPosition","No","{ align: 'above', justify: 'before', }","input","Biblioteca","No","No","ui-angular/src/lib/components/bmb-input-tags/bmb-input-tags.component.ts","69","ui-angular/src/lib/components/bmb-input-tags/bmb_input-tags.stories.ts:150",""
"BmbInputTagsComponent","label","Sets the label associated with  field.

The label helps users understand the context of what the  field represents.

The label will be displayed above the  field.","Componente","bmb-input-tags","label","string","No","''","input","Biblioteca","No","No","ui-angular/src/lib/components/bmb-input-tags/bmb-input-tags.component.ts","73","ui-angular/src/lib/components/bmb-input-tags/bmb_input-tags.stories.ts:136",""
"BmbInputTagsComponent","placeholder","Sets the text to be displayed as a placeholder within the field.","Componente","bmb-input-tags","placeholder","string","No","''","input","Biblioteca","No","No","ui-angular/src/lib/components/bmb-input-tags/bmb-input-tags.component.ts","74","ui-angular/src/lib/components/bmb-input-tags/bmb_input-tags.stories.ts:134",""
"BmbInputTagsComponent","isRequired","Sets the field as required when true.

Specifies whether the field must be filled out before submitting the form.

This is commonly used to ensure that users do not skip mandatory choices in forms, enhancing data integrity and user interaction compliance.","Componente","bmb-input-tags","isRequired","boolean","No","false","input","Biblioteca","No","No","ui-angular/src/lib/components/bmb-input-tags/bmb-input-tags.component.ts","75","ui-angular/src/lib/components/bmb-input-tags/bmb_input-tags.stories.ts:133",""
"BmbInputTagsComponent","helperMessage","Sets the text to be displayed as a supporting message below the field.","Componente","bmb-input-tags","helperMessage","string","No","''","input","Biblioteca","No","No","ui-angular/src/lib/components/bmb-input-tags/bmb-input-tags.component.ts","76","ui-angular/src/lib/components/bmb-input-tags/bmb_input-tags.stories.ts:132",""
"BmbInputTagsComponent","disabled","Disables the field when true, making it non-interactive and cannot be clicked.

This is useful for conditions where user interaction should be restricted.

It will not be necessary to define disabled property on the `FormControl` instance, as long as this properties is correctly assigned of this field .","Componente","bmb-input-tags","disabled","boolean","No","false","input","Biblioteca","No","No","ui-angular/src/lib/components/bmb-input-tags/bmb-input-tags.component.ts","77","ui-angular/src/lib/components/bmb-input-tags/bmb_input-tags.stories.ts:135",""
"BmbInputTagsComponent","name","Sets the field name.

ℹ️**Important**

This property is essential for correct behavior of the the `FormControl`.

If no name is assigned, a name will be added using `window.crypto.randomUUID()`","Componente","bmb-input-tags","name","string","No","getUUID()","input","Biblioteca","No","No","ui-angular/src/lib/components/bmb-input-tags/bmb-input-tags.component.ts","78","ui-angular/src/lib/components/bmb-input-tags/bmb_input-tags.stories.ts:152",""
"BmbInputTagsComponent","value","Sets the value of the field.

This is the value that is taken when the form is submitted.

ℹ️**Important**

The value will not be necessary to define a value on the `FormControl` instance, as long as this properties is correctly assigned of this field .

✳️**Note**

The configuration implemented in the `FormControl` object will always be prioritized.

    formGroup: FormGroup = new FormGroup({
     fieldName: new FormControl('test'),
    });","Componente","bmb-input-tags","value","string | string[]","No","''","input","Biblioteca","No","No","ui-angular/src/lib/components/bmb-input-tags/bmb-input-tags.component.ts","79","ui-angular/src/lib/components/bmb-input-tags/bmb_input-tags.stories.ts:153",""
"BmbInputTagsComponent","showError","⛔**Deprecated**
This property will not be maintainable.
  This will be removed in future versions.

**Clarification:**

This property is not required or used because error validation is performed by `FomControl`.

Below is a snippet of the **TypeScript example** that performs automatic validation and marks the field as visited:
    ...
    updateErrorState(): void {
      ...
      control.markAsTouched();
      control.updateValueAndValidity();
      ...","Componente","bmb-input-tags","showError","boolean","No","false","input","Biblioteca","No","No","ui-angular/src/lib/components/bmb-input-tags/bmb-input-tags.component.ts","80","ui-angular/src/lib/components/bmb-input-tags/bmb_input-tags.stories.ts:137",""
"BmbInputTagsComponent","inputId","Sets the unique identifier for the field.

This property is used to link the label to the field through the ***for*** attribute, improving accessibility and usability.","Componente","bmb-input-tags","inputId","string","No","this.name()","input","Biblioteca","No","No","ui-angular/src/lib/components/bmb-input-tags/bmb-input-tags.component.ts","81","ui-angular/src/lib/components/bmb-input-tags/bmb_input-tags.stories.ts:151",""
"BmbInputTagsComponent","customValidation","Sets custom validator function to the field.

Example of a `ValidatorFn`
    handleCustomValidator(): ValidatorFn {
      return (control: AbstractControl): ValidationErrors | null => {
        const { value } = control;
        if (!value) return null;

        if (value === 'value example') return { customValidation: true };

        return null;
      };
    }","Componente","bmb-input-tags","customValidation","ValidatorFn","No","undefined","input","Biblioteca","No","No","ui-angular/src/lib/components/bmb-input-tags/bmb-input-tags.component.ts","82","ui-angular/src/lib/components/bmb-input-tags/bmb_input-tags.stories.ts:131",""
"BmbInputTagsComponent","enableCustomTags","Sin descripción documentada.","Componente","bmb-input-tags","enableCustomTags","boolean","No","true","input","Biblioteca","No","No","ui-angular/src/lib/components/bmb-input-tags/bmb-input-tags.component.ts","83","",""
"BmbInputTagsComponent","tagOptions","Sets the options the user can select from.","Componente","bmb-input-tags","tagOptions","string[] | IBmbDropdownItem[]","No","[]","model","Biblioteca","No","No","ui-angular/src/lib/components/bmb-input-tags/bmb-input-tags.component.ts","85","ui-angular/src/lib/components/bmb-input-tags/bmb_input-tags.stories.ts:138",""
"BmbInputTagsComponent","control","Sets the `FormControl` instance to manage the state of the field.

ℹ️**Important**

It is essential to assign the property `name` for correct behavior of the field.

It will not be necessary to define `Validators` in the `FormControl` instance, as long as the properties of this field are correctly assigned.

This component automatically implements the `Validators` on the following properties:

- **isRequired**: adds `Validators.required` to the `FormControl`
- **minlength**: adds `Validators.minLength` to the `FormControl`
- **maxlength**: adds `Validators.maxLength` to the `FormControl`
- **max**: adds `Validators.max` to the `FormControl`
- **min**: adds `Validators.min` to the `FormControl`
- **pattern**: adds `Validators.pattern` to the `FormControl`

In ***Bamboo***, it is possible to implement automatic field validation using the `bmb-form-validator` component.

The `bmb-form-validator` component contains the state of the form by collecting the form fields and adding them to a `FormGroup`.

Please check the ***Form validator*** documentation for details on how to implement `bmb-form-validator` component.

This documentation is displayed as a tab at the top.","Componente","bmb-input-tags","control","FormControl","No","newFormControlByType()","model","Biblioteca","No","No","ui-angular/src/lib/components/bmb-input-tags/bmb-input-tags.component.ts","86","ui-angular/src/lib/components/bmb-input-tags/bmb_input-tags.stories.ts:129",""
"BmbInputValidatorComponent","inputId","Sin descripción documentada.","Componente","bmb-input-validator","inputId","string","No","''","input","Biblioteca","No","No","ui-angular/src/lib/components/bmb-input/bmb-input-validator/bmb-input-validator.component.ts","47","",""
"BmbInputValidatorComponent","type","Sin descripción documentada.","Componente","bmb-input-validator","type","IBmbInputType | IBmbInputValType","No","'text'","input","Biblioteca","No","No","ui-angular/src/lib/components/bmb-input/bmb-input-validator/bmb-input-validator.component.ts","48","",""
"BmbInputValidatorComponent","appearance","Sin descripción documentada.","Componente","bmb-input-validator","appearance","IBmbInputAppearance | string","No","'normal'","input","Biblioteca","No","No","ui-angular/src/lib/components/bmb-input/bmb-input-validator/bmb-input-validator.component.ts","49","",""
"BmbInputValidatorComponent","label","Sin descripción documentada.","Componente","bmb-input-validator","label","string","No","''","input","Biblioteca","No","No","ui-angular/src/lib/components/bmb-input/bmb-input-validator/bmb-input-validator.component.ts","50","",""
"BmbInputValidatorComponent","labelPosition","Sin descripción documentada.","Componente","bmb-input-validator","labelPosition","IBbmSidePosition | null","No","undefined","input","Biblioteca","No","No","ui-angular/src/lib/components/bmb-input/bmb-input-validator/bmb-input-validator.component.ts","51","",""
"BmbInputValidatorComponent","name","Sin descripción documentada.","Componente","bmb-input-validator","name","string","No","''","input","Biblioteca","No","No","ui-angular/src/lib/components/bmb-input/bmb-input-validator/bmb-input-validator.component.ts","52","",""
"BmbInputValidatorComponent","value","Sin descripción documentada.","Componente","bmb-input-validator","value","string | string[]","No","undefined","input","Biblioteca","No","No","ui-angular/src/lib/components/bmb-input/bmb-input-validator/bmb-input-validator.component.ts","53","",""
"BmbInputValidatorComponent","checked","Sin descripción documentada.","Componente","bmb-input-validator","checked","boolean","No","false","input","Biblioteca","No","No","ui-angular/src/lib/components/bmb-input/bmb-input-validator/bmb-input-validator.component.ts","54","",""
"BmbInputValidatorComponent","isRequired","Sin descripción documentada.","Componente","bmb-input-validator","isRequired","boolean","No","false","input","Biblioteca","No","No","ui-angular/src/lib/components/bmb-input/bmb-input-validator/bmb-input-validator.component.ts","55","",""
"BmbInputValidatorComponent","isDisabled","Sin descripción documentada.","Componente","bmb-input-validator","isDisabled","boolean","No","false","input","Biblioteca","No","No","ui-angular/src/lib/components/bmb-input/bmb-input-validator/bmb-input-validator.component.ts","56","",""
"BmbInputValidatorComponent","max","Sin descripción documentada.","Componente","bmb-input-validator","max","number","No","undefined","input","Biblioteca","No","No","ui-angular/src/lib/components/bmb-input/bmb-input-validator/bmb-input-validator.component.ts","57","",""
"BmbInputValidatorComponent","min","Sin descripción documentada.","Componente","bmb-input-validator","min","number","No","undefined","input","Biblioteca","No","No","ui-angular/src/lib/components/bmb-input/bmb-input-validator/bmb-input-validator.component.ts","58","",""
"BmbInputValidatorComponent","maxLength","Sin descripción documentada.","Componente","bmb-input-validator","maxLength","number","No","undefined","input","Biblioteca","No","No","ui-angular/src/lib/components/bmb-input/bmb-input-validator/bmb-input-validator.component.ts","59","",""
"BmbInputValidatorComponent","minLength","Sin descripción documentada.","Componente","bmb-input-validator","minLength","number","No","undefined","input","Biblioteca","No","No","ui-angular/src/lib/components/bmb-input/bmb-input-validator/bmb-input-validator.component.ts","60","",""
"BmbInputValidatorComponent","pattern","Sin descripción documentada.","Componente","bmb-input-validator","pattern","string","No","undefined","input","Biblioteca","No","No","ui-angular/src/lib/components/bmb-input/bmb-input-validator/bmb-input-validator.component.ts","61","",""
"BmbInputValidatorComponent","jsonFormat","Sin descripción documentada.","Componente","bmb-input-validator","jsonFormat","boolean","No","false","input","Biblioteca","No","No","ui-angular/src/lib/components/bmb-input/bmb-input-validator/bmb-input-validator.component.ts","62","",""
"BmbInputValidatorComponent","tooltip","Sin descripción documentada.","Componente","bmb-input-validator","tooltip","string","No","''","input","Biblioteca","No","No","ui-angular/src/lib/components/bmb-input/bmb-input-validator/bmb-input-validator.component.ts","63","",""
"BmbInputValidatorComponent","rows","Sin descripción documentada.","Componente","bmb-input-validator","rows","number","No","3","input","Biblioteca","No","No","ui-angular/src/lib/components/bmb-input/bmb-input-validator/bmb-input-validator.component.ts","64","",""
"BmbInputValidatorComponent","showMaxTextLength","Sin descripción documentada.","Componente","bmb-input-validator","showMaxTextLength","boolean | null","No","true","input","Biblioteca","No","No","ui-angular/src/lib/components/bmb-input/bmb-input-validator/bmb-input-validator.component.ts","65","",""
"BmbInputValidatorComponent","helperMessage","Sin descripción documentada.","Componente","bmb-input-validator","helperMessage","string","No","''","input","Biblioteca","No","No","ui-angular/src/lib/components/bmb-input/bmb-input-validator/bmb-input-validator.component.ts","66","",""
"BmbInputValidatorComponent","errorMessage","Sin descripción documentada.","Componente","bmb-input-validator","errorMessage","string | IBmbInputError","No","''","input","Biblioteca","No","No","ui-angular/src/lib/components/bmb-input/bmb-input-validator/bmb-input-validator.component.ts","67","",""
"BmbInputValidatorComponent","customValidation","Sin descripción documentada.","Componente","bmb-input-validator","customValidation","ValidatorFn | ValidatorFn[]","No","undefined","input","Biblioteca","No","No","ui-angular/src/lib/components/bmb-input/bmb-input-validator/bmb-input-validator.component.ts","68","",""
"BmbInputValidatorComponent","isMultipleFile","Sin descripción documentada.","Componente","bmb-input-validator","isMultipleFile","boolean | null","No","true","input","Biblioteca","No","No","ui-angular/src/lib/components/bmb-input/bmb-input-validator/bmb-input-validator.component.ts","69","",""
"BmbInputValidatorComponent","showError","Sin descripción documentada.","Componente","bmb-input-validator","showError","boolean","No","false","model","Biblioteca","No","No","ui-angular/src/lib/components/bmb-input/bmb-input-validator/bmb-input-validator.component.ts","71","",""
"BmbInputValidatorComponent","control","Sin descripción documentada.","Componente","bmb-input-validator","control","FormControl","No","undefined","model","Biblioteca","No","No","ui-angular/src/lib/components/bmb-input/bmb-input-validator/bmb-input-validator.component.ts","72","",""
"BmbInteractiveIconComponent","appearanceContrast","Sets the appearance of contrast to be applied to the interactive icon, affecting its visual style.","Componente","bmb-interactive-icon","appearanceContrast","IBmbContrast","No","'default'","input","Biblioteca","No","No","ui-angular/src/lib/components/bmb-interactive-icon/bmb-interactive-icon.component.ts","48","ui-angular/src/lib/components/bmb-interactive-icon/bmb-interactive-icon.stories.ts:79",""
"BmbInteractiveIconComponent","appearance","Sets the appearance of the interactive icon, affecting its visual style.","Componente","bmb-interactive-icon","appearance","| IBmbBaseColors | IBmbmitecBaseColors | IBmbCreativeBaseColors | IBmbSemanticBaseColors | IBmbSemanticColors | IBmbMitecInstitutionalColors | IBmbCreativeUseColors | IBmbAlertColors | IBmbInteractiveIconAppearance","No","'red'","input","Biblioteca","No","No","ui-angular/src/lib/components/bmb-interactive-icon/bmb-interactive-icon.component.ts","49","ui-angular/src/lib/components/bmb-interactive-icon/bmb-interactive-icon.stories.ts:114",""
"BmbInteractiveIconComponent","description","Sets the description of the interactive icon.","Componente","bmb-interactive-icon","description","string","No","''","input","Biblioteca","No","No","ui-angular/src/lib/components/bmb-interactive-icon/bmb-interactive-icon.component.ts","60","ui-angular/src/lib/components/bmb-interactive-icon/bmb-interactive-icon.stories.ts:96",""
"BmbInteractiveIconComponent","icon","Sets the name of the icon to be displayed.

> [!CALLOUT]
⚙️**Configuration**

>Please refer to [Google Fonts](https://fonts.google.com/icons?icon.size=24&icon.color=%23e8eaed&icon.style=Rounded&icon.set=Material+Symbols) for more icons and make sure that you have selected the filters:
- Fill
- Style:
 - Material Symbols
 - Rounded

‼️These filters are important to ensure that you are choosing an icon that meets the guidelines of ***Bamboo***‼️.

> [!NOTE]
✳️**Note**

>Images are also supported; instead of the icon name, enter the URL or path of the image to use.

> [!WARNING]
⚠️**Warning**

>Please remember that images need an *alt* to be accessible.
Look for the property to set the alt, if it does not exist in the component it is because the component implements it internally.","Componente","bmb-interactive-icon","icon","string","No","'face'","input","Biblioteca","No","No","ui-angular/src/lib/components/bmb-interactive-icon/bmb-interactive-icon.component.ts","61","ui-angular/src/lib/components/bmb-interactive-icon/bmb-interactive-icon.stories.ts:107",""
"BmbInteractiveIconComponent","dotNotification","Sets the notification counter number (0 to hide).","Componente","bmb-interactive-icon","dotNotification","number","No","undefined","input","Biblioteca","No","No","ui-angular/src/lib/components/bmb-interactive-icon/bmb-interactive-icon.component.ts","62","ui-angular/src/lib/components/bmb-interactive-icon/bmb-interactive-icon.stories.ts:84",""
"BmbInteractiveIconComponent","horizontal","Sets the horizontal orientation when true. This property is effective when you want to include a description with a horizontal orientation.","Componente","bmb-interactive-icon","horizontal","boolean","No","false","input","Biblioteca","No","No","ui-angular/src/lib/components/bmb-interactive-icon/bmb-interactive-icon.component.ts","63","ui-angular/src/lib/components/bmb-interactive-icon/bmb-interactive-icon.stories.ts:121",""
"BmbInteractiveIconComponent","target","Sets the target property for the link. Refer to [here](https://developer.mozilla.org/en-US/docs/Web/HTML/Element/a) for more information.","Componente","bmb-interactive-icon","target","IBmbTargetLink","No","undefined","input","Biblioteca","No","No","ui-angular/src/lib/components/bmb-interactive-icon/bmb-interactive-icon.component.ts","64","ui-angular/src/lib/components/bmb-interactive-icon/bmb-interactive-icon.stories.ts:120",""
"BmbInteractiveIconComponent","link","Sets the link for redirection to another or same page. If this property is empty it will emit the button event.","Componente","bmb-interactive-icon","link","string","No","undefined","input","Biblioteca","No","No","ui-angular/src/lib/components/bmb-interactive-icon/bmb-interactive-icon.component.ts","65","ui-angular/src/lib/components/bmb-interactive-icon/bmb-interactive-icon.stories.ts:119",""
"BmbInteractiveIconComponent","layout","Sets the layout behavior.","Componente","bmb-interactive-icon","layout","IBmbInteractiveIconType","No","'regular'","input","Biblioteca","No","No","ui-angular/src/lib/components/bmb-interactive-icon/bmb-interactive-icon.component.ts","66","ui-angular/src/lib/components/bmb-interactive-icon/bmb-interactive-icon.stories.ts:131",""
"BmbInteractiveIconComponent","setButtonTemplate","⛔**Deprecated**
This property will not be maintainable.
  This will be removed in future versions.","Componente","bmb-interactive-icon","setButtonTemplate","boolean","No","false","input","Biblioteca","No","No","ui-angular/src/lib/components/bmb-interactive-icon/bmb-interactive-icon.component.ts","67","ui-angular/src/lib/components/bmb-interactive-icon/bmb-interactive-icon.stories.ts:143",""
"BmbInteractiveIconComponent","componentTitle","Sets the title of the interactive icon.","Componente","bmb-interactive-icon","componentTitle","string","No","undefined","input","Biblioteca","No","No","ui-angular/src/lib/components/bmb-interactive-icon/bmb-interactive-icon.component.ts","68","ui-angular/src/lib/components/bmb-interactive-icon/bmb-interactive-icon.stories.ts:85",""
"BmbInteractiveIconComponent","title","Please use `componentTitle` instead of `title` to set the component title.","Componente","bmb-interactive-icon","title","string","No","undefined","input","Biblioteca","No","Sí","ui-angular/src/lib/components/bmb-interactive-icon/bmb-interactive-icon.component.ts","70","ui-angular/src/lib/components/bmb-interactive-icon/bmb-interactive-icon.stories.ts:145",""
"BmbInteractiveItemChevronComponent","itemTitle","Sets the main label of the item.","Componente","bmb-interactive-item-chevron","itemTitle","string","Sí","Sin valor predeterminado (requerido)","input.required","Biblioteca","No","No","ui-angular/src/lib/components/bmb-interactive-item/bmb-interactive-item-chevron/bmb-interactive-item-chevron.component.ts","28","ui-angular/src/lib/components/bmb-interactive-item/bmb-interactive-item-chevron/bmb-interactive-item-chevron.stories.ts:37",""
"BmbInteractiveItemChevronComponent","itemSubtitle","Sets the subtitle of the item.","Componente","bmb-interactive-item-chevron","itemSubtitle","string","Sí","Sin valor predeterminado (requerido)","input.required","Biblioteca","No","No","ui-angular/src/lib/components/bmb-interactive-item/bmb-interactive-item-chevron/bmb-interactive-item-chevron.component.ts","29","ui-angular/src/lib/components/bmb-interactive-item/bmb-interactive-item-chevron/bmb-interactive-item-chevron.stories.ts:38",""
"BmbInteractiveItemChevronComponent","isDisabled","Disables the element when true, making it non-interactive and cannot be clicked.

This is useful for conditions where user interaction should be restricted.","Componente","bmb-interactive-item-chevron","isDisabled","boolean","No","false","input","Biblioteca","No","No","ui-angular/src/lib/components/bmb-interactive-item/bmb-interactive-item-chevron/bmb-interactive-item-chevron.component.ts","30","ui-angular/src/lib/components/bmb-interactive-item/bmb-interactive-item-chevron/bmb-interactive-item-chevron.stories.ts:42",""
"BmbInteractiveItemDefaultComponent","icon","Sets the name of the icon to be displayed.

> [!CALLOUT]
⚙️**Configuration**

>Please refer to [Google Fonts](https://fonts.google.com/icons?icon.size=24&icon.color=%23e8eaed&icon.style=Rounded&icon.set=Material+Symbols) for more icons and make sure that you have selected the filters:
- Fill
- Style:
 - Material Symbols
 - Rounded

‼️These filters are important to ensure that you are choosing an icon that meets the guidelines of ***Bamboo***‼️.

> [!NOTE]
✳️**Note**

>Images are also supported; instead of the icon name, enter the URL or path of the image to use.

> [!WARNING]
⚠️**Warning**

>Please remember that images need an *alt* to be accessible.
Look for the property to set the alt, if it does not exist in the component it is because the component implements it internally.","Componente","bmb-interactive-item-default","icon","string","Sí","Sin valor predeterminado (requerido)","input.required","Biblioteca","No","No","ui-angular/src/lib/components/bmb-interactive-item/bmb-interactive-item-default/bmb-interactive-item-default.component.ts","38","ui-angular/src/lib/components/bmb-interactive-item/bmb-interactive-item-default/bmb-interactive-item-default.stories.ts:42",""
"BmbInteractiveItemDefaultComponent","itemTitle","Sets the main label of the item.","Componente","bmb-interactive-item-default","itemTitle","string","Sí","Sin valor predeterminado (requerido)","input.required","Biblioteca","No","No","ui-angular/src/lib/components/bmb-interactive-item/bmb-interactive-item-default/bmb-interactive-item-default.component.ts","39","ui-angular/src/lib/components/bmb-interactive-item/bmb-interactive-item-default/bmb-interactive-item-default.stories.ts:53",""
"BmbInteractiveItemDefaultComponent","isActive","Sets the item active when true.
> [!CALLOUT]
ℹ️**Important**

>The inactive state changes the subtitle and trailing icon; the item remains clickable.","Componente","bmb-interactive-item-default","isActive","boolean | undefined","No","false","input","Biblioteca","No","No","ui-angular/src/lib/components/bmb-interactive-item/bmb-interactive-item-default/bmb-interactive-item-default.component.ts","40","ui-angular/src/lib/components/bmb-interactive-item/bmb-interactive-item-default/bmb-interactive-item-default.stories.ts:54",""
"BmbInteractiveItemTextButtonComponent","icon","Sets the name of the icon to be displayed.

> [!CALLOUT]
⚙️**Configuration**

>Please refer to [Google Fonts](https://fonts.google.com/icons?icon.size=24&icon.color=%23e8eaed&icon.style=Rounded&icon.set=Material+Symbols) for more icons and make sure that you have selected the filters:
- Fill
- Style:
 - Material Symbols
 - Rounded

‼️These filters are important to ensure that you are choosing an icon that meets the guidelines of ***Bamboo***‼️.

> [!NOTE]
✳️**Note**

>Images are also supported; instead of the icon name, enter the URL or path of the image to use.

> [!WARNING]
⚠️**Warning**

>Please remember that images need an *alt* to be accessible.
Look for the property to set the alt, if it does not exist in the component it is because the component implements it internally.","Componente","bmb-interactive-item-text-button","icon","string","Sí","Sin valor predeterminado (requerido)","input.required","Biblioteca","No","No","ui-angular/src/lib/components/bmb-interactive-item/bmb-interactive-item-text-button/bmb-interactive-item-text-button.component.ts","20","ui-angular/src/lib/components/bmb-interactive-item/bmb-interactive-item-text-button/bmb-interactive-item-text-button.stories.ts:36",""
"BmbInteractiveItemTextButtonComponent","label","Sets the main label of the item.","Componente","bmb-interactive-item-text-button","label","string","Sí","Sin valor predeterminado (requerido)","input.required","Biblioteca","No","No","ui-angular/src/lib/components/bmb-interactive-item/bmb-interactive-item-text-button/bmb-interactive-item-text-button.component.ts","21","ui-angular/src/lib/components/bmb-interactive-item/bmb-interactive-item-text-button/bmb-interactive-item-text-button.stories.ts:47",""
"BmbInteractiveItemTextButtonComponent","value","Sets the text value to show on the right side.","Componente","bmb-interactive-item-text-button","value","string","Sí","Sin valor predeterminado (requerido)","input.required","Biblioteca","No","No","ui-angular/src/lib/components/bmb-interactive-item/bmb-interactive-item-text-button/bmb-interactive-item-text-button.component.ts","22","ui-angular/src/lib/components/bmb-interactive-item/bmb-interactive-item-text-button/bmb-interactive-item-text-button.stories.ts:48",""
"BmbInteractiveItemTextButtonComponent","isDisabled","Disables the element when true, making it non-interactive and cannot be clicked.

This is useful for conditions where user interaction should be restricted.","Componente","bmb-interactive-item-text-button","isDisabled","boolean","No","false","input","Biblioteca","No","No","ui-angular/src/lib/components/bmb-interactive-item/bmb-interactive-item-text-button/bmb-interactive-item-text-button.component.ts","23","ui-angular/src/lib/components/bmb-interactive-item/bmb-interactive-item-text-button/bmb-interactive-item-text-button.stories.ts:59",""
"BmbInvoiceComponent","appearanceContrast","Sets the appearance of invoice, affecting its visual style.","Componente","bmb-invoice","appearanceContrast","IBmbContrast","No","'default'","input","Biblioteca","No","No","ui-angular/src/lib/components/bmb-invoice/bmb-invoice.component.ts","33","ui-angular/src/lib/components/bmb-invoice/bmb-invoice.stories.ts:55",""
"BmbInvoiceComponent","data","Sets the invoice data.","Componente","bmb-invoice","data","IBmbInvoice","No","undefined","input","Biblioteca","No","No","ui-angular/src/lib/components/bmb-invoice/bmb-invoice.component.ts","34","ui-angular/src/lib/components/bmb-invoice/bmb-invoice.stories.ts:60",""
"BmbItemActionsComponent","icon","Sets the name of the icon to be displayed.

> [!CALLOUT]
⚙️**Configuration**

>Please refer to [Google Fonts](https://fonts.google.com/icons?icon.size=24&icon.color=%23e8eaed&icon.style=Rounded&icon.set=Material+Symbols) for more icons and make sure that you have selected the filters:
- Fill
- Style:
 - Material Symbols
 - Rounded

‼️These filters are important to ensure that you are choosing an icon that meets the guidelines of ***Bamboo***‼️.

> [!NOTE]
✳️**Note**

>Images are also supported; instead of the icon name, enter the URL or path of the image to use.

> [!WARNING]
⚠️**Warning**

>Please remember that images need an *alt* to be accessible.
Look for the property to set the alt, if it does not exist in the component it is because the component implements it internally.","Componente","bmb-item-actions","icon","string","No","''","input","Biblioteca","No","No","ui-angular/src/lib/components/bmb-item/bmb-item-actions/bmb-item-actions.component.ts","23","ui-angular/src/lib/components/bmb-item/bmb-item-actions/bmb-item-actions.stories.ts:36",""
"BmbItemActionsComponent","label","Sets the main label of the item.","Componente","bmb-item-actions","label","string","Sí","Sin valor predeterminado (requerido)","input.required","Biblioteca","No","No","ui-angular/src/lib/components/bmb-item/bmb-item-actions/bmb-item-actions.component.ts","24","ui-angular/src/lib/components/bmb-item/bmb-item-actions/bmb-item-actions.stories.ts:37",""
"BmbItemActionsComponent","isDisabled","Disables the element when true, making it non-interactive and cannot be clicked.

This is useful for conditions where user interaction should be restricted.","Componente","bmb-item-actions","isDisabled","boolean","No","false","input","Biblioteca","No","No","ui-angular/src/lib/components/bmb-item/bmb-item-actions/bmb-item-actions.component.ts","25","ui-angular/src/lib/components/bmb-item/bmb-item-actions/bmb-item-actions.stories.ts:38",""
"BmbItemComponent","icon","Sets the name of the icon to be displayed.

> [!CALLOUT]
⚙️**Configuration**

>Please refer to [Google Fonts](https://fonts.google.com/icons?icon.size=24&icon.color=%23e8eaed&icon.style=Rounded&icon.set=Material+Symbols) for more icons and make sure that you have selected the filters:
- Fill
- Style:
 - Material Symbols
 - Rounded

‼️These filters are important to ensure that you are choosing an icon that meets the guidelines of ***Bamboo***‼️.

> [!NOTE]
✳️**Note**

>Images are also supported; instead of the icon name, enter the URL or path of the image to use.

> [!WARNING]
⚠️**Warning**

>Please remember that images need an *alt* to be accessible.
Look for the property to set the alt, if it does not exist in the component it is because the component implements it internally.","Componente","bmb-item","icon","string","No","''","input","Biblioteca","No","No","ui-angular/src/lib/components/bmb-item/bmb-item.component.ts","45","ui-angular/src/lib/components/bmb-item/bmb-item.stories.ts:62",""
"BmbItemComponent","iconSize","Sets the size of the icon or width of the image to use.

✳️**Note**
 <= 0 will be inherited.","Componente","bmb-item","iconSize","number","No","20","input","Biblioteca","No","No","ui-angular/src/lib/components/bmb-item/bmb-item.component.ts","46","ui-angular/src/lib/components/bmb-item/bmb-item.stories.ts:63",""
"BmbItemComponent","label","Sets the main label of the item.","Componente","bmb-item","label","string","No","''","input","Biblioteca","No","No","ui-angular/src/lib/components/bmb-item/bmb-item.component.ts","47","ui-angular/src/lib/components/bmb-item/bmb-item.stories.ts:64",""
"BmbItemComponent","value","Sets the value to show on the right side.","Componente","bmb-item","value","string","No","''","input","Biblioteca","No","No","ui-angular/src/lib/components/bmb-item/bmb-item.component.ts","48","ui-angular/src/lib/components/bmb-item/bmb-item.stories.ts:72",""
"BmbItemComponent","valueLink","Sets the link for redirection to another or same page. If this property is empty it will emit the button event.","Componente","bmb-item","valueLink","string","No","''","input","Biblioteca","No","No","ui-angular/src/lib/components/bmb-item/bmb-item.component.ts","49","ui-angular/src/lib/components/bmb-item/bmb-item.stories.ts:81",""
"BmbItemComponent","valueTarget","Sets the target property for the link. Refer to [here](https://developer.mozilla.org/en-US/docs/Web/HTML/Element/a) for more information.","Componente","bmb-item","valueTarget","IBmbTargetLink","No","'_blank'","input","Biblioteca","No","No","ui-angular/src/lib/components/bmb-item/bmb-item.component.ts","50","ui-angular/src/lib/components/bmb-item/bmb-item.stories.ts:82",""
"BmbItemComponent","supportText","Sets a support text shown below the label.","Componente","bmb-item","supportText","string","No","''","input","Biblioteca","No","No","ui-angular/src/lib/components/bmb-item/bmb-item.component.ts","51","ui-angular/src/lib/components/bmb-item/bmb-item.stories.ts:83",""
"BmbItemComponent","isButton","Sets the  when true.Renders the item as a button when true.","Componente","bmb-item","isButton","boolean","No","false","input","Biblioteca","No","No","ui-angular/src/lib/components/bmb-item/bmb-item.component.ts","52","ui-angular/src/lib/components/bmb-item/bmb-item.stories.ts:92",""
"BmbItemComponent","rightIcon","Sets the name of the icon to be displayed.

> [!CALLOUT]
⚙️**Configuration**

>Please refer to [Google Fonts](https://fonts.google.com/icons?icon.size=24&icon.color=%23e8eaed&icon.style=Rounded&icon.set=Material+Symbols) for more icons and make sure that you have selected the filters:
- Fill
- Style:
 - Material Symbols
 - Rounded

‼️These filters are important to ensure that you are choosing an icon that meets the guidelines of ***Bamboo***‼️.

> [!NOTE]
✳️**Note**

>Images are also supported; instead of the icon name, enter the URL or path of the image to use.

> [!WARNING]
⚠️**Warning**

>Please remember that images need an *alt* to be accessible.
Look for the property to set the alt, if it does not exist in the component it is because the component implements it internally.","Componente","bmb-item","rightIcon","string","No","''","input","Biblioteca","No","No","ui-angular/src/lib/components/bmb-item/bmb-item.component.ts","53","ui-angular/src/lib/components/bmb-item/bmb-item.stories.ts:97",""
"BmbItemComponent","subLabel","Sets the second label of the item.

> [!CALLOUT]
ℹ️**Important**

>This label is only displayed for the variant with *right icon.*","Componente","bmb-item","subLabel","string","No","''","input","Biblioteca","No","No","ui-angular/src/lib/components/bmb-item/bmb-item.component.ts","54","ui-angular/src/lib/components/bmb-item/bmb-item.stories.ts:65",""
"BmbItemDefaultComponent","icon","Sets the name of the icon to be displayed.

> [!CALLOUT]
⚙️**Configuration**

>Please refer to [Google Fonts](https://fonts.google.com/icons?icon.size=24&icon.color=%23e8eaed&icon.style=Rounded&icon.set=Material+Symbols) for more icons and make sure that you have selected the filters:
- Fill
- Style:
 - Material Symbols
 - Rounded

‼️These filters are important to ensure that you are choosing an icon that meets the guidelines of ***Bamboo***‼️.

> [!NOTE]
✳️**Note**

>Images are also supported; instead of the icon name, enter the URL or path of the image to use.

> [!WARNING]
⚠️**Warning**

>Please remember that images need an *alt* to be accessible.
Look for the property to set the alt, if it does not exist in the component it is because the component implements it internally.","Componente","bmb-item-default","icon","string","No","''","input","Biblioteca","No","No","ui-angular/src/lib/components/bmb-item/bmb-item-default/bmb-item-default.component.ts","22","ui-angular/src/lib/components/bmb-item/bmb-item-default/bmb-item-default.stories.ts:34",""
"BmbItemDefaultComponent","label","Sets the main label of the item.","Componente","bmb-item-default","label","string","Sí","Sin valor predeterminado (requerido)","input.required","Biblioteca","No","No","ui-angular/src/lib/components/bmb-item/bmb-item-default/bmb-item-default.component.ts","23","ui-angular/src/lib/components/bmb-item/bmb-item-default/bmb-item-default.stories.ts:35",""
"BmbItemDefaultComponent","value","Sets the text value to show on the right side.","Componente","bmb-item-default","value","string","No","''","input","Biblioteca","No","No","ui-angular/src/lib/components/bmb-item/bmb-item-default/bmb-item-default.component.ts","24","ui-angular/src/lib/components/bmb-item/bmb-item-default/bmb-item-default.stories.ts:36",""
"BmbItemHyperlinkComponent","icon","Sets the name of the icon to be displayed.

> [!CALLOUT]
⚙️**Configuration**

>Please refer to [Google Fonts](https://fonts.google.com/icons?icon.size=24&icon.color=%23e8eaed&icon.style=Rounded&icon.set=Material+Symbols) for more icons and make sure that you have selected the filters:
- Fill
- Style:
 - Material Symbols
 - Rounded

‼️These filters are important to ensure that you are choosing an icon that meets the guidelines of ***Bamboo***‼️.

> [!NOTE]
✳️**Note**

>Images are also supported; instead of the icon name, enter the URL or path of the image to use.

> [!WARNING]
⚠️**Warning**

>Please remember that images need an *alt* to be accessible.
Look for the property to set the alt, if it does not exist in the component it is because the component implements it internally.","Componente","bmb-item-hyperlink","icon","string","No","''","input","Biblioteca","No","No","ui-angular/src/lib/components/bmb-item/bmb-item-hyperlink/bmb-item-hyperlink.component.ts","30","ui-angular/src/lib/components/bmb-item/bmb-item-hyperlink/bmb-item-hyperlink.stories.ts:35",""
"BmbItemHyperlinkComponent","label","Sets the main label of the item.","Componente","bmb-item-hyperlink","label","string","Sí","Sin valor predeterminado (requerido)","input.required","Biblioteca","No","No","ui-angular/src/lib/components/bmb-item/bmb-item-hyperlink/bmb-item-hyperlink.component.ts","31","ui-angular/src/lib/components/bmb-item/bmb-item-hyperlink/bmb-item-hyperlink.stories.ts:36",""
"BmbItemHyperlinkComponent","value","Sets the text value to show on the right side.","Componente","bmb-item-hyperlink","value","string","Sí","Sin valor predeterminado (requerido)","input.required","Biblioteca","No","No","ui-angular/src/lib/components/bmb-item/bmb-item-hyperlink/bmb-item-hyperlink.component.ts","32","ui-angular/src/lib/components/bmb-item/bmb-item-hyperlink/bmb-item-hyperlink.stories.ts:37",""
"BmbItemHyperlinkComponent","valueLink","Sets the link for redirection to another or same page.","Componente","bmb-item-hyperlink","valueLink","string","Sí","Sin valor predeterminado (requerido)","input.required","Biblioteca","No","No","ui-angular/src/lib/components/bmb-item/bmb-item-hyperlink/bmb-item-hyperlink.component.ts","33","ui-angular/src/lib/components/bmb-item/bmb-item-hyperlink/bmb-item-hyperlink.stories.ts:48",""
"BmbItemHyperlinkComponent","valueTarget","Sets the target property for the link. Refer to [here](https://developer.mozilla.org/en-US/docs/Web/HTML/Element/a) for more information.","Componente","bmb-item-hyperlink","valueTarget","IBmbTargetLink","No","'_blank'","input","Biblioteca","No","No","ui-angular/src/lib/components/bmb-item/bmb-item-hyperlink/bmb-item-hyperlink.component.ts","34","ui-angular/src/lib/components/bmb-item/bmb-item-hyperlink/bmb-item-hyperlink.stories.ts:59",""
"BmbItemInformativeTextComponent","icon","Sets the name of the icon to be displayed.

> [!CALLOUT]
⚙️**Configuration**

>Please refer to [Google Fonts](https://fonts.google.com/icons?icon.size=24&icon.color=%23e8eaed&icon.style=Rounded&icon.set=Material+Symbols) for more icons and make sure that you have selected the filters:
- Fill
- Style:
 - Material Symbols
 - Rounded

‼️These filters are important to ensure that you are choosing an icon that meets the guidelines of ***Bamboo***‼️.

> [!NOTE]
✳️**Note**

>Images are also supported; instead of the icon name, enter the URL or path of the image to use.

> [!WARNING]
⚠️**Warning**

>Please remember that images need an *alt* to be accessible.
Look for the property to set the alt, if it does not exist in the component it is because the component implements it internally.","Componente","bmb-item-informative-text","icon","string","No","''","input","Biblioteca","No","No","ui-angular/src/lib/components/bmb-item/bmb-item-informative-text/bmb-item-informative-text.component.ts","34","ui-angular/src/lib/components/bmb-item/bmb-item-informative-text/bmb-item-informative-text.stories.ts:35",""
"BmbItemInformativeTextComponent","itemTitle","Sets the title of the item.","Componente","bmb-item-informative-text","itemTitle","string","No","undefined","input","Biblioteca","No","No","ui-angular/src/lib/components/bmb-item/bmb-item-informative-text/bmb-item-informative-text.component.ts","35","ui-angular/src/lib/components/bmb-item/bmb-item-informative-text/bmb-item-informative-text.stories.ts:36",""
"BmbItemInformativeTextComponent","supportText","Sets the support static text of the item.","Componente","bmb-item-informative-text","supportText","string","No","undefined","input","Biblioteca","No","No","ui-angular/src/lib/components/bmb-item/bmb-item-informative-text/bmb-item-informative-text.component.ts","36","ui-angular/src/lib/components/bmb-item/bmb-item-informative-text/bmb-item-informative-text.stories.ts:39",""
"BmbItemInformativeTextComponent","supportTextLinkLabel","Sets the support label for the text link of the item.","Componente","bmb-item-informative-text","supportTextLinkLabel","string","No","undefined","input","Biblioteca","No","No","ui-angular/src/lib/components/bmb-item/bmb-item-informative-text/bmb-item-informative-text.component.ts","37","ui-angular/src/lib/components/bmb-item/bmb-item-informative-text/bmb-item-informative-text.stories.ts:43",""
"BmbItemInformativeTextComponent","supportTextLink","Sets the link for redirection to another or same page.","Componente","bmb-item-informative-text","supportTextLink","string","No","undefined","input","Biblioteca","No","No","ui-angular/src/lib/components/bmb-item/bmb-item-informative-text/bmb-item-informative-text.component.ts","38","ui-angular/src/lib/components/bmb-item/bmb-item-informative-text/bmb-item-informative-text.stories.ts:46",""
"BmbItemInformativeTextComponent","supportTextTarget","Sets the target property for the link. Refer to [here](https://developer.mozilla.org/en-US/docs/Web/HTML/Element/a) for more information.","Componente","bmb-item-informative-text","supportTextTarget","IBmbTargetLink","No","'_blank'","input","Biblioteca","No","No","ui-angular/src/lib/components/bmb-item/bmb-item-informative-text/bmb-item-informative-text.component.ts","39","ui-angular/src/lib/components/bmb-item/bmb-item-informative-text/bmb-item-informative-text.stories.ts:47",""
"BmbLayoutDirective","gapSize","Sets the size of the space (gap) between elements.","Directiva","[bmbLayout]","gapSize","SizeNames","No","'m'","input","Biblioteca","No","No","ui-angular/src/lib/directives/bmb-layout/bmb-layout.directive.ts","18","ui-angular/src/lib/directives/bmb-layout/bmb-layout.stories.ts:88",""
"BmbLayoutDirective","margin","Sets the margin size","Directiva","[bmbLayout]","margin","SizeNames","No","'m'","input","Biblioteca","No","No","ui-angular/src/lib/directives/bmb-layout/bmb-layout.directive.ts","19","ui-angular/src/lib/directives/bmb-layout/bmb-layout.stories.ts:89",""
"BmbLayoutDirective","dynamicCols","Enables the dinamic size for bmbLayoutItem","Directiva","[bmbLayout]","dynamicCols","boolean","No","false","input","Biblioteca","No","No","ui-angular/src/lib/directives/bmb-layout/bmb-layout.directive.ts","20","ui-angular/src/lib/directives/bmb-layout/bmb-layout.stories.ts:101",""
"BmbLayoutDirective","justify","Sets the justification (justify-content) of elements.","Directiva","[bmbLayout]","justify","IJustifyOptions | IJustifyOptionsResponsive","No","'start'","input","Biblioteca","No","No","ui-angular/src/lib/directives/bmb-layout/bmb-layout.directive.ts","21","ui-angular/src/lib/directives/bmb-layout/bmb-layout.stories.ts:110",""
"BmbLayoutDirective","alignItems","Sets the alignment (align-items) of elements.","Directiva","[bmbLayout]","alignItems","IAlignItemsOptions | IAlignItemsOptionsResponsive","No","'start'","input","Biblioteca","No","No","ui-angular/src/lib/directives/bmb-layout/bmb-layout.directive.ts","22","ui-angular/src/lib/directives/bmb-layout/bmb-layout.stories.ts:111",""
"BmbLayoutDirective","isContainerQuery","Marks the layout as a query container when true.

⚙️**Configuration**

`@container` queries are useful for deep content in containers that are not favored by `@media` queries because it is relative to the device resolution.","Directiva","[bmbLayout]","isContainerQuery","boolean","No","undefined","input","Biblioteca","No","No","ui-angular/src/lib/directives/bmb-layout/bmb-layout.directive.ts","23","ui-angular/src/lib/directives/bmb-layout/bmb-layout.stories.ts:112",""
"BmbLayoutDirective","avoidRowWrap","Prevents items from wrapping to the next row when true.","Directiva","[bmbLayout]","avoidRowWrap","boolean","No","false","input","Biblioteca","No","No","ui-angular/src/lib/directives/bmb-layout/bmb-layout.directive.ts","24","ui-angular/src/lib/directives/bmb-layout/bmb-layout.stories.ts:143",""
"BmbLayoutDirective","horizontalScroll","Keeps items in one row and enables horizontal scrolling only when they overflow.","Directiva","[bmbLayout]","horizontalScroll","boolean","No","false","input","Biblioteca","No","No","ui-angular/src/lib/directives/bmb-layout/bmb-layout.directive.ts","25","ui-angular/src/lib/directives/bmb-layout/bmb-layout.stories.ts:134",""
"BmbLayoutDirective","flow","Sets the flex-flow to the grid","Directiva","[bmbLayout]","flow","ILayoutFlow | ILayoutFlowResponsive","No","'row'","input","Biblioteca","No","No","ui-angular/src/lib/directives/bmb-layout/bmb-layout.directive.ts","26","ui-angular/src/lib/directives/bmb-layout/bmb-layout.stories.ts:124",""
"BmbLayoutGridDirective","colGapSize","The gap size between columns.","Directiva","[bmbLayoutGrid]","colGapSize","SizeNames","No","'m'","input","Biblioteca","Sí","No","ui-angular/src/lib/directives/old/bmb-layout-grid/bmb-layout-grid.directive.ts","9","ui-angular/src/lib/directives/old/bmb-layout-grid/bmb-layout-grid.stories.ts:67",""
"BmbLayoutGridDirective","rowGapSize","The gap size between rows.","Directiva","[bmbLayoutGrid]","rowGapSize","SizeNames","No","'m'","input","Biblioteca","Sí","No","ui-angular/src/lib/directives/old/bmb-layout-grid/bmb-layout-grid.directive.ts","10","ui-angular/src/lib/directives/old/bmb-layout-grid/bmb-layout-grid.stories.ts:123",""
"BmbLayoutGridDirective","columnSize","The size of the columns in the grid.","Directiva","[bmbLayoutGrid]","columnSize","string[] | string","No","'auto'","input","Biblioteca","Sí","No","ui-angular/src/lib/directives/old/bmb-layout-grid/bmb-layout-grid.directive.ts","11","ui-angular/src/lib/directives/old/bmb-layout-grid/bmb-layout-grid.stories.ts:112",""
"BmbLayoutGridDirective","rowSize","The size of the rows in the grid.","Directiva","[bmbLayoutGrid]","rowSize","string[] | string","No","'auto'","input","Biblioteca","Sí","No","ui-angular/src/lib/directives/old/bmb-layout-grid/bmb-layout-grid.directive.ts","12","ui-angular/src/lib/directives/old/bmb-layout-grid/bmb-layout-grid.stories.ts:101",""
"BmbLayoutGridDirective","columns","The number of columns in the grid.","Directiva","[bmbLayoutGrid]","columns","number","No","1","input","Biblioteca","Sí","No","ui-angular/src/lib/directives/old/bmb-layout-grid/bmb-layout-grid.directive.ts","13","ui-angular/src/lib/directives/old/bmb-layout-grid/bmb-layout-grid.stories.ts:90",""
"BmbLayoutGridDirective","rows","The number of rows in the grid.","Directiva","[bmbLayoutGrid]","rows","number","No","1","input","Biblioteca","Sí","No","ui-angular/src/lib/directives/old/bmb-layout-grid/bmb-layout-grid.directive.ts","14","ui-angular/src/lib/directives/old/bmb-layout-grid/bmb-layout-grid.stories.ts:79",""
"BmbLayoutGridDirective","height","The height of the grid. If a number is provided, it will be used as the height in pixels. If a string is provided, it will be used as the height in CSS units (e.g. ""100%"", ""50dvh"", etc.).","Directiva","[bmbLayoutGrid]","height","string | number","No","'auto'","input","Biblioteca","Sí","No","ui-angular/src/lib/directives/old/bmb-layout-grid/bmb-layout-grid.directive.ts","15","ui-angular/src/lib/directives/old/bmb-layout-grid/bmb-layout-grid.stories.ts:135",""
"BmbLayoutGridItemDirective","colStart","The starting column for the item within the grid. This property is **required**.","Directiva","[bmbLayoutGridItem]","colStart","number","Sí","Sin valor predeterminado (requerido)","input.required","Biblioteca","Sí","No","ui-angular/src/lib/directives/old/bmb-layout-grid/bmb-layout-grid.directive.ts","61","ui-angular/src/lib/directives/old/bmb-layout-grid/bmb-layout-grid-item.stories.ts:57",""
"BmbLayoutGridItemDirective","rowStart","The starting row for the item within the grid. This property is **required**.","Directiva","[bmbLayoutGridItem]","rowStart","number","Sí","Sin valor predeterminado (requerido)","input.required","Biblioteca","Sí","No","ui-angular/src/lib/directives/old/bmb-layout-grid/bmb-layout-grid.directive.ts","62","ui-angular/src/lib/directives/old/bmb-layout-grid/bmb-layout-grid-item.stories.ts:68",""
"BmbLayoutGridItemDirective","numberOfColumns","The number of columns the item should span within the grid.","Directiva","[bmbLayoutGridItem]","numberOfColumns","number","No","1","input","Biblioteca","Sí","No","ui-angular/src/lib/directives/old/bmb-layout-grid/bmb-layout-grid.directive.ts","63","ui-angular/src/lib/directives/old/bmb-layout-grid/bmb-layout-grid-item.stories.ts:80",""
"BmbLayoutGridItemDirective","numberOfRows","The number of rows the item should span within the grid.","Directiva","[bmbLayoutGridItem]","numberOfRows","number","No","1","input","Biblioteca","Sí","No","ui-angular/src/lib/directives/old/bmb-layout-grid/bmb-layout-grid.directive.ts","64","ui-angular/src/lib/directives/old/bmb-layout-grid/bmb-layout-grid-item.stories.ts:92",""
"BmbLayoutItemDirective","colSm","Determines the size of the space between elements.","Directiva","[bmbLayoutItem]","colSm","IColumSizeMobile","No","0","input","Biblioteca","No","No","ui-angular/src/lib/directives/bmb-layout/bmb-layout-item.directive.ts","21","ui-angular/src/lib/directives/bmb-layout/bmb-layout-item.stories.ts:58",""
"BmbLayoutItemDirective","colLg","Determines the size of the space between elements.","Directiva","[bmbLayoutItem]","colLg","IColumSizeFull","No","0","input","Biblioteca","No","No","ui-angular/src/lib/directives/bmb-layout/bmb-layout-item.directive.ts","22","ui-angular/src/lib/directives/bmb-layout/bmb-layout-item.stories.ts:70",""
"BmbLayoutItemDirective","colXl","Determines the size of the space between elements.","Directiva","[bmbLayoutItem]","colXl","IColumSizeFull","No","0","input","Biblioteca","No","No","ui-angular/src/lib/directives/bmb-layout/bmb-layout-item.directive.ts","23","ui-angular/src/lib/directives/bmb-layout/bmb-layout-item.stories.ts:82",""
"BmbLayoutItemDirective","marginLeft","Sets the margin area on the left side of an column. The SM value support 3 as top and LG supports 11 as top","Directiva","[bmbLayoutItem]","marginLeft","IMargin","No","{ sm: 0, lg: 0, xl: 0 }","input","Biblioteca","No","No","ui-angular/src/lib/directives/bmb-layout/bmb-layout-item.directive.ts","24","ui-angular/src/lib/directives/bmb-layout/bmb-layout-item.stories.ts:94",""
"BmbLayoutItemDirective","marginRight","Sets the margin area on the right side of an column. The SM value support 3 as top and LG supports 11 as top","Directiva","[bmbLayoutItem]","marginRight","IMargin","No","{ sm: 0, lg: 0, xl: 0 }","input","Biblioteca","No","No","ui-angular/src/lib/directives/bmb-layout/bmb-layout-item.directive.ts","25","ui-angular/src/lib/directives/bmb-layout/bmb-layout-item.stories.ts:104",""
"BmbLayoutItemDirective","colGrow","Sets how much of the flex container positive free space, if any, should be assigned to the flex item main size. (this property will only be enabled when the isDynamicItem property is enabled)","Directiva","[bmbLayoutItem]","colGrow","number","No","0","input","Biblioteca","No","No","ui-angular/src/lib/directives/bmb-layout/bmb-layout-item.directive.ts","26","ui-angular/src/lib/directives/bmb-layout/bmb-layout-item.stories.ts:124",""
"BmbLayoutItemDirective","isDynamicItem","Enable dynamic size for the column, if you enable this property the colLg, colSm and colXl will be disabled","Directiva","[bmbLayoutItem]","isDynamicItem","boolean","No","false","input","Biblioteca","No","No","ui-angular/src/lib/directives/bmb-layout/bmb-layout-item.directive.ts","27","ui-angular/src/lib/directives/bmb-layout/bmb-layout-item.stories.ts:114",""
"BmbLegendComponent","label","Sets the label for the content of the top section.","Componente","bmb-legend","label","string","No","''","input","Biblioteca","No","No","ui-angular/src/lib/components/bmb-legend/bmb-legend.component.ts","24","ui-angular/src/lib/components/bmb-legend/bmb-legend.stories.ts:27",""
"BmbLegendComponent","value","Sets the value for the content of the bottom section.","Componente","bmb-legend","value","string","No","''","input","Biblioteca","No","No","ui-angular/src/lib/components/bmb-legend/bmb-legend.component.ts","25","ui-angular/src/lib/components/bmb-legend/bmb-legend.stories.ts:28",""
"BmbLegendComponent","indicatorAppearance","Sets the appearance of legend, affecting its visual style.","Componente","bmb-legend","indicatorAppearance","IBmbLegendVariations","No","'normal'","input","Biblioteca","No","No","ui-angular/src/lib/components/bmb-legend/bmb-legend.component.ts","26","ui-angular/src/lib/components/bmb-legend/bmb-legend.stories.ts:29",""
"BmbLegendComponent","isOperationState","Sin descripción documentada.","Componente","bmb-legend","isOperationState","boolean","No","false","input","Biblioteca","No","No","ui-angular/src/lib/components/bmb-legend/bmb-legend.component.ts","27","",""
"BmbListGroupComponent","borderRadius","Determines the corner radius size","Componente","bmb-list-group","borderRadius","SizeNames | SizeNames[]","No","'m'","input","Biblioteca","No","No","ui-angular/src/lib/components/bmb-list-group/bmb-list-group.component.ts","33","ui-angular/src/lib/components/bmb-list-group/bmb-list-group.stories.ts:55",""
"BmbListGroupComponent","borderType","Determines the border type","Componente","bmb-list-group","borderType","BorderType","No","'rounded'","input","Biblioteca","No","No","ui-angular/src/lib/components/bmb-list-group/bmb-list-group.component.ts","34","ui-angular/src/lib/components/bmb-list-group/bmb-list-group.stories.ts:65",""
"BmbListGroupComponent","margin","Determines the separation between the list group items","Componente","bmb-list-group","margin","SizeNames","No","'m'","input","Biblioteca","No","No","ui-angular/src/lib/components/bmb-list-group/bmb-list-group.component.ts","35","ui-angular/src/lib/components/bmb-list-group/bmb-list-group.stories.ts:75",""
"BmbListGroupComponent","padding","Determines the space between the list group items and the border","Componente","bmb-list-group","padding","SizeNames | SizeNames[]","No","'m'","input","Biblioteca","No","No","ui-angular/src/lib/components/bmb-list-group/bmb-list-group.component.ts","36","ui-angular/src/lib/components/bmb-list-group/bmb-list-group.stories.ts:85",""
"BmbListGroupComponent","isMultipleSelection","Allows multiple items to be selected","Componente","bmb-list-group","isMultipleSelection","boolean","No","false","input","Biblioteca","No","No","ui-angular/src/lib/components/bmb-list-group/bmb-list-group.component.ts","37","ui-angular/src/lib/components/bmb-list-group/bmb-list-group.stories.ts:96",""
"BmbListGroupComponent","isRowView","Determines if the list items should be displayed in a horizontal row with wrapping. When set to true, items will be arranged in a flex container with a row direction and wrap behavior.","Componente","bmb-list-group","isRowView","boolean","No","false","input","Biblioteca","No","No","ui-angular/src/lib/components/bmb-list-group/bmb-list-group.component.ts","38","ui-angular/src/lib/components/bmb-list-group/bmb-list-group.stories.ts:114",""
"BmbListGroupComponent","showControls","Shows the control buttons","Componente","bmb-list-group","showControls","boolean","No","false","input","Biblioteca","No","No","ui-angular/src/lib/components/bmb-list-group/bmb-list-group.component.ts","39","ui-angular/src/lib/components/bmb-list-group/bmb-list-group.stories.ts:105",""
"BmbListGroupComponent","listGroupId","This property is used when you have multiple List Group, each instance of the component must have different ID, which will be defined with this property.","Componente","bmb-list-group","listGroupId","string","No","'listGroupStatus'","input","Biblioteca","No","No","ui-angular/src/lib/components/bmb-list-group/bmb-list-group.component.ts","40","ui-angular/src/lib/components/bmb-list-group/bmb-list-group.stories.ts:124",""
"BmbListGroupItemComponent","appearanceContrast","Defines the appearance style.","Componente","bmb-list-group-item","appearanceContrast","IBmbContrast","No","'default'","input","Biblioteca","No","No","ui-angular/src/lib/components/bmb-list-group/bmb-list-group-item/bmb-list-group-item.component.ts","41","ui-angular/src/lib/components/bmb-list-group/bmb-list-group-item/bmb-list-group-item.stories.ts:73",""
"BmbListGroupItemComponent","id","The id of the list group item **(required)**","Componente","bmb-list-group-item","id","string","Sí","Sin valor predeterminado (requerido)","input.required","Biblioteca","No","No","ui-angular/src/lib/components/bmb-list-group/bmb-list-group-item/bmb-list-group-item.component.ts","42","ui-angular/src/lib/components/bmb-list-group/bmb-list-group-item/bmb-list-group-item.stories.ts:84",""
"BmbListGroupItemComponent","isDisabled","Determines if the item is disabled","Componente","bmb-list-group-item","isDisabled","boolean","No","false","input","Biblioteca","No","No","ui-angular/src/lib/components/bmb-list-group/bmb-list-group-item/bmb-list-group-item.component.ts","43","ui-angular/src/lib/components/bmb-list-group/bmb-list-group-item/bmb-list-group-item.stories.ts:208",""
"BmbListGroupItemComponent","isActive","Determines the initial state of the item","Componente","bmb-list-group-item","isActive","boolean","No","false","input","Biblioteca","No","No","ui-angular/src/lib/components/bmb-list-group/bmb-list-group-item/bmb-list-group-item.component.ts","44","ui-angular/src/lib/components/bmb-list-group/bmb-list-group-item/bmb-list-group-item.stories.ts:220",""
"BmbListGroupItemComponent","personalizedTemplate","When the value is true, the component will use the template that the user provides, instead of that, you need to provide the inputs por the deafult template","Componente","bmb-list-group-item","personalizedTemplate","boolean","No","true","input","Biblioteca","No","No","ui-angular/src/lib/components/bmb-list-group/bmb-list-group-item/bmb-list-group-item.component.ts","45","ui-angular/src/lib/components/bmb-list-group/bmb-list-group-item/bmb-list-group-item.stories.ts:95",""
"BmbListGroupItemComponent","headerText","Is the header text of the list group item","Componente","bmb-list-group-item","headerText","string","No","''","input","Biblioteca","No","No","ui-angular/src/lib/components/bmb-list-group/bmb-list-group-item/bmb-list-group-item.component.ts","46","ui-angular/src/lib/components/bmb-list-group/bmb-list-group-item/bmb-list-group-item.stories.ts:108",""
"BmbListGroupItemComponent","descriptionText","Is the description text of the list group item","Componente","bmb-list-group-item","descriptionText","string","No","''","input","Biblioteca","No","No","ui-angular/src/lib/components/bmb-list-group/bmb-list-group-item/bmb-list-group-item.component.ts","47","ui-angular/src/lib/components/bmb-list-group/bmb-list-group-item/bmb-list-group-item.stories.ts:119",""
"BmbListGroupItemComponent","infoText","Is the information text of the list group item","Componente","bmb-list-group-item","infoText","string","No","''","input","Biblioteca","No","No","ui-angular/src/lib/components/bmb-list-group/bmb-list-group-item/bmb-list-group-item.component.ts","48","ui-angular/src/lib/components/bmb-list-group/bmb-list-group-item/bmb-list-group-item.stories.ts:130",""
"BmbListGroupItemComponent","icon","Sets header icon.","Componente","bmb-list-group-item","icon","string","No","''","input","Biblioteca","No","No","ui-angular/src/lib/components/bmb-list-group/bmb-list-group-item/bmb-list-group-item.component.ts","49","ui-angular/src/lib/components/bmb-list-group/bmb-list-group-item/bmb-list-group-item.stories.ts:141",""
"BmbListGroupItemComponent","imgSrc","Set the Hi-res image source URL","Componente","bmb-list-group-item","imgSrc","string","No","''","input","Biblioteca","No","No","ui-angular/src/lib/components/bmb-list-group/bmb-list-group-item/bmb-list-group-item.component.ts","50","ui-angular/src/lib/components/bmb-list-group/bmb-list-group-item/bmb-list-group-item.stories.ts:150",""
"BmbListGroupItemComponent","tooltipTitle","The title of the tooltip","Componente","bmb-list-group-item","tooltipTitle","string","No","''","input","Biblioteca","No","No","ui-angular/src/lib/components/bmb-list-group/bmb-list-group-item/bmb-list-group-item.component.ts","51","ui-angular/src/lib/components/bmb-list-group/bmb-list-group-item/bmb-list-group-item.stories.ts:162",""
"BmbListGroupItemComponent","tooltipText","The main text of the tooltip","Componente","bmb-list-group-item","tooltipText","string","No","''","input","Biblioteca","No","No","ui-angular/src/lib/components/bmb-list-group/bmb-list-group-item/bmb-list-group-item.component.ts","52","ui-angular/src/lib/components/bmb-list-group/bmb-list-group-item/bmb-list-group-item.stories.ts:173",""
"BmbListGroupItemComponent","badgeAppearance","The appearance of the badge, affecting its visual style.","Componente","bmb-list-group-item","badgeAppearance","IBbmBgAppearance","No","'mitec_purple'","input","Biblioteca","No","No","ui-angular/src/lib/components/bmb-list-group/bmb-list-group-item/bmb-list-group-item.component.ts","53","ui-angular/src/lib/components/bmb-list-group/bmb-list-group-item/bmb-list-group-item.stories.ts:184",""
"BmbListGroupItemComponent","badgeText","The text of the badge","Componente","bmb-list-group-item","badgeText","string","No","''","input","Biblioteca","No","No","ui-angular/src/lib/components/bmb-list-group/bmb-list-group-item/bmb-list-group-item.component.ts","54","ui-angular/src/lib/components/bmb-list-group/bmb-list-group-item/bmb-list-group-item.stories.ts:197",""
"BmbListItemsComponent","addButtonIcon","Sin descripción documentada.","Componente","bmb-list-items","addButtonIcon","string","No","'add_box'","input","Biblioteca","No","No","ui-angular/src/lib/components/bmb-list-items/bmb-list-items.component.ts","40","",""
"BmbListItemsComponent","showAddButton","Sin descripción documentada.","Componente","bmb-list-items","showAddButton","boolean","No","true","input","Biblioteca","No","No","ui-angular/src/lib/components/bmb-list-items/bmb-list-items.component.ts","41","",""
"BmbListItemsComponent","items","Sin descripción documentada.","Componente","bmb-list-items","items","IBmbListItemsElement[]","No","[]","input","Biblioteca","No","No","ui-angular/src/lib/components/bmb-list-items/bmb-list-items.component.ts","42","",""
"BmbListItemsComponent","dateFormat","Sin descripción documentada.","Componente","bmb-list-items","dateFormat","string","No","'yyyy-MM-dd'","input","Biblioteca","No","No","ui-angular/src/lib/components/bmb-list-items/bmb-list-items.component.ts","43","",""
"BmbListItemsComponent","componentTitle","Sin descripción documentada.","Componente","bmb-list-items","componentTitle","string","No","undefined","input","Biblioteca","No","No","ui-angular/src/lib/components/bmb-list-items/bmb-list-items.component.ts","44","",""
"BmbLoaderComponent","appearance","Sets the appearance of icon loader, affecting its visual style.","Componente","bmb-loader","appearance","IBbmBgAppearance","No","'normal'","input","Biblioteca","No","No","ui-angular/src/lib/components/bmb-loader/bmb-loader.component.ts","34","ui-angular/src/lib/components/bmb-loader/bmb-loader.stories.ts:108",""
"BmbLoaderComponent","icon","Sets the icon on error state","Componente","bmb-loader","icon","string","No","'wifi_off'","input","Biblioteca","No","No","ui-angular/src/lib/components/bmb-loader/bmb-loader.component.ts","35","ui-angular/src/lib/components/bmb-loader/bmb-loader.stories.ts:109",""
"BmbLoaderComponent","subtitle","Sets the subtitle, text displayed below the loader title.","Componente","bmb-loader","subtitle","string","No","''","input","Biblioteca","No","No","ui-angular/src/lib/components/bmb-loader/bmb-loader.component.ts","36","ui-angular/src/lib/components/bmb-loader/bmb-loader.stories.ts:75",""
"BmbLoaderComponent","overlay","Determines if the loader should display as an overlay.","Componente","bmb-loader","overlay","boolean","No","false","input","Biblioteca","No","No","ui-angular/src/lib/components/bmb-loader/bmb-loader.component.ts","37","ui-angular/src/lib/components/bmb-loader/bmb-loader.stories.ts:86",""
"BmbLoaderComponent","isVisible","Controls the visibility of the loader.","Componente","bmb-loader","isVisible","boolean","No","true","input","Biblioteca","No","No","ui-angular/src/lib/components/bmb-loader/bmb-loader.component.ts","38","ui-angular/src/lib/components/bmb-loader/bmb-loader.stories.ts:95",""
"BmbLoaderComponent","errorState","Sets the error state when true.","Componente","bmb-loader","errorState","boolean","No","false","input","Biblioteca","No","No","ui-angular/src/lib/components/bmb-loader/bmb-loader.component.ts","39","ui-angular/src/lib/components/bmb-loader/bmb-loader.stories.ts:104",""
"BmbLoaderComponent","actions","Enables or disables the display of action buttons.","Componente","bmb-loader","actions","boolean","No","false","input","Biblioteca","No","No","ui-angular/src/lib/components/bmb-loader/bmb-loader.component.ts","40","ui-angular/src/lib/components/bmb-loader/bmb-loader.stories.ts:120",""
"BmbLoaderComponent","buttonPrimary","Sets the label for the primary button","Componente","bmb-loader","buttonPrimary","string","No","''","input","Biblioteca","No","No","ui-angular/src/lib/components/bmb-loader/bmb-loader.component.ts","41","ui-angular/src/lib/components/bmb-loader/bmb-loader.stories.ts:129",""
"BmbLoaderComponent","buttonSecondary","Sets the label for the secondary button","Componente","bmb-loader","buttonSecondary","string","No","''","input","Biblioteca","No","No","ui-angular/src/lib/components/bmb-loader/bmb-loader.component.ts","42","ui-angular/src/lib/components/bmb-loader/bmb-loader.stories.ts:140",""
"BmbLoaderComponent","showInline","Indicates if the loader should be shown inline","Componente","bmb-loader","showInline","boolean","No","false","input","Biblioteca","No","No","ui-angular/src/lib/components/bmb-loader/bmb-loader.component.ts","43","ui-angular/src/lib/components/bmb-loader/bmb-loader.stories.ts:155",""
"BmbLoaderComponent","componentTitle","Sets the title of loading.","Componente","bmb-loader","componentTitle","string","No","undefined","input","Biblioteca","No","No","ui-angular/src/lib/components/bmb-loader/bmb-loader.component.ts","44","ui-angular/src/lib/components/bmb-loader/bmb-loader.stories.ts:74",""
"BmbLoaderComponent","title","Please use `componentTitle` instead of `title` to set the component title.","Componente","bmb-loader","title","string","No","undefined","input","Biblioteca","No","Sí","ui-angular/src/lib/components/bmb-loader/bmb-loader.component.ts","46","ui-angular/src/lib/components/bmb-loader/bmb-loader.stories.ts:164",""
"BmbLoginComponent","headerLabel","Sets the label to be displayed in the header.","Componente","bmb-login","headerLabel","string","No","undefined","input","Biblioteca","No","No","ui-angular/src/lib/components/bmb-login/bmb-login.component.ts","37","ui-angular/src/lib/components/bmb-login/bmb-login.stories.ts:46",""
"BmbLoginComponent","forgottenPasswordLabel","Sets the label to be displayed for *forgotten password.*","Componente","bmb-login","forgottenPasswordLabel","string","No","undefined","input","Biblioteca","No","No","ui-angular/src/lib/components/bmb-login/bmb-login.component.ts","38","ui-angular/src/lib/components/bmb-login/bmb-login.stories.ts:55",""
"BmbLoginComponent","forgottenPasswordLink","Sets the link for the option to log in with forgotten password.","Componente","bmb-login","forgottenPasswordLink","string","No","''","input","Biblioteca","No","No","ui-angular/src/lib/components/bmb-login/bmb-login.component.ts","39","ui-angular/src/lib/components/bmb-login/bmb-login.stories.ts:64",""
"BmbLoginComponent","forgottenPasswordTarget","Sets the target property for the link. Refer to [here](https://developer.mozilla.org/en-US/docs/Web/HTML/Element/a) for more information.

Corresponds to the `forgottenPasswordLink` link property.","Componente","bmb-login","forgottenPasswordTarget","IBmbTargetLink","No","'_blank'","input","Biblioteca","No","No","ui-angular/src/lib/components/bmb-login/bmb-login.component.ts","40","ui-angular/src/lib/components/bmb-login/bmb-login.stories.ts:69",""
"BmbLoginComponent","showRememberMeCheckbox","Shows remember me checkbox when true","Componente","bmb-login","showRememberMeCheckbox","boolean","No","false","input","Biblioteca","No","No","ui-angular/src/lib/components/bmb-login/bmb-login.component.ts","41","ui-angular/src/lib/components/bmb-login/bmb-login.stories.ts:154",""
"BmbLoginComponent","rememberMeCheckboxLabel","Sets the label to be displayed for *remember me* checkbox.","Componente","bmb-login","rememberMeCheckboxLabel","string","No","undefined","input","Biblioteca","No","No","ui-angular/src/lib/components/bmb-login/bmb-login.component.ts","42","ui-angular/src/lib/components/bmb-login/bmb-login.stories.ts:163",""
"BmbLoginComponent","showLoginAsGuest","Shows *log in as a guest* when true","Componente","bmb-login","showLoginAsGuest","boolean","No","false","input","Biblioteca","No","No","ui-angular/src/lib/components/bmb-login/bmb-login.component.ts","43","ui-angular/src/lib/components/bmb-login/bmb-login.stories.ts:172",""
"BmbLoginComponent","loginAsGuestLabel","Sets the label to be displayed for *log in as a guest*.","Componente","bmb-login","loginAsGuestLabel","string","No","undefined","input","Biblioteca","No","No","ui-angular/src/lib/components/bmb-login/bmb-login.component.ts","44","ui-angular/src/lib/components/bmb-login/bmb-login.stories.ts:181",""
"BmbLoginComponent","loginAsGuestLink","Sets the link for log in as a guest.","Componente","bmb-login","loginAsGuestLink","string","No","''","input","Biblioteca","No","No","ui-angular/src/lib/components/bmb-login/bmb-login.component.ts","45","ui-angular/src/lib/components/bmb-login/bmb-login.stories.ts:190",""
"BmbLoginComponent","loginAsGuestTarget","Sets the target property for the link. Refer to [here](https://developer.mozilla.org/en-US/docs/Web/HTML/Element/a) for more information.

Corresponds to the `loginAsGuestLink` link property.","Componente","bmb-login","loginAsGuestTarget","IBmbTargetLink","No","'_blank'","input","Biblioteca","No","No","ui-angular/src/lib/components/bmb-login/bmb-login.component.ts","46","ui-angular/src/lib/components/bmb-login/bmb-login.stories.ts:194",""
"BmbLoginComponent","buttonLabel","Sets the label for the continue button.","Componente","bmb-login","buttonLabel","string","No","undefined","input","Biblioteca","No","No","ui-angular/src/lib/components/bmb-login/bmb-login.component.ts","47","ui-angular/src/lib/components/bmb-login/bmb-login.stories.ts:75",""
"BmbLoginComponent","actionHeaderLinks","Sets the list of links for the header icons.","Componente","bmb-login","actionHeaderLinks","IBmbActionHeaderLinks","No","undefined","input","Biblioteca","No","No","ui-angular/src/lib/components/bmb-login/bmb-login.component.ts","48","ui-angular/src/lib/components/bmb-login/bmb-login.stories.ts:84",""
"BmbLoginContentComponent","forgottenPasswordLabel","Sets the label to be displayed for forgotten password.","Componente","bmb-login-content","forgottenPasswordLabel","string","Sí","Sin valor predeterminado (requerido)","input.required","Biblioteca","No","No","ui-angular/src/lib/components/bmb-login/bmb-login-content/bmb-login-content.component.ts","39","ui-angular/src/lib/components/bmb-login/bmb-login-content/bmb-login-content.stories.ts:30",""
"BmbLoginContentComponent","forgottenPasswordLink","Sets the link for the option to log in with forgotten password.","Componente","bmb-login-content","forgottenPasswordLink","string","No","''","input","Biblioteca","No","No","ui-angular/src/lib/components/bmb-login/bmb-login-content/bmb-login-content.component.ts","40","ui-angular/src/lib/components/bmb-login/bmb-login-content/bmb-login-content.stories.ts:40",""
"BmbLoginContentComponent","forgottenPasswordTarget","Sets the target for the option to log in with forgotten password.","Componente","bmb-login-content","forgottenPasswordTarget","IBmbTargetLink","No","'_blank'","input","Biblioteca","No","No","ui-angular/src/lib/components/bmb-login/bmb-login-content/bmb-login-content.component.ts","41","ui-angular/src/lib/components/bmb-login/bmb-login-content/bmb-login-content.stories.ts:51",""
"BmbLoginContentComponent","showRememberMeCheckbox","Shows remember me checkbox when true","Componente","bmb-login-content","showRememberMeCheckbox","boolean","No","false","input","Biblioteca","No","No","ui-angular/src/lib/components/bmb-login/bmb-login-content/bmb-login-content.component.ts","42","ui-angular/src/lib/components/bmb-login/bmb-login-content/bmb-login-content.stories.ts:65",""
"BmbLoginContentComponent","rememberMeCheckboxLabel","Sets the label to be displayed for remember me checkbox.","Componente","bmb-login-content","rememberMeCheckboxLabel","string","No","this.translationsService.translate('login.remember_me')","input","Biblioteca","No","No","ui-angular/src/lib/components/bmb-login/bmb-login-content/bmb-login-content.component.ts","43","ui-angular/src/lib/components/bmb-login/bmb-login-content/bmb-login-content.stories.ts:75",""
"BmbLoginContentComponent","showLoginAsGuest","Shows log in as a guest when true","Componente","bmb-login-content","showLoginAsGuest","boolean","No","false","input","Biblioteca","No","No","ui-angular/src/lib/components/bmb-login/bmb-login-content/bmb-login-content.component.ts","46","ui-angular/src/lib/components/bmb-login/bmb-login-content/bmb-login-content.stories.ts:85",""
"BmbLoginContentComponent","loginAsGuestLabel","Sets the label to be displayed for log in as a guest.","Componente","bmb-login-content","loginAsGuestLabel","string","No","this.translationsService.translate('login.login_as_guest')","input","Biblioteca","No","No","ui-angular/src/lib/components/bmb-login/bmb-login-content/bmb-login-content.component.ts","47","ui-angular/src/lib/components/bmb-login/bmb-login-content/bmb-login-content.stories.ts:95",""
"BmbLoginContentComponent","loginAsGuestLink","Sets the link for log in as a guest.","Componente","bmb-login-content","loginAsGuestLink","string","No","''","input","Biblioteca","No","No","ui-angular/src/lib/components/bmb-login/bmb-login-content/bmb-login-content.component.ts","50","ui-angular/src/lib/components/bmb-login/bmb-login-content/bmb-login-content.stories.ts:105",""
"BmbLoginContentComponent","loginAsGuestTarget","Sets the target for log in as a guest.","Componente","bmb-login-content","loginAsGuestTarget","IBmbTargetLink","No","'_blank'","input","Biblioteca","No","No","ui-angular/src/lib/components/bmb-login/bmb-login-content/bmb-login-content.component.ts","51","ui-angular/src/lib/components/bmb-login/bmb-login-content/bmb-login-content.stories.ts:115",""
"BmbLoginContentComponent","onContinue","Sin descripción documentada.","Componente","bmb-login-content","onContinue","boolean","No","undefined","model","Biblioteca","No","No","ui-angular/src/lib/components/bmb-login/bmb-login-content/bmb-login-content.component.ts","52","",""
"BmbLoginOnboardingComponent","loginOnBoardingCustomization","Sets the customization of the steps.

    IBmbLoginOnBoardingCustomization {
      anotherAccount: IBmbLinkConfiguration;
      forgottenPassword: IBmbLinkConfiguration;
    }

    IBmbLinkConfiguration {
      label: string;
      link: string;
      target?: IBmbTargetLink;
    }","Componente","bmb-login-onboarding","loginOnBoardingCustomization","IBmbLoginOnBoardingCustomization","No","{ anotherAccount: { label: '', link: '', }, forgottenPassword: { label: '', link: '', }, }","input","Biblioteca","No","No","ui-angular/src/lib/components/bmb-login-onboarding/bmb-login-onboarding.component.ts","48","ui-angular/src/lib/components/bmb-login-onboarding/bmp-login-onboarding.stories.ts:201",""
"BmbLoginOnboardingStepperStepComponent","subtitle","Sin descripción documentada.","Componente","bmb-login-onboarding-stepper-step","subtitle","string","No","undefined","input","Biblioteca","No","No","ui-angular/src/lib/components/bmb-login-onboarding/bmb-login-onboarding-stepper/bmb-login-onboarding-stepper-steps/bmb-login-onboarding-stepper-step.component.ts","24","",""
"BmbLoginOnboardingStepperStepComponent","label","Sin descripción documentada.","Componente","bmb-login-onboarding-stepper-step","label","string","No","undefined","input","Biblioteca","No","No","ui-angular/src/lib/components/bmb-login-onboarding/bmb-login-onboarding-stepper/bmb-login-onboarding-stepper-steps/bmb-login-onboarding-stepper-step.component.ts","25","",""
"BmbLoginOnboardingStepperStepComponent","sublabel","Sin descripción documentada.","Componente","bmb-login-onboarding-stepper-step","sublabel","string","No","undefined","input","Biblioteca","No","No","ui-angular/src/lib/components/bmb-login-onboarding/bmb-login-onboarding-stepper/bmb-login-onboarding-stepper-steps/bmb-login-onboarding-stepper-step.component.ts","26","",""
"BmbLoginOnboardingStepperStepComponent","cancelBackLabel","Sin descripción documentada.","Componente","bmb-login-onboarding-stepper-step","cancelBackLabel","string","Sí","Sin valor predeterminado (requerido)","input.required","Biblioteca","No","No","ui-angular/src/lib/components/bmb-login-onboarding/bmb-login-onboarding-stepper/bmb-login-onboarding-stepper-steps/bmb-login-onboarding-stepper-step.component.ts","27","",""
"BmbLoginOnboardingStepperStepComponent","continueLabel","Sin descripción documentada.","Componente","bmb-login-onboarding-stepper-step","continueLabel","string","Sí","Sin valor predeterminado (requerido)","input.required","Biblioteca","No","No","ui-angular/src/lib/components/bmb-login-onboarding/bmb-login-onboarding-stepper/bmb-login-onboarding-stepper-steps/bmb-login-onboarding-stepper-step.component.ts","28","",""
"BmbLoginOnboardingStepperStepComponent","isContinueDisable","Sin descripción documentada.","Componente","bmb-login-onboarding-stepper-step","isContinueDisable","boolean","No","undefined","input","Biblioteca","No","No","ui-angular/src/lib/components/bmb-login-onboarding/bmb-login-onboarding-stepper/bmb-login-onboarding-stepper-steps/bmb-login-onboarding-stepper-step.component.ts","29","",""
"BmbLoginOnboardingStepperStepComponent","componentTitle","Sin descripción documentada.","Componente","bmb-login-onboarding-stepper-step","componentTitle","string","No","undefined","input","Biblioteca","No","No","ui-angular/src/lib/components/bmb-login-onboarding/bmb-login-onboarding-stepper/bmb-login-onboarding-stepper-steps/bmb-login-onboarding-stepper-step.component.ts","30","",""
"BmbLoginOnboardingStepperStepComponent","title","Sin descripción documentada.","Componente","bmb-login-onboarding-stepper-step","title","string","No","undefined","input","Biblioteca","No","Sí","ui-angular/src/lib/components/bmb-login-onboarding/bmb-login-onboarding-stepper/bmb-login-onboarding-stepper-steps/bmb-login-onboarding-stepper-step.component.ts","32","",""
"BmbLogoComponent","size","Sets the size of the user image, affecting its visual size.","Componente","bmb-logo","size","string","No","''","input","Biblioteca","No","No","ui-angular/src/lib/components/bmb-logo/bmb-logo.component.ts","23","ui-angular/src/lib/components/bmb-logo/bmb-logo.stories.ts:33",""
"BmbLogoComponent","image","Sets the source of the image to display, either from a path or a URL.","Componente","bmb-logo","image","string","No","''","input","Biblioteca","No","No","ui-angular/src/lib/components/bmb-logo/bmb-logo.component.ts","24","ui-angular/src/lib/components/bmb-logo/bmb-logo.stories.ts:31",""
"BmbLogoComponent","altImage","Sets the alternative text of the images. It is an essential part of making content accessible.

Refer [here](https://www.w3.org/WAI/alt/) for more information.","Componente","bmb-logo","altImage","string","No","''","input","Biblioteca","No","No","ui-angular/src/lib/components/bmb-logo/bmb-logo.component.ts","25","ui-angular/src/lib/components/bmb-logo/bmb-logo.stories.ts:32",""
"BmbLogoComponent","link","Sets the link for redirection to another or same page. If this property is empty it will emit the button event.","Componente","bmb-logo","link","string","No","''","input","Biblioteca","No","No","ui-angular/src/lib/components/bmb-logo/bmb-logo.component.ts","26","ui-angular/src/lib/components/bmb-logo/bmb-logo.stories.ts:50",""
"BmbLogoComponent","target","Sets the target property for the link. Refer to [here](https://developer.mozilla.org/en-US/docs/Web/HTML/Element/a) for more information.","Componente","bmb-logo","target","IBmbTargetLink","No","'_self'","input","Biblioteca","No","No","ui-angular/src/lib/components/bmb-logo/bmb-logo.component.ts","27","ui-angular/src/lib/components/bmb-logo/bmb-logo.stories.ts:51",""
"BmbLogoComponent","buttonName","Sets the name of logo.","Componente","bmb-logo","buttonName","string","No","'logo_button'","input","Biblioteca","No","No","ui-angular/src/lib/components/bmb-logo/bmb-logo.component.ts","28","ui-angular/src/lib/components/bmb-logo/bmb-logo.stories.ts:46",""
"BmbMediaCardComponent","link","Sets the link for redirection to another or same page.","Componente","bmb-media-card","link","string","No","''","input","Biblioteca","No","No","ui-angular/src/lib/components/bmb-media-card/bmb-media-card.component.ts","42","ui-angular/src/lib/components/bmb-media-card/bmb-media-card.stories.ts:125",""
"BmbMediaCardComponent","target","Sets the target property for the link. Refer to [here](https://developer.mozilla.org/en-US/docs/Web/HTML/Element/a) for more information.","Componente","bmb-media-card","target","IBmbTargetLink","No","'_blank'","input","Biblioteca","No","No","ui-angular/src/lib/components/bmb-media-card/bmb-media-card.component.ts","43","ui-angular/src/lib/components/bmb-media-card/bmb-media-card.stories.ts:126",""
"BmbMediaCardComponent","src","Sets the Hi-res image source URL","Componente","bmb-media-card","src","string","No","''","input","Biblioteca","No","No","ui-angular/src/lib/components/bmb-media-card/bmb-media-card.component.ts","44","ui-angular/src/lib/components/bmb-media-card/bmb-media-card.stories.ts:40",""
"BmbMediaCardComponent","mobileSrc","Sets the low-res image source URL","Componente","bmb-media-card","mobileSrc","string","No","undefined","input","Biblioteca","No","No","ui-angular/src/lib/components/bmb-media-card/bmb-media-card.component.ts","45","ui-angular/src/lib/components/bmb-media-card/bmb-media-card.stories.ts:41",""
"BmbMediaCardComponent","alt","Sets the alternative text of the images. It is an essential part of making content accessible.

Refer [here](https://www.w3.org/WAI/alt/) for more information.","Componente","bmb-media-card","alt","string","No","''","input","Biblioteca","No","No","ui-angular/src/lib/components/bmb-media-card/bmb-media-card.component.ts","46","ui-angular/src/lib/components/bmb-media-card/bmb-media-card.stories.ts:42",""
"BmbMediaCardComponent","width","Sets a blurred image as a box shadow.","Componente","bmb-media-card","width","string","No","'100%'","input","Biblioteca","No","No","ui-angular/src/lib/components/bmb-media-card/bmb-media-card.component.ts","47","ui-angular/src/lib/components/bmb-media-card/bmb-media-card.stories.ts:43",""
"BmbMediaCardComponent","ratio","Sets the aspect ratio of the image.","Componente","bmb-media-card","ratio","string","No","undefined","input","Biblioteca","No","No","ui-angular/src/lib/components/bmb-media-card/bmb-media-card.component.ts","48","ui-angular/src/lib/components/bmb-media-card/bmb-media-card.stories.ts:44",""
"BmbMediaCardComponent","borderRadius","Sets the corner radius size.","Componente","bmb-media-card","borderRadius","SizeNames","No","'m'","input","Biblioteca","No","No","ui-angular/src/lib/components/bmb-media-card/bmb-media-card.component.ts","49","ui-angular/src/lib/components/bmb-media-card/bmb-media-card.stories.ts:45",""
"BmbMediaCardComponent","loading","Enables the loading behavior.
- **eager**: the browser will load the image immediately.
- **lazy**: the browser will wait until the viewport is close to the image to load it.","Componente","bmb-media-card","loading","IBmbMediaCardLoading","No","'lazy'","input","Biblioteca","No","No","ui-angular/src/lib/components/bmb-media-card/bmb-media-card.component.ts","50","ui-angular/src/lib/components/bmb-media-card/bmb-media-card.stories.ts:46",""
"BmbMediaCardComponent","enableZoom","Sets the zoom configuration when true.

It groups multiple interactive icons into a parent element.

By default, it is false, and you do not need to explicitly set it.
The badge should always have a parent element.","Componente","bmb-media-card","enableZoom","boolean","No","false","input","Biblioteca","No","No","ui-angular/src/lib/components/bmb-media-card/bmb-media-card.component.ts","51","ui-angular/src/lib/components/bmb-media-card/bmb-media-card.stories.ts:47",""
"BmbMediaCardComponent","isBlurredBackdrop","Sets a blurred image as box shadow.","Componente","bmb-media-card","isBlurredBackdrop","boolean","No","false","input","Biblioteca","No","No","ui-angular/src/lib/components/bmb-media-card/bmb-media-card.component.ts","52","ui-angular/src/lib/components/bmb-media-card/bmb-media-card.stories.ts:48",""
"BmbMediaCardComponent","type","Sets the visualization type to the card, the **inline** enables the `title`, `date` and `custom HTML` properties, the **author_detail** enable the `title`, `subtitle`, `date`, `user section`, and `custom HTML` and the **floating** option enables all the content.","Componente","bmb-media-card","type","IBmbMediaCardType","No","'inline'","input","Biblioteca","No","No","ui-angular/src/lib/components/bmb-media-card/bmb-media-card.component.ts","53","ui-angular/src/lib/components/bmb-media-card/bmb-media-card.stories.ts:49",""
"BmbMediaCardComponent","subtitle","Sets subtitle card.","Componente","bmb-media-card","subtitle","string","No","undefined","input","Biblioteca","No","No","ui-angular/src/lib/components/bmb-media-card/bmb-media-card.component.ts","54","ui-angular/src/lib/components/bmb-media-card/bmb-media-card.stories.ts:72",""
"BmbMediaCardComponent","content","Sets an string content, if you needs set complex content you can added as <ng-content>.","Componente","bmb-media-card","content","string","No","undefined","input","Biblioteca","No","No","ui-angular/src/lib/components/bmb-media-card/bmb-media-card.component.ts","55","ui-angular/src/lib/components/bmb-media-card/bmb-media-card.stories.ts:82",""
"BmbMediaCardComponent","date","Sets the date element.","Componente","bmb-media-card","date","string","No","undefined","input","Biblioteca","No","No","ui-angular/src/lib/components/bmb-media-card/bmb-media-card.component.ts","56","ui-angular/src/lib/components/bmb-media-card/bmb-media-card.stories.ts:93",""
"BmbMediaCardComponent","userName","Sets the user picture (Required to enable the user section).","Componente","bmb-media-card","userName","string","No","undefined","input","Biblioteca","No","No","ui-angular/src/lib/components/bmb-media-card/bmb-media-card.component.ts","57","ui-angular/src/lib/components/bmb-media-card/bmb-media-card.stories.ts:114",""
"BmbMediaCardComponent","userImage","Sets the user picture (Required to enable the user section).","Componente","bmb-media-card","userImage","string","No","undefined","input","Biblioteca","No","No","ui-angular/src/lib/components/bmb-media-card/bmb-media-card.component.ts","58","ui-angular/src/lib/components/bmb-media-card/bmb-media-card.stories.ts:103",""
"BmbMediaCardComponent","fullmediaCard","Sin descripción documentada.","Componente","bmb-media-card","fullmediaCard","boolean","No","false","input","Biblioteca","No","No","ui-angular/src/lib/components/bmb-media-card/bmb-media-card.component.ts","59","",""
"BmbMediaCardComponent","bgColor","Sin descripción documentada.","Componente","bmb-media-card","bgColor","string","No","undefined","input","Biblioteca","No","No","ui-angular/src/lib/components/bmb-media-card/bmb-media-card.component.ts","60","",""
"BmbMediaCardComponent","boxShadow","Adds a box shadow to the card when true. 

The shadow only appears if the card is not an external link and is not `floating` type and is not `author_detail` type and the `backdrop` is disabled.","Componente","bmb-media-card","boxShadow","boolean","No","false","input","Biblioteca","No","No","ui-angular/src/lib/components/bmb-media-card/bmb-media-card.component.ts","61","ui-angular/src/lib/components/bmb-media-card/bmb-media-card.stories.ts:127",""
"BmbMediaCardComponent","componentTitle","Sets title card.","Componente","bmb-media-card","componentTitle","string","No","undefined","input","Biblioteca","No","No","ui-angular/src/lib/components/bmb-media-card/bmb-media-card.component.ts","62","ui-angular/src/lib/components/bmb-media-card/bmb-media-card.stories.ts:62",""
"BmbMediaCardComponent","title","Please use `componentTitle` instead of `title` to set the component title.","Componente","bmb-media-card","title","string","No","undefined","input","Biblioteca","No","Sí","ui-angular/src/lib/components/bmb-media-card/bmb-media-card.component.ts","64","ui-angular/src/lib/components/bmb-media-card/bmb-media-card.stories.ts:146",""
"BmbMitecLogoAnimationComponent","label","Sets the label to be displayed in mitec logo.","Componente","bmb-mitec-logo-animation","label","string","No","'ESTUDIANTES'","input","Biblioteca","No","No","ui-angular/src/lib/components/bmb-mitec-logo-animation/bmb-mitec-logo-animation.component.ts","19","ui-angular/src/lib/components/bmb-mitec-logo-animation/bmb-mitec-logo-animation.stories.ts:40",""
"BmbMobileTemplatesComponent","template","Sets template layout, depending of the template, it required to send the #bmbTemplateMain template.","Componente","bmb-mobile-templates","template","IBmbMobileTemplateName","No","'single-header'","input","Biblioteca","No","No","ui-angular/src/lib/components/bmb-mobile-templates/bmb-mobile-templates.component.ts","72","ui-angular/src/lib/components/bmb-mobile-templates/bmb-mobile-templates.stories.ts:59",""
"BmbMobileTemplatesComponent","footerActions","Sets the buttons for templates: `card-header-with-footer` and `header-with-footer`","Componente","bmb-mobile-templates","footerActions","IBmbButtonAction[]","No","[]","input","Biblioteca","No","No","ui-angular/src/lib/components/bmb-mobile-templates/bmb-mobile-templates.component.ts","73","ui-angular/src/lib/components/bmb-mobile-templates/bmb-mobile-templates.stories.ts:81",""
"BmbMobileTemplatesComponent","buttonList","Sets the buttons for templates: `header-with-button-list` and `header-with-card-list`","Componente","bmb-mobile-templates","buttonList","IBmbMobileTemplateButton[]","No","[]","input","Biblioteca","No","No","ui-angular/src/lib/components/bmb-mobile-templates/bmb-mobile-templates.component.ts","74","ui-angular/src/lib/components/bmb-mobile-templates/bmb-mobile-templates.stories.ts:92",""
"BmbMobileTemplatesComponent","headerIconRight","Sets the right icon for the header, only available for templates: `single-header`, `header-with-footer`, `header-with-button-list`, and `header-with-card-list`","Componente","bmb-mobile-templates","headerIconRight","string","No","''","input","Biblioteca","No","No","ui-angular/src/lib/components/bmb-mobile-templates/bmb-mobile-templates.component.ts","75","ui-angular/src/lib/components/bmb-mobile-templates/bmb-mobile-templates.stories.ts:126",""
"BmbMobileTemplatesComponent","calendarTimezone","Sets the remote timezone for the events (example: ""America/Mexico_City"")","Componente","bmb-mobile-templates","calendarTimezone","string","No","Intl.DateTimeFormat().resolvedOptions().timeZone","input","Biblioteca","No","No","ui-angular/src/lib/components/bmb-mobile-templates/bmb-mobile-templates.component.ts","76","ui-angular/src/lib/components/bmb-mobile-templates/bmb-mobile-templates.stories.ts:149",""
"BmbMobileTemplatesComponent","clientTimezone","Sets the client timezone for the events (example: ""America/Mexico_City"")","Componente","bmb-mobile-templates","clientTimezone","string","No","Intl.DateTimeFormat().resolvedOptions().timeZone","input","Biblioteca","No","No","ui-angular/src/lib/components/bmb-mobile-templates/bmb-mobile-templates.component.ts","79","ui-angular/src/lib/components/bmb-mobile-templates/bmb-mobile-templates.stories.ts:162",""
"BmbMobileTemplatesComponent","lang","Sets the language for all text, numbers, currencies, date formats, etc.

By default, the supported language are:
- ***en***: english
- ***es***: spanish.","Componente","bmb-mobile-templates","lang","string","No","'es-MX'","input","Biblioteca","No","No","ui-angular/src/lib/components/bmb-mobile-templates/bmb-mobile-templates.component.ts","82","ui-angular/src/lib/components/bmb-mobile-templates/bmb-mobile-templates.stories.ts:175",""
"BmbMobileTemplatesComponent","currentDate","Sets the target date to show in the calendar (example: ""2024-04-23T15:00:00.715Z"")","Componente","bmb-mobile-templates","currentDate","string","No","''","input","Biblioteca","No","No","ui-angular/src/lib/components/bmb-mobile-templates/bmb-mobile-templates.component.ts","83","ui-angular/src/lib/components/bmb-mobile-templates/bmb-mobile-templates.stories.ts:176",""
"BmbMobileTemplatesComponent","externalLinkSubtitle","Sets the header subtitle/url","Componente","bmb-mobile-templates","externalLinkSubtitle","string","No","''","input","Biblioteca","No","No","ui-angular/src/lib/components/bmb-mobile-templates/bmb-mobile-templates.component.ts","84","ui-angular/src/lib/components/bmb-mobile-templates/bmb-mobile-templates.stories.ts:196",""
"BmbMobileTemplatesComponent","componentTitle","Set the title for the header.","Componente","bmb-mobile-templates","componentTitle","string","No","undefined","input","Biblioteca","No","No","ui-angular/src/lib/components/bmb-mobile-templates/bmb-mobile-templates.component.ts","93","ui-angular/src/lib/components/bmb-mobile-templates/bmb-mobile-templates.stories.ts:104",""
"BmbMobileTemplatesComponent","title","Please use `componentTitle` instead of `title` to set the component title.","Componente","bmb-mobile-templates","title","string","No","undefined","input","Biblioteca","No","Sí","ui-angular/src/lib/components/bmb-mobile-templates/bmb-mobile-templates.component.ts","95","ui-angular/src/lib/components/bmb-mobile-templates/bmb-mobile-templates.stories.ts:230",""
"BmbMultiDotPaginatorComponent","subtitle","Sets the subtitle of paginator.","Componente","bmb-multi-dot-paginator","subtitle","string","No","''","input","Biblioteca","No","No","ui-angular/src/lib/components/bmb-multi-dot-paginator/bmb-multi-dot-paginator.component.ts","41","ui-angular/src/lib/components/bmb-multi-dot-paginator/bmb-multi-dot-paginator.stories.ts:69",""
"BmbMultiDotPaginatorComponent","componentTitle","Sets the title of paginator.","Componente","bmb-multi-dot-paginator","componentTitle","string","No","undefined","input","Biblioteca","No","No","ui-angular/src/lib/components/bmb-multi-dot-paginator/bmb-multi-dot-paginator.component.ts","42","ui-angular/src/lib/components/bmb-multi-dot-paginator/bmb-multi-dot-paginator.stories.ts:68",""
"BmbMultiDotPaginatorComponent","selectedIndex","Sets the index of the currently selected item. 

This is a model that can be used to set the selected item programmatically.

> [!CALLOUT]
⚙️**Configuration**

>Selected index is a value between 0 and the item numbers. Please keep this in mind to ensure it works properly.

The back button is taken as a `bmb-multi-dot-paginator-item` that way; it is the last index.","Componente","bmb-multi-dot-paginator","selectedIndex","number","No","0","model","Biblioteca","No","No","ui-angular/src/lib/components/bmb-multi-dot-paginator/bmb-multi-dot-paginator.component.ts","44","ui-angular/src/lib/components/bmb-multi-dot-paginator/bmb-multi-dot-paginator.stories.ts:82",""
"BmbMultiDotPaginatorComponent","title","Please use `componentTitle` instead of `title` to set the component title.","Componente","bmb-multi-dot-paginator","title","string","No","undefined","input","Biblioteca","No","Sí","ui-angular/src/lib/components/bmb-multi-dot-paginator/bmb-multi-dot-paginator.component.ts","46","ui-angular/src/lib/components/bmb-multi-dot-paginator/bmb-multi-dot-paginator.stories.ts:72",""
"BmbNativeModalComponent","componentTitle","Sin descripción documentada.","Componente","bmb-native-modal","componentTitle","string","No","''","input","Biblioteca","No","No","ui-angular/src/lib/components/bmb-modal/bmb-native-modal.component.ts","55","",""
"BmbNativeModalComponent","subtitle","Sin descripción documentada.","Componente","bmb-native-modal","subtitle","string","No","''","input","Biblioteca","No","No","ui-angular/src/lib/components/bmb-modal/bmb-native-modal.component.ts","56","",""
"BmbNativeModalComponent","content","Sin descripción documentada.","Componente","bmb-native-modal","content","TemplateRef<any> | null | Type<any> | string","No","''","input","Biblioteca","No","No","ui-angular/src/lib/components/bmb-modal/bmb-native-modal.component.ts","57","",""
"BmbNativeModalComponent","actions","Sin descripción documentada.","Componente","bmb-native-modal","actions","IBmbActionButton[]","No","[]","input","Biblioteca","No","No","ui-angular/src/lib/components/bmb-modal/bmb-native-modal.component.ts","58","",""
"BmbNativeModalComponent","modalId","Sin descripción documentada.","Componente","bmb-native-modal","modalId","string","Sí","Sin valor predeterminado (requerido)","input.required","Biblioteca","No","No","ui-angular/src/lib/components/bmb-modal/bmb-native-modal.component.ts","59","",""
"BmbNativeModalComponent","size","Sin descripción documentada.","Componente","bmb-native-modal","size","IBmbNativeModalSize","No","'medium'","input","Biblioteca","No","No","ui-angular/src/lib/components/bmb-modal/bmb-native-modal.component.ts","60","",""
"BmbNativeModalComponent","iconStyle","Sin descripción documentada.","Componente","bmb-native-modal","iconStyle","IBmbModalAlertStyle","No","undefined","input","Biblioteca","No","No","ui-angular/src/lib/components/bmb-modal/bmb-native-modal.component.ts","61","",""
"BmbNativeModalComponent","disableBackdropClose","Sin descripción documentada.","Componente","bmb-native-modal","disableBackdropClose","boolean","No","true","input","Biblioteca","No","No","ui-angular/src/lib/components/bmb-modal/bmb-native-modal.component.ts","62","",""
"BmbNativeModalComponent","hasBackdrop","Sin descripción documentada.","Componente","bmb-native-modal","hasBackdrop","boolean","No","true","input","Biblioteca","No","No","ui-angular/src/lib/components/bmb-modal/bmb-native-modal.component.ts","63","",""
"BmbNativeModalComponent","inputContext","Sin descripción documentada.","Componente","bmb-native-modal","inputContext","{ [key: string]: any }","No","{}","input","Biblioteca","No","No","ui-angular/src/lib/components/bmb-modal/bmb-native-modal.component.ts","64","",""
"BmbNativeModalComponent","outputContext","Sin descripción documentada.","Componente","bmb-native-modal","outputContext","{ [key: string]: (value: any) => void }","No","{}","input","Biblioteca","No","No","ui-angular/src/lib/components/bmb-modal/bmb-native-modal.component.ts","65","",""
"BmbNavigationBarComponent","actionHeaders","Navigation actions rendered by the component.","Componente","bmb-navigation-bar","actionHeaders","IBmbActionHeader[]","No","[]","input","Biblioteca","No","No","ui-angular/src/lib/components/bmb-navigation-bar/bmb-navigation-bar.component.ts","46","ui-angular/src/lib/components/bmb-navigation-bar/bmp-navigation-bar.stories.ts:48",""
"BmbNavigationBarComponent","iconSize","Overrides the size of every action icon.","Componente","bmb-navigation-bar","iconSize","number | undefined","No","undefined","input","Biblioteca","No","No","ui-angular/src/lib/components/bmb-navigation-bar/bmb-navigation-bar.component.ts","47","ui-angular/src/lib/components/bmb-navigation-bar/bmp-navigation-bar.stories.ts:57",""
"BmbNavigationBarComponent","gapSize","Spacing between navigation actions.","Componente","bmb-navigation-bar","gapSize","BmbNavigationBarGapSize","No","'m'","input","Biblioteca","No","No","ui-angular/src/lib/components/bmb-navigation-bar/bmb-navigation-bar.component.ts","48","ui-angular/src/lib/components/bmb-navigation-bar/bmp-navigation-bar.stories.ts:66",""
"BmbNavigationBarComponent","justify","Horizontal distribution of navigation actions.","Componente","bmb-navigation-bar","justify","IJustifyOptions","No","'spaceBetween'","input","Biblioteca","No","No","ui-angular/src/lib/components/bmb-navigation-bar/bmb-navigation-bar.component.ts","49","ui-angular/src/lib/components/bmb-navigation-bar/bmp-navigation-bar.stories.ts:76",""
"BmbNavigationBarComponent","alignItems","Cross-axis alignment of navigation actions.","Componente","bmb-navigation-bar","alignItems","IAlignItemsOptions","No","'start'","input","Biblioteca","No","No","ui-angular/src/lib/components/bmb-navigation-bar/bmb-navigation-bar.component.ts","50","ui-angular/src/lib/components/bmb-navigation-bar/bmp-navigation-bar.stories.ts:94",""
"BmbNavigationBarComponent","isMitecHeader","Uses the MiTec header rendering variant.","Componente","bmb-navigation-bar","isMitecHeader","boolean","No","false","input","Biblioteca","No","No","ui-angular/src/lib/components/bmb-navigation-bar/bmb-navigation-bar.component.ts","51","ui-angular/src/lib/components/bmb-navigation-bar/bmp-navigation-bar.stories.ts:104",""
"BmbNoticeCardComponent","src","Sets an image at the top of the notification.","Componente","bmb-notice-card","src","string","No","''","input","Biblioteca","No","No","ui-angular/src/lib/components/bmb-notice-card/bmb-notice-card.component.ts","48","ui-angular/src/lib/components/bmb-notice-card/bmb-notice-card.stories.ts:75",""
"BmbNoticeCardComponent","icon","Descripción no resuelta automáticamente; consultar la fuente de documentación.","Componente","bmb-notice-card","icon","string","No","''","input","Biblioteca","No","No","ui-angular/src/lib/components/bmb-notice-card/bmb-notice-card.component.ts","49","ui-angular/src/lib/components/bmb-notice-card/bmb-notice-card.stories.ts:62",""
"BmbNoticeCardComponent","iconSize","Sets the size of the icon or width of the image to use.

✳️**Note**
 <= 0 will be inherited.","Componente","bmb-notice-card","iconSize","number","No","24","input","Biblioteca","No","No","ui-angular/src/lib/components/bmb-notice-card/bmb-notice-card.component.ts","50","ui-angular/src/lib/components/bmb-notice-card/bmb-notice-card.stories.ts:63",""
"BmbNoticeCardComponent","description","Sets the description of the notice card. Each page accepts plain text or HTML content for rich text formatting.","Componente","bmb-notice-card","description","IBmbCardNoticeDescription","No","undefined","input","Biblioteca","No","No","ui-angular/src/lib/components/bmb-notice-card/bmb-notice-card.component.ts","51","ui-angular/src/lib/components/bmb-notice-card/bmb-notice-card.stories.ts:86",""
"BmbNoticeCardComponent","buttonText","Sets the button text of the notice card.","Componente","bmb-notice-card","buttonText","string","No","undefined","input","Biblioteca","No","No","ui-angular/src/lib/components/bmb-notice-card/bmb-notice-card.component.ts","52","ui-angular/src/lib/components/bmb-notice-card/bmb-notice-card.stories.ts:98",""
"BmbNoticeCardComponent","link","Sets the link of the notice card.","Componente","bmb-notice-card","link","string","No","''","input","Biblioteca","No","No","ui-angular/src/lib/components/bmb-notice-card/bmb-notice-card.component.ts","53","ui-angular/src/lib/components/bmb-notice-card/bmb-notice-card.stories.ts:109",""
"BmbNoticeCardComponent","closeBtnColor","Sets the color of the close button.","Componente","bmb-notice-card","closeBtnColor","'white' | 'black'","No","'white'","input","Biblioteca","No","No","ui-angular/src/lib/components/bmb-notice-card/bmb-notice-card.component.ts","54","ui-angular/src/lib/components/bmb-notice-card/bmb-notice-card.stories.ts:120",""
"BmbNoticeCardComponent","componentTitle","Sets the notification title.","Componente","bmb-notice-card","componentTitle","string","No","undefined","input","Biblioteca","No","No","ui-angular/src/lib/components/bmb-notice-card/bmb-notice-card.component.ts","55","ui-angular/src/lib/components/bmb-notice-card/bmb-notice-card.stories.ts:64",""
"BmbNoticeCardComponent","title","Please use `componentTitle` instead of `title` to set the component title.","Componente","bmb-notice-card","title","string","No","undefined","input","Biblioteca","No","Sí","ui-angular/src/lib/components/bmb-notice-card/bmb-notice-card.component.ts","57","ui-angular/src/lib/components/bmb-notice-card/bmb-notice-card.stories.ts:133",""
"BmbNotificationCardComponent","data","Sets information that the component will show","Componente","bmb-notification-card","data","IBmbDataAlert[]","No","[]","input","Biblioteca","No","No","ui-angular/src/lib/components/bmb-notification-card/bmb-notification-card.component.ts","47","ui-angular/src/lib/components/bmb-notification-card/bmb-notification-card.stories.ts:139",""
"BmbNotificationCardComponent","advertisements","Sets information that the component will show on the advertisement tab","Componente","bmb-notification-card","advertisements","IBmbDataAlert[]","No","[]","input","Biblioteca","No","No","ui-angular/src/lib/components/bmb-notification-card/bmb-notification-card.component.ts","48","ui-angular/src/lib/components/bmb-notification-card/bmb-notification-card.stories.ts:150",""
"BmbNotificationCardComponent","hideExpandBtn","Hides the expand button when true","Componente","bmb-notification-card","hideExpandBtn","boolean","No","false","input","Biblioteca","No","No","ui-angular/src/lib/components/bmb-notification-card/bmb-notification-card.component.ts","49","ui-angular/src/lib/components/bmb-notification-card/bmb-notification-card.stories.ts:162",""
"BmbNotificationCardComponent","maxHeight","Sets the maximum height of the notification card. Accepts any valid CSS height value (e.g., ""300px"", ""50dvh"", ""auto"").","Componente","bmb-notification-card","maxHeight","string","No","'auto'","input","Biblioteca","No","No","ui-angular/src/lib/components/bmb-notification-card/bmb-notification-card.component.ts","50","ui-angular/src/lib/components/bmb-notification-card/bmb-notification-card.stories.ts:181",""
"BmbNotificationCardComponent","enableRowClick","Enables click interaction on each alert row. Show or hide the modal with the alert details when clicking on an alert.","Componente","bmb-notification-card","enableRowClick","boolean","No","true","input","Biblioteca","No","No","ui-angular/src/lib/components/bmb-notification-card/bmb-notification-card.component.ts","51","ui-angular/src/lib/components/bmb-notification-card/bmb-notification-card.stories.ts:171",""
"BmbNotificationCardComponent","emptyStateData","Sets the data for the empty state when there are no alerts to display","Componente","bmb-notification-card","emptyStateData","IBmbAlertEmptyState","No","undefined","input","Biblioteca","No","No","ui-angular/src/lib/components/bmb-notification-card/bmb-notification-card.component.ts","52","ui-angular/src/lib/components/bmb-notification-card/bmb-notification-card.stories.ts:218",""
"BmbNotificationCardComponent","dateFormat","Sets the date format for displaying alert dates. Accepts any valid Luxon date format string or ""iso"" for ISO format.","Componente","bmb-notification-card","dateFormat","string","No","'dd/MM/yyyy HH:mm'","input","Biblioteca","No","No","ui-angular/src/lib/components/bmb-notification-card/bmb-notification-card.component.ts","53","ui-angular/src/lib/components/bmb-notification-card/bmb-notification-card.stories.ts:208",""
"BmbNotificationCardComponent","showAdvertisements","Determines whether to show the advertisements tab","Componente","bmb-notification-card","showAdvertisements","boolean","No","true","input","Biblioteca","No","No","ui-angular/src/lib/components/bmb-notification-card/bmb-notification-card.component.ts","54","ui-angular/src/lib/components/bmb-notification-card/bmb-notification-card.stories.ts:199",""
"BmbNotificationCardComponent","leftIcon","Sets the name of the left header icon. If not provided, the interactive icon will not be rendered to be displayed.

> [!CALLOUT]
⚙️**Configuration**

>Please refer to [Google Fonts](https://fonts.google.com/icons?icon.size=24&icon.color=%23e8eaed&icon.style=Rounded&icon.set=Material+Symbols) for more icons and make sure that you have selected the filters:
- Fill
- Style:
 - Material Symbols
 - Rounded

‼️These filters are important to ensure that you are choosing an icon that meets the guidelines of ***Bamboo***‼️.

> [!NOTE]
✳️**Note**

>Images are also supported; instead of the icon name, enter the URL or path of the image to use.

> [!WARNING]
⚠️**Warning**

>Please remember that images need an *alt* to be accessible.
Look for the property to set the alt, if it does not exist in the component it is because the component implements it internally.","Componente","bmb-notification-card","leftIcon","string","No","''","input","Biblioteca","No","No","ui-angular/src/lib/components/bmb-notification-card/bmb-notification-card.component.ts","55","ui-angular/src/lib/components/bmb-notification-card/bmb-notification-card.stories.ts:132",""
"BmbNotificationCardComponent","enableCustomHandlerClick","When true, clicking on an alert will trigger the alertEvent output instead of showAlertDetail. This allows you to implement a custom behavior when an alert is clicked.","Componente","bmb-notification-card","enableCustomHandlerClick","boolean","No","false","input","Biblioteca","No","No","ui-angular/src/lib/components/bmb-notification-card/bmb-notification-card.component.ts","56","ui-angular/src/lib/components/bmb-notification-card/bmb-notification-card.stories.ts:245",""
"BmbNotificationCardComponent","componentTitle","Sets the title of the component","Componente","bmb-notification-card","componentTitle","string","No","''","input","Biblioteca","No","No","ui-angular/src/lib/components/bmb-notification-card/bmb-notification-card.component.ts","57","ui-angular/src/lib/components/bmb-notification-card/bmb-notification-card.stories.ts:255",""
"BmbNotificationCardComponent","selectedTab","Sin descripción documentada.","Componente","bmb-notification-card","selectedTab","number","No","1","model","Biblioteca","No","No","ui-angular/src/lib/components/bmb-notification-card/bmb-notification-card.component.ts","102","",""
"BmbNotificationCardModalComponent","visibleAlert","Sin descripción documentada.","Componente","bmb-notification-card-modal","visibleAlert","IBmbDataAlertsParsed | null","No","null","input","Biblioteca","No","No","ui-angular/src/lib/components/bmb-notification-card/bmb-notification-card-modal/bmb-notification-card-modal.component.ts","25","",""
"BmbNotificationCounterComponent","counter","Sets the notification counter number (0 to hide).","Componente","bmb-notification-counter","counter","number","No","undefined","input","Biblioteca","No","No","ui-angular/src/lib/components/bmb-notification-counter/bmb-notification-counter.component.ts","23","ui-angular/src/lib/components/bmb-notification-counter/bmb-notification-counter.stories.ts:59",""
"BmbNotificationCounterComponent","appearance","Sets the appearance of Notification counter, affecting its visual style.","Componente","bmb-notification-counter","appearance","IBmbNotificationCounterType","No","'notification'","input","Biblioteca","No","No","ui-angular/src/lib/components/bmb-notification-counter/bmb-notification-counter.component.ts","24","ui-angular/src/lib/components/bmb-notification-counter/bmb-notification-counter.stories.ts:60",""
"BmbOverlayComponent","active","Show or hide overlay","Componente","bmb-overlay","active","boolean","No","false","input","Biblioteca","No","No","ui-angular/src/lib/components/bmb-overlay/bmb-overlay.component.ts","19","ui-angular/src/lib/components/bmb-overlay/bmb-overlay.stories.ts:93",""
"BmbOverlayComponent","uid","Sin descripción documentada.","Componente","bmb-overlay","uid","string","No","getUUID()","input","Biblioteca","No","No","ui-angular/src/lib/components/bmb-overlay/bmb-overlay.component.ts","21","",""
"BmbPaginatorComponent","totalItems","Sets the total items of the table","Componente","bmb-paginator","totalItems","number","No","0","input","Biblioteca","No","No","ui-angular/src/lib/components/bmb-paginator/bmb-paginator.component.ts","28","ui-angular/src/lib/components/bmb-paginator/bmb-paginator.stories.ts:96",""
"BmbPaginatorComponent","itemsPerPage","Sets the total number of items to show per page","Componente","bmb-paginator","itemsPerPage","number","No","5","input","Biblioteca","No","No","ui-angular/src/lib/components/bmb-paginator/bmb-paginator.component.ts","29","ui-angular/src/lib/components/bmb-paginator/bmb-paginator.stories.ts:105",""
"BmbPaginatorComponent","currentPage","Sets the number of page to show","Componente","bmb-paginator","currentPage","number","No","1","input","Biblioteca","No","No","ui-angular/src/lib/components/bmb-paginator/bmb-paginator.component.ts","30","ui-angular/src/lib/components/bmb-paginator/bmb-paginator.stories.ts:116",""
"BmbProfileComponent","userData","⛔**Deprecated**
This property will not be maintainable.
  This will be removed in future versions.","Componente","bmb-profile","userData","IBmbProfileData","No","undefined","input","Biblioteca","No","Sí","ui-angular/src/lib/components/bmb-profile/bmb-profile.component.ts","75","ui-angular/src/lib/components/bmb-profile/bmb-profile.stories.ts:275",""
"BmbProfileComponent","isStandAlone","When true the profile should be adapted to the stand alone view. When false, the profile must be adapted to be displayed on mobile devices or the web.","Componente","bmb-profile","isStandAlone","boolean","No","false","input","Biblioteca","No","No","ui-angular/src/lib/components/bmb-profile/bmb-profile.component.ts","76","ui-angular/src/lib/components/bmb-profile/bmb-profile.stories.ts:86",""
"BmbProfileComponent","standAloneData","Sets the stand alone data to display in the component.","Componente","bmb-profile","standAloneData","IBmbUserData","No","undefined","input","Biblioteca","No","No","ui-angular/src/lib/components/bmb-profile/bmb-profile.component.ts","77","ui-angular/src/lib/components/bmb-profile/bmb-profile.stories.ts:96",""
"BmbProfileComponent","isStudent","When true, the profile will display the content or data of a student. When false, the profile will display the content or data of a collaborator.","Componente","bmb-profile","isStudent","boolean","No","true","input","Biblioteca","No","No","ui-angular/src/lib/components/bmb-profile/bmb-profile.component.ts","78","ui-angular/src/lib/components/bmb-profile/bmb-profile.stories.ts:117",""
"BmbProfileComponent","studentData","Sets the student data to display in the component.

Display logic:
- If isExatec is true and linkedin is provided, the LinkedIn profile is shown.
- If isExatec is false and curp is provided, the CURP is shown.","Componente","bmb-profile","studentData","IBmbStudentProfileData","No","undefined","input","Biblioteca","No","No","ui-angular/src/lib/components/bmb-profile/bmb-profile.component.ts","79","ui-angular/src/lib/components/bmb-profile/bmb-profile.stories.ts:127",""
"BmbProfileComponent","collaboratorData","Sets the collaborator data to display in the component.","Componente","bmb-profile","collaboratorData","IBmbCollaboratorProfileData","No","undefined","input","Biblioteca","No","No","ui-angular/src/lib/components/bmb-profile/bmb-profile.component.ts","80","ui-angular/src/lib/components/bmb-profile/bmb-profile.stories.ts:155",""
"BmbProfileComponent","isMobile","When true the profile should be adapted to the mobile view. When false, the profile should be adapted to display the web view. Web or mobile view can only be displayed when not stand alone.","Componente","bmb-profile","isMobile","boolean","No","true","input","Biblioteca","No","No","ui-angular/src/lib/components/bmb-profile/bmb-profile.component.ts","81","ui-angular/src/lib/components/bmb-profile/bmb-profile.stories.ts:193",""
"BmbProfileComponent","idDigitalLink","Sets the link to redirect when the **ID digital** button is clicked.","Componente","bmb-profile","idDigitalLink","string","No","''","input","Biblioteca","No","No","ui-angular/src/lib/components/bmb-profile/bmb-profile.component.ts","82","ui-angular/src/lib/components/bmb-profile/bmb-profile.stories.ts:213",""
"BmbProfileComponent","campusAcessLink","Sets the link to redirect when the **Campus access** button is clicked.","Componente","bmb-profile","campusAcessLink","string","No","''","input","Biblioteca","No","No","ui-angular/src/lib/components/bmb-profile/bmb-profile.component.ts","83","ui-angular/src/lib/components/bmb-profile/bmb-profile.stories.ts:223",""
"BmbProfileComponent","tecServicesLink","Sets the link to redirect when the **Tec services** button is clicked.","Componente","bmb-profile","tecServicesLink","string","No","''","input","Biblioteca","No","No","ui-angular/src/lib/components/bmb-profile/bmb-profile.component.ts","84","ui-angular/src/lib/components/bmb-profile/bmb-profile.stories.ts:233",""
"BmbProfileComponent","targetLinks","The target attribute for the link. Refer to https://developer.mozilla.org/en-US/docs/Web/HTML/Element/a for more information.","Componente","bmb-profile","targetLinks","IBmbTargetLink","No","'_blank'","input","Biblioteca","No","No","ui-angular/src/lib/components/bmb-profile/bmb-profile.component.ts","85","ui-angular/src/lib/components/bmb-profile/bmb-profile.stories.ts:243",""
"BmbProfileComponent","versionLabel","Sets the version label to display in the component","Componente","bmb-profile","versionLabel","string","No","''","input","Biblioteca","No","No","ui-angular/src/lib/components/bmb-profile/bmb-profile.component.ts","86","ui-angular/src/lib/components/bmb-profile/bmb-profile.stories.ts:185",""
"BmbProfileComponent","versionBackText","Sets the version back text to display in the component","Componente","bmb-profile","versionBackText","string","No","''","input","Biblioteca","No","No","ui-angular/src/lib/components/bmb-profile/bmb-profile.component.ts","87","ui-angular/src/lib/components/bmb-profile/bmb-profile.stories.ts:276",""
"BmbProfileComponent","enableLangChange","When true, the component will display the language change button.","Componente","bmb-profile","enableLangChange","boolean","No","false","input","Biblioteca","No","No","ui-angular/src/lib/components/bmb-profile/bmb-profile.component.ts","88","ui-angular/src/lib/components/bmb-profile/bmb-profile.stories.ts:203",""
"BmbProfileComponent","enableVersionBack","When true, the component will display the version back link.","Componente","bmb-profile","enableVersionBack","boolean","No","false","input","Biblioteca","No","No","ui-angular/src/lib/components/bmb-profile/bmb-profile.component.ts","89","ui-angular/src/lib/components/bmb-profile/bmb-profile.stories.ts:284",""
"BmbProfileComponent","enableExpandButton","When true, the component will display the expand button at the right side of the header.","Componente","bmb-profile","enableExpandButton","boolean","No","true","input","Biblioteca","No","No","ui-angular/src/lib/components/bmb-profile/bmb-profile.component.ts","90","ui-angular/src/lib/components/bmb-profile/bmb-profile.stories.ts:298",""
"BmbProfileComponent","currentRole","Sets the current role to display in the component. This is only used when the profile is for a collaborator and the role switch is enabled.","Componente","bmb-profile","currentRole","string","No","''","input","Biblioteca","No","No","ui-angular/src/lib/components/bmb-profile/bmb-profile.component.ts","91","ui-angular/src/lib/components/bmb-profile/bmb-profile.stories.ts:308",""
"BmbProfileComponent","isLoading","When true, the component will display a loader and hide the content. This is useful to simulate the loading state of the component.","Componente","bmb-profile","isLoading","boolean","No","false","input","Biblioteca","No","No","ui-angular/src/lib/components/bmb-profile/bmb-profile.component.ts","92","ui-angular/src/lib/components/bmb-profile/bmb-profile.stories.ts:321",""
"BmbProfileComponent","handleLangChange","Emits the event triggered after string button is clicked, returns a string with the selected language. The default value is ***es***..","Componente","bmb-profile","handleLangChange","string","No","undefined","model","Biblioteca","No","No","ui-angular/src/lib/components/bmb-profile/bmb-profile.component.ts","94","ui-angular/src/lib/components/bmb-profile/bmb-profile.stories.ts:259",""
"BmbProfileComponent","isExpanded","Sin descripción documentada.","Componente","bmb-profile","isExpanded","boolean","No","false","model","Biblioteca","No","No","ui-angular/src/lib/components/bmb-profile/bmb-profile.component.ts","106","",""
"BmbProgressBarComponent","componentTitle","Sets the title of progress bar.

This property is displayed for the property type:

- container","Componente","bmb-progress-bar","componentTitle","string","No","undefined","input","Biblioteca","No","No","ui-angular/src/lib/components/bmb-progress-bar/bmb-progress-bar.component.ts","54","ui-angular/src/lib/components/bmb-progress-bar/bmb-progress-bar.stories.ts:87",""
"BmbProgressBarComponent","type","Sets the type of progress bar to display.","Componente","bmb-progress-bar","type","IBmbProgressBarTypes","No","'simple'","input","Biblioteca","No","No","ui-angular/src/lib/components/bmb-progress-bar/bmb-progress-bar.component.ts","55","ui-angular/src/lib/components/bmb-progress-bar/bmb-progress-bar.stories.ts:35",""
"BmbProgressBarComponent","totalCount","Sets the total value to calculate the percentage. 

This property is displayed for the property type:

- counter
- container","Componente","bmb-progress-bar","totalCount","number","No","0","input","Biblioteca","No","No","ui-angular/src/lib/components/bmb-progress-bar/bmb-progress-bar.component.ts","56","ui-angular/src/lib/components/bmb-progress-bar/bmb-progress-bar.stories.ts:65",""
"BmbProgressBarComponent","counter","Sets the amount of the total to calculate the percentage. 

This property is displayed for the property type:

- counter
- container","Componente","bmb-progress-bar","counter","number","No","0","input","Biblioteca","No","No","ui-angular/src/lib/components/bmb-progress-bar/bmb-progress-bar.component.ts","57","ui-angular/src/lib/components/bmb-progress-bar/bmb-progress-bar.stories.ts:76",""
"BmbProgressBarComponent","appearance","Sets the appearance of progress bar, affecting its visual style.

This property is displayed for the property type:
- simple
- counter
- container","Componente","bmb-progress-bar","appearance","IBmbProgressBarVariations","No","'info'","input","Biblioteca","No","No","ui-angular/src/lib/components/bmb-progress-bar/bmb-progress-bar.component.ts","58","ui-angular/src/lib/components/bmb-progress-bar/bmb-progress-bar.stories.ts:90",""
"BmbProgressBarComponent","textLink","Sets the text for the link 

This property is displayed for the property type:

- container","Componente","bmb-progress-bar","textLink","string","No","''","input","Biblioteca","No","No","ui-angular/src/lib/components/bmb-progress-bar/bmb-progress-bar.component.ts","59","ui-angular/src/lib/components/bmb-progress-bar/bmb-progress-bar.stories.ts:96",""
"BmbProgressBarComponent","href","Sets the link for redirection to another or same page.

This property is displayed for the property type:

- container","Componente","bmb-progress-bar","href","string","No","''","input","Biblioteca","No","No","ui-angular/src/lib/components/bmb-progress-bar/bmb-progress-bar.component.ts","60","ui-angular/src/lib/components/bmb-progress-bar/bmb-progress-bar.stories.ts:108",""
"BmbProgressBarComponent","target","Sets the target property for the link. Refer to [here](https://developer.mozilla.org/en-US/docs/Web/HTML/Element/a) for more information.

This property is displayed for the property type:

- container","Componente","bmb-progress-bar","target","IBmbTargetLink","No","'_blank'","input","Biblioteca","No","No","ui-angular/src/lib/components/bmb-progress-bar/bmb-progress-bar.component.ts","61","ui-angular/src/lib/components/bmb-progress-bar/bmb-progress-bar.stories.ts:114",""
"BmbProgressBarComponent","textFormat","Sets the text format function to show the percentage in the progress bar.
  

This property is displayed for the property type:

- counter
- container

  The function receives two parameters: the current value and the total value, and should return a formatted string.

  If not set, it defaults to showing the value as *""value/total""*.

  ✳️**Note**
 Avoid return HTML code, whether HTML code will be parsed.","Componente","bmb-progress-bar","textFormat","(counter: string, total: string) => string","No","(counter, total) => `${counter}/${total}`","input","Biblioteca","No","No","ui-angular/src/lib/components/bmb-progress-bar/bmb-progress-bar.component.ts","62","ui-angular/src/lib/components/bmb-progress-bar/bmb-progress-bar.stories.ts:120",""
"BmbProgressBarComponent","isContainer","Sets the **Container progress - Anatomy** when true.","Componente","bmb-progress-bar","isContainer","boolean","No","false","input","Biblioteca","No","No","ui-angular/src/lib/components/bmb-progress-bar/bmb-progress-bar.component.ts","65","ui-angular/src/lib/components/bmb-progress-bar/bmb-progress-bar.stories.ts:122",""
"BmbProgressBarComponent","avatarIcon","Sets the name of the icon to be displayed.

> [!CALLOUT]
⚙️**Configuration**

>Please refer to [Google Fonts](https://fonts.google.com/icons?icon.size=24&icon.color=%23e8eaed&icon.style=Rounded&icon.set=Material+Symbols) for more icons and make sure that you have selected the filters:
- Fill
- Style:
 - Material Symbols
 - Rounded

‼️These filters are important to ensure that you are choosing an icon that meets the guidelines of ***Bamboo***‼️.

> [!NOTE]
✳️**Note**

>Images are also supported; instead of the icon name, enter the URL or path of the image to use.

> [!WARNING]
⚠️**Warning**

>Please remember that images need an *alt* to be accessible.
Look for the property to set the alt, if it does not exist in the component it is because the component implements it internally.","Componente","bmb-progress-bar","avatarIcon","string","No","''","input","Biblioteca","No","No","ui-angular/src/lib/components/bmb-progress-bar/bmb-progress-bar.component.ts","66","ui-angular/src/lib/components/bmb-progress-bar/bmb-progress-bar.stories.ts:121",""
"BmbProgressBarComponent","actionIcon","Sets the title of .","Componente","bmb-progress-bar","actionIcon","string","No","''","input","Biblioteca","No","No","ui-angular/src/lib/components/bmb-progress-bar/bmb-progress-bar.component.ts","67","ui-angular/src/lib/components/bmb-progress-bar/bmb-progress-bar.stories.ts:126",""
"BmbProgressBarComponent","statusColor","Sets the status color of the progress bar.","Componente","bmb-progress-bar","statusColor","IBmbProgressBarStatusColor","No","'info'","input","Biblioteca","No","No","ui-angular/src/lib/components/bmb-progress-bar/bmb-progress-bar.component.ts","68","ui-angular/src/lib/components/bmb-progress-bar/bmb-progress-bar.stories.ts:50",""
"BmbProgressBarComponent","textFormatSeparator","Sin descripción documentada.","Componente","bmb-progress-bar","textFormatSeparator","string","No","''","input","Biblioteca","No","No","ui-angular/src/lib/components/bmb-progress-bar/bmb-progress-bar.component.ts","69","",""
"BmbProgressBarComponent","showStatusIcon","Sin descripción documentada.","Componente","bmb-progress-bar","showStatusIcon","boolean","No","false","input","Biblioteca","No","No","ui-angular/src/lib/components/bmb-progress-bar/bmb-progress-bar.component.ts","70","",""
"BmbProgressBarComponent","title","Please use `componentTitle` instead of `title` to set the component title.","Componente","bmb-progress-bar","title","string","No","''","input","Biblioteca","No","Sí","ui-angular/src/lib/components/bmb-progress-bar/bmb-progress-bar.component.ts","74","ui-angular/src/lib/components/bmb-progress-bar/bmb-progress-bar.stories.ts:132",""
"BmbProgressCircleComponent","valueLabel","Sets the title of value label.

The value label will be displayed in the center of the progress circle.","Componente","bmb-progress-circle","valueLabel","string","No","undefined","input","Biblioteca","No","No","ui-angular/src/lib/components/bmb-progress-cirlce/bmb-progress-circle.component.ts","41","ui-angular/src/lib/components/bmb-progress-cirlce/bmb-progress-circle.stories.ts:56",""
"BmbProgressCircleComponent","percent","Sets the percentage of progress to be displayed.","Componente","bmb-progress-circle","percent","number","No","0","input","Biblioteca","No","No","ui-angular/src/lib/components/bmb-progress-cirlce/bmb-progress-circle.component.ts","42","ui-angular/src/lib/components/bmb-progress-cirlce/bmb-progress-circle.stories.ts:78",""
"BmbProgressCircleComponent","showValueLabel","Displays the value label when true.","Componente","bmb-progress-circle","showValueLabel","boolean","No","false","input","Biblioteca","No","No","ui-angular/src/lib/components/bmb-progress-cirlce/bmb-progress-circle.component.ts","43","ui-angular/src/lib/components/bmb-progress-cirlce/bmb-progress-circle.stories.ts:67",""
"BmbProgressCircleComponent","componentTitle","Sets the title of progress circle.

Considerations for displaying text on one or more lines:
- Use a string to display the title on a single line.
- Use a string array to display the title on more than one line.","Componente","bmb-progress-circle","componentTitle","string | string[]","No","''","input","Biblioteca","No","No","ui-angular/src/lib/components/bmb-progress-cirlce/bmb-progress-circle.component.ts","44","ui-angular/src/lib/components/bmb-progress-cirlce/bmb-progress-circle.stories.ts:89",""
"BmbProgressCircleComponent","showTitle","Displays the title when true.","Componente","bmb-progress-circle","showTitle","boolean","No","false","input","Biblioteca","No","No","ui-angular/src/lib/components/bmb-progress-cirlce/bmb-progress-circle.component.ts","45","ui-angular/src/lib/components/bmb-progress-cirlce/bmb-progress-circle.stories.ts:96",""
"BmbProgressCircleComponent","showBackground","⛔**Deprecated**
This property will not be maintainable.
  This will be removed in future versions.","Componente","bmb-progress-circle","showBackground","boolean","No","true","input","Biblioteca","No","No","ui-angular/src/lib/components/bmb-progress-cirlce/bmb-progress-circle.component.ts","46","ui-angular/src/lib/components/bmb-progress-cirlce/bmb-progress-circle.stories.ts:132",""
"BmbProgressCircleComponent","showRestBackground","Sin descripción documentada.","Componente","bmb-progress-circle","showRestBackground","boolean","No","false","input","Biblioteca","No","No","ui-angular/src/lib/components/bmb-progress-cirlce/bmb-progress-circle.component.ts","47","",""
"BmbProgressCircleComponent","fillPathStatus","Sets the color of the path that fills the circle.

ℹ️**Important**
 The gray fill path (fillPathStatus) does not work for the full state (fullFillPathStatus).","Componente","bmb-progress-circle","fillPathStatus","BmbProgressCirclePathStatus","No","'success'","input","Biblioteca","No","No","ui-angular/src/lib/components/bmb-progress-cirlce/bmb-progress-circle.component.ts","48","ui-angular/src/lib/components/bmb-progress-cirlce/bmb-progress-circle.stories.ts:107",""
"BmbProgressCircleComponent","fullFillPathStatus","Sets the full state when true.

The progress circle will display in a full state and the percentage path and value content will be hidden.

ℹ️**Important**
 The gray fill path (fillPathStatus) does not work for the full state (fullFillPathStatus).","Componente","bmb-progress-circle","fullFillPathStatus","boolean","No","false","input","Biblioteca","No","No","ui-angular/src/lib/components/bmb-progress-cirlce/bmb-progress-circle.component.ts","49","ui-angular/src/lib/components/bmb-progress-cirlce/bmb-progress-circle.stories.ts:61",""
"BmbProgressCircleComponent","size","Defines the size variant of the progress circle. Use ""default"" for the standard size or ""small"" for a more compact version.","Componente","bmb-progress-circle","size","BmbProgressCircleSize","No","'default'","input","Biblioteca","No","No","ui-angular/src/lib/components/bmb-progress-cirlce/bmb-progress-circle.component.ts","50","ui-angular/src/lib/components/bmb-progress-cirlce/bmb-progress-circle.stories.ts:134",""
"BmbProgressCircleComponent","icon","Sets the name of the icon to be displayed.

> [!CALLOUT]
⚙️**Configuration**

>Please refer to [Google Fonts](https://fonts.google.com/icons?icon.size=24&icon.color=%23e8eaed&icon.style=Rounded&icon.set=Material+Symbols) for more icons and make sure that you have selected the filters:
- Fill
- Style:
 - Material Symbols
 - Rounded

‼️These filters are important to ensure that you are choosing an icon that meets the guidelines of ***Bamboo***‼️.

> [!NOTE]
✳️**Note**

>Images are also supported; instead of the icon name, enter the URL or path of the image to use.

> [!WARNING]
⚠️**Warning**

>Please remember that images need an *alt* to be accessible.
Look for the property to set the alt, if it does not exist in the component it is because the component implements it internally.

The icon to display within the field.","Componente","bmb-progress-circle","icon","string","No","''","input","Biblioteca","No","No","ui-angular/src/lib/components/bmb-progress-cirlce/bmb-progress-circle.component.ts","51","ui-angular/src/lib/components/bmb-progress-cirlce/bmb-progress-circle.stories.ts:133",""
"BmbProgressCircleComponent","showOperationState","Displays an operation state indicator for success or error statuses when the progress circle is fully filled.","Componente","bmb-progress-circle","showOperationState","boolean","No","false","input","Biblioteca","No","No","ui-angular/src/lib/components/bmb-progress-cirlce/bmb-progress-circle.component.ts","52","ui-angular/src/lib/components/bmb-progress-cirlce/bmb-progress-circle.stories.ts:147",""
"BmbProgressCircleComponent","emptyState","Displays the empty state variant of the progress circle, hiding the progress indicator and showing the empty-state content.","Componente","bmb-progress-circle","emptyState","boolean","No","false","input","Biblioteca","No","No","ui-angular/src/lib/components/bmb-progress-cirlce/bmb-progress-circle.component.ts","53","ui-angular/src/lib/components/bmb-progress-cirlce/bmb-progress-circle.stories.ts:159",""
"BmbProgressCircleComponent","title","Please use `componentTitle` instead of `title` to set the component title.","Componente","bmb-progress-circle","title","string | string[]","No","''","input","Biblioteca","No","No","ui-angular/src/lib/components/bmb-progress-cirlce/bmb-progress-circle.component.ts","56","ui-angular/src/lib/components/bmb-progress-cirlce/bmb-progress-circle.stories.ts:122",""
"BmbProjectedContentComponent","contentId","Sin descripción documentada.","Componente","bmb-projected-content","contentId","string","No","''","input","Biblioteca","No","No","ui-angular/src/lib/components/bmb-portal/bmb-projected-content/bmb-projected-content.component.ts","29","",""
"BmbProjectedContentComponent","content","Sin descripción documentada.","Componente","bmb-projected-content","content","TemplateRef<any> | null | Type<any>","No","null","input","Biblioteca","No","No","ui-angular/src/lib/components/bmb-portal/bmb-projected-content/bmb-projected-content.component.ts","30","",""
"BmbProjectedContentComponent","htmlRef","Sin descripción documentada.","Componente","bmb-projected-content","htmlRef","HTMLElement | null","No","null","input","Biblioteca","No","No","ui-angular/src/lib/components/bmb-portal/bmb-projected-content/bmb-projected-content.component.ts","31","",""
"BmbProjectedContentComponent","mode","Sin descripción documentada.","Componente","bmb-projected-content","mode","IBmbProjectedContentMode","No","'outside'","input","Biblioteca","No","No","ui-angular/src/lib/components/bmb-portal/bmb-projected-content/bmb-projected-content.component.ts","32","",""
"BmbProjectedContentComponent","fixSizeToRef","Sin descripción documentada.","Componente","bmb-projected-content","fixSizeToRef","boolean","No","false","input","Biblioteca","No","No","ui-angular/src/lib/components/bmb-portal/bmb-projected-content/bmb-projected-content.component.ts","33","",""
"BmbProjectedContentComponent","inputContext","Sin descripción documentada.","Componente","bmb-projected-content","inputContext","{ [key: string]: any }","No","{}","input","Biblioteca","No","No","ui-angular/src/lib/components/bmb-portal/bmb-projected-content/bmb-projected-content.component.ts","34","",""
"BmbProjectedContentComponent","showBackdrop","Sin descripción documentada.","Componente","bmb-projected-content","showBackdrop","boolean","No","true","input","Biblioteca","No","No","ui-angular/src/lib/components/bmb-portal/bmb-projected-content/bmb-projected-content.component.ts","35","",""
"BmbProjectedContentComponent","outputContext","Sin descripción documentada.","Componente","bmb-projected-content","outputContext","{ [key: string]: (value: any) => void }","No","{}","input","Biblioteca","No","No","ui-angular/src/lib/components/bmb-portal/bmb-projected-content/bmb-projected-content.component.ts","36","",""
"BmbProjectedContentComponent","focusOnOpen","Sin descripción documentada.","Componente","bmb-projected-content","focusOnOpen","boolean","No","true","input","Biblioteca","No","No","ui-angular/src/lib/components/bmb-portal/bmb-projected-content/bmb-projected-content.component.ts","37","",""
"BmbProjectedContentComponent","dialogClass","Sin descripción documentada.","Componente","bmb-projected-content","dialogClass","string | string[] | Record<string, boolean>","No","''","input","Biblioteca","No","No","ui-angular/src/lib/components/bmb-portal/bmb-projected-content/bmb-projected-content.component.ts","38","",""
"BmbProjectedContentComponent","forceMobileCenter","Sin descripción documentada.","Componente","bmb-projected-content","forceMobileCenter","boolean","No","false","input","Biblioteca","No","No","ui-angular/src/lib/components/bmb-portal/bmb-projected-content/bmb-projected-content.component.ts","39","",""
"BmbPullWedgeComponent","initialHeight","Sets the full height of the pull wedge for the content to be shown.","Componente","bmb-pull-wedge","initialHeight","number","No","300","input","Biblioteca","No","No","ui-angular/src/lib/components/bmb-pull-wedge/bmb-pull-wedge.component.ts","37","ui-angular/src/lib/components/bmb-pull-wedge/bmb-pull-wedge.stories.ts:48",""
"BmbPullWedgeComponent","minContentHeight","Sets the initial height of the pull wedge.

✳️**Note**
 Minimum height: 50px.","Componente","bmb-pull-wedge","minContentHeight","number","No","100","input","Biblioteca","No","No","ui-angular/src/lib/components/bmb-pull-wedge/bmb-pull-wedge.component.ts","38","ui-angular/src/lib/components/bmb-pull-wedge/bmb-pull-wedge.stories.ts:57",""
"BmbPullWedgeComponent","isOpen","Sets the open pull wedge when true. Otherwise it sets it as closed.","Componente","bmb-pull-wedge","isOpen","boolean","No","false","model","Biblioteca","No","No","ui-angular/src/lib/components/bmb-pull-wedge/bmb-pull-wedge.component.ts","40","ui-angular/src/lib/components/bmb-pull-wedge/bmb-pull-wedge.stories.ts:67",""
"BmbPushNotificationItemComponent","notification","The notification to display.","Componente","bmb-push-notification-item","notification","INotification","Sí","Sin valor predeterminado (requerido)","input.required","Biblioteca","No","No","ui-angular/src/lib/components/bmb-push-notification/bmb-push-notification-item/bmb-push-notification-item.component.ts","44","ui-angular/src/lib/components/bmb-push-notification/bmb-push-notification-item/bmb-push-notification-item.stories.ts:64",""
"BmbRadialComponent","checked","Sets the value given to the radial when true.

Sets the value of the field.

This is the value that is taken when the form is submitted.

ℹ️**Important**

The value will not be necessary to define a value on the `FormControl` instance, as long as this properties is correctly assigned of this field .

✳️**Note**

The configuration implemented in the `FormControl` object will always be prioritized.

    formGroup: FormGroup = new FormGroup({
     fieldName: new FormControl('test'),
    });","Componente","bmb-radial","checked","boolean","No","false","input","Biblioteca","No","No","ui-angular/src/lib/components/bmb-radial/bmb-radial.component.ts","32","ui-angular/src/lib/components/bmb-radial/bmb-radial.stories.ts:79",""
"BmbRadialComponent","disabled","Disables the field when true, making it non-interactive and cannot be clicked.

This is useful for conditions where user interaction should be restricted.

It will not be necessary to define disabled property on the `FormControl` instance, as long as this properties is correctly assigned of this field .","Componente","bmb-radial","disabled","boolean","No","false","input","Biblioteca","No","No","ui-angular/src/lib/components/bmb-radial/bmb-radial.component.ts","33","ui-angular/src/lib/components/bmb-radial/bmb-radial.stories.ts:91",""
"BmbRadialComponent","value","Sets the value of the control when the radial is true.","Componente","bmb-radial","value","string","No","''","input","Biblioteca","No","No","ui-angular/src/lib/components/bmb-radial/bmb-radial.component.ts","34","ui-angular/src/lib/components/bmb-radial/bmb-radial.stories.ts:93",""
"BmbRadialComponent","name","Sets the value of the field.

This is the value that is taken when the form is submitted.

ℹ️**Important**

The value will not be necessary to define a value on the `FormControl` instance, as long as this properties is correctly assigned of this field .

✳️**Note**

The configuration implemented in the `FormControl` object will always be prioritized.

    formGroup: FormGroup = new FormGroup({
     fieldName: new FormControl('test'),
    });
    

Multiple radials can share the same name to create a group where one item can be selected.","Componente","bmb-radial","name","string","No","getUUID()","input","Biblioteca","No","No","ui-angular/src/lib/components/bmb-radial/bmb-radial.component.ts","35","ui-angular/src/lib/components/bmb-radial/bmb-radial.stories.ts:102",""
"BmbRadialComponent","label","Sets the label associated with radial.

The label helps users understand the context of what the radial represents.

The label will be displayed at the default `labelPosition` or the position specified in `labelPosition` relative to the radial.","Componente","bmb-radial","label","string","No","''","input","Biblioteca","No","No","ui-angular/src/lib/components/bmb-radial/bmb-radial.component.ts","36","ui-angular/src/lib/components/bmb-radial/bmb-radial.stories.ts:110",""
"BmbRadialComponent","labelPosition","Specifies the position of the label relative to radial.

The possible positions to indicate where the label should be displayed in relation to the radial are:

- before
- after","Componente","bmb-radial","labelPosition","IBbmSidePosition","No","'after'","input","Biblioteca","No","No","ui-angular/src/lib/components/bmb-radial/bmb-radial.component.ts","37","ui-angular/src/lib/components/bmb-radial/bmb-radial.stories.ts:114",""
"BmbRadialComponent","ariaDescribedby","Provides additional descriptive text for the field, enhancing accessibility by linking the field to a descriptive element by ID.","Componente","bmb-radial","ariaDescribedby","string","No","''","input","Biblioteca","No","No","ui-angular/src/lib/components/bmb-radial/bmb-radial.component.ts","38","ui-angular/src/lib/components/bmb-radial/bmb-radial.stories.ts:111",""
"BmbRadialComponent","ariaLabel","Defines a string that labels the field for accessibility purposes, which can be used when a visible label text is not present.","Componente","bmb-radial","ariaLabel","string","No","''","input","Biblioteca","No","No","ui-angular/src/lib/components/bmb-radial/bmb-radial.component.ts","39","ui-angular/src/lib/components/bmb-radial/bmb-radial.stories.ts:112",""
"BmbRadialComponent","ariaLabelledby","Provides additional descriptive text for the field, enhancing accessibility by linking the field to a descriptive element by ID.","Componente","bmb-radial","ariaLabelledby","string","No","''","input","Biblioteca","No","No","ui-angular/src/lib/components/bmb-radial/bmb-radial.component.ts","40","ui-angular/src/lib/components/bmb-radial/bmb-radial.stories.ts:113",""
"BmbRadialComponent","required","Sets the field as required when true.

Specifies whether the field must be filled out before submitting the form.

This is commonly used to ensure that users do not skip mandatory choices in forms, enhancing data integrity and user interaction compliance.","Componente","bmb-radial","required","boolean","No","false","input","Biblioteca","No","No","ui-angular/src/lib/components/bmb-radial/bmb-radial.component.ts","41","ui-angular/src/lib/components/bmb-radial/bmb-radial.stories.ts:92",""
"BmbRadialComponent","errorMessage","Sets the error message instance or required field message to display below the field when there is an error in it.

For fields that only require mandatory field validation, it is sufficient to assign a string.

In case the field needs more than one validation per field, it is recommended to instantiate the error specification.

Validations supported in instantiation:

- **required**: corresponds to the validation assigned to the `isRequired` property
- **min**: corresponds to the validation assigned to the `min` property, used for numeric fields
- **max**: corresponds to the validation assigned to the `max` property, used for numeric fields
- **minLength**: corresponds to the validation assigned to the `minlength` property, used for text and textarea fields
- **maxLength**: corresponds to the validation assigned to the `maxlength` property, used for text and textarea fields
- **pattern**: corresponds to the validation assigned to the `pattern` property
- **jsonFormat**: corresponds to the validation assigned to the `jsonFormat` property, used for textarea fields
- **customValidation**: corresponds to the validation assigned to the `customValidation` property

✳️**Note**

Default error messages will be displayed if this property is not assigned correctly.","Componente","bmb-radial","errorMessage","string | IBmbInputError","No","''","input","Biblioteca","No","No","ui-angular/src/lib/components/bmb-radial/bmb-radial.component.ts","42","ui-angular/src/lib/components/bmb-radial/bmb-radial.stories.ts:116",""
"BmbRadialComponent","helperMessage","Sets the text to be displayed as a supporting message below the field.","Componente","bmb-radial","helperMessage","string","No","''","input","Biblioteca","No","No","ui-angular/src/lib/components/bmb-radial/bmb-radial.component.ts","43","ui-angular/src/lib/components/bmb-radial/bmb-radial.stories.ts:117",""
"BmbRadialComponent","showError","⛔**Deprecated**
This property will not be maintainable.
  This will be removed in future versions.

**Clarification:**

This property is not required or used because error validation is performed by `FomControl`.

Below is a snippet of the **TypeScript example** that performs automatic validation and marks the field as visited:
    ...
    updateErrorState(): void {
      ...
      control.markAsTouched();
      control.updateValueAndValidity();
      ...","Componente","bmb-radial","showError","boolean","No","false","model","Biblioteca","No","No","ui-angular/src/lib/components/bmb-radial/bmb-radial.component.ts","45","ui-angular/src/lib/components/bmb-radial/bmb-radial.stories.ts:118",""
"BmbRadialComponent","control","Sets the `FormControl` instance to manage the state of the field.

ℹ️**Important**

It is essential to assign the property `name` for correct behavior of the field.

It will not be necessary to define `Validators` in the `FormControl` instance, as long as the properties of this field are correctly assigned.

This component automatically implements the `Validators` on the following properties:

- **isRequired**: adds `Validators.required` to the `FormControl`
- **minlength**: adds `Validators.minLength` to the `FormControl`
- **maxlength**: adds `Validators.maxLength` to the `FormControl`
- **max**: adds `Validators.max` to the `FormControl`
- **min**: adds `Validators.min` to the `FormControl`
- **pattern**: adds `Validators.pattern` to the `FormControl`

In ***Bamboo***, it is possible to implement automatic field validation using the `bmb-form-validator` component.

The `bmb-form-validator` component contains the state of the form by collecting the form fields and adding them to a `FormGroup`.

Please check the ***Form validator*** documentation for details on how to implement `bmb-form-validator` component.

This documentation is displayed as a tab at the top.","Componente","bmb-radial","control","FormControl","No","newFormControlByType('radio')","model","Biblioteca","No","No","ui-angular/src/lib/components/bmb-radial/bmb-radial.component.ts","46","ui-angular/src/lib/components/bmb-radial/bmb-radial.stories.ts:115",""
"BmbRadialComponent","inputId","Sets the unique identifier for the field.

This property is used to link the label to the field through the ***for*** attribute, improving accessibility and usability.","Componente","bmb-radial","inputId","string","No","getUUID()","model","Biblioteca","No","No","ui-angular/src/lib/components/bmb-radial/bmb-radial.component.ts","47","ui-angular/src/lib/components/bmb-radial/bmb-radial.stories.ts:78",""
"BmbSearchCardComponent","inputPlaceholder","Placeholder text for the search input field. If not provided, a default translated placeholder will be used.","Componente","bmb-search-card","inputPlaceholder","string","No","''","input","Biblioteca","No","No","ui-angular/src/lib/components/bmb-search-card/bmb-search-card.component.ts","58","ui-angular/src/lib/components/bmb-search-card/bmb-search-card.component.stories.ts:41",""
"BmbSearchCardComponent","results","Array of search results to display in the card.","Componente","bmb-search-card","results","IBmbSearchCardItemResult[]","No","[]","input","Biblioteca","No","No","ui-angular/src/lib/components/bmb-search-card/bmb-search-card.component.ts","59","ui-angular/src/lib/components/bmb-search-card/bmb-search-card.component.stories.ts:32",""
"BmbSearchCardComponent","isLoading","Indicates whether the search card is in a loading state.","Componente","bmb-search-card","isLoading","boolean","No","false","input","Biblioteca","No","No","ui-angular/src/lib/components/bmb-search-card/bmb-search-card.component.ts","60","ui-angular/src/lib/components/bmb-search-card/bmb-search-card.component.stories.ts:51",""
"BmbSearchCardComponent","componentTitle","Title of the search card. If not provided, a default translated title will be used.","Componente","bmb-search-card","componentTitle","string","No","undefined","input","Biblioteca","No","No","ui-angular/src/lib/components/bmb-search-card/bmb-search-card.component.ts","61","ui-angular/src/lib/components/bmb-search-card/bmb-search-card.component.stories.ts:22",""
"BmbSearchCardComponent","title","Please use `componentTitle` instead of `title` to set the component title.","Componente","bmb-search-card","title","string","No","undefined","input","Biblioteca","No","Sí","ui-angular/src/lib/components/bmb-search-card/bmb-search-card.component.ts","62","ui-angular/src/lib/components/bmb-search-card/bmb-search-card.component.stories.ts:60",""
"BmbSearchCardComponent","favorites","Array of favorite search results to display in the card. These will be shown when the search input is empty.","Componente","bmb-search-card","favorites","IBmbSearchCardItemResult[]","No","[]","input","Biblioteca","No","No","ui-angular/src/lib/components/bmb-search-card/bmb-search-card.component.ts","63","ui-angular/src/lib/components/bmb-search-card/bmb-search-card.component.stories.ts:98",""
"BmbSearchCardComponent","disableFavoritesTab","If true, the favorites tab will be disabled and not shown in the search card.","Componente","bmb-search-card","disableFavoritesTab","boolean","No","true","input","Biblioteca","No","No","ui-angular/src/lib/components/bmb-search-card/bmb-search-card.component.ts","64","ui-angular/src/lib/components/bmb-search-card/bmb-search-card.component.stories.ts:108",""
"BmbSearchCardComponent","selectedTabId","Sin descripción documentada.","Componente","bmb-search-card","selectedTabId","number","No","1","model","Biblioteca","No","No","ui-angular/src/lib/components/bmb-search-card/bmb-search-card.component.ts","66","",""
"BmbSearchCardEmptyStateComponent","inputHasValue","Sin descripción documentada.","Componente","bmb-search-card-empty-state","inputHasValue","boolean","No","false","input","Biblioteca","No","No","ui-angular/src/lib/components/bmb-search-card/bmb-search-card-empty-state/bmb-search-card-empty-state.component.ts","14","",""
"BmbSearchCardEmptyStateComponent","noResultsTitle","Sin descripción documentada.","Componente","bmb-search-card-empty-state","noResultsTitle","string","No","undefined","input","Biblioteca","No","No","ui-angular/src/lib/components/bmb-search-card/bmb-search-card-empty-state/bmb-search-card-empty-state.component.ts","15","",""
"BmbSearchCardEmptyStateComponent","placeholderTitle","Sin descripción documentada.","Componente","bmb-search-card-empty-state","placeholderTitle","string","No","undefined","input","Biblioteca","No","No","ui-angular/src/lib/components/bmb-search-card/bmb-search-card-empty-state/bmb-search-card-empty-state.component.ts","16","",""
"BmbSearchCardEmptyStateComponent","placeholderParagraph","Sin descripción documentada.","Componente","bmb-search-card-empty-state","placeholderParagraph","string","No","undefined","input","Biblioteca","No","No","ui-angular/src/lib/components/bmb-search-card/bmb-search-card-empty-state/bmb-search-card-empty-state.component.ts","17","",""
"BmbSearchCardEmptyStateComponent","icon","Sin descripción documentada.","Componente","bmb-search-card-empty-state","icon","string","No","'quiz'","input","Biblioteca","No","No","ui-angular/src/lib/components/bmb-search-card/bmb-search-card-empty-state/bmb-search-card-empty-state.component.ts","18","",""
"BmbSearchCardItemComponent","name","Sin descripción documentada.","Componente","bmb-search-card-item","name","string","No","''","input","Biblioteca","No","No","ui-angular/src/lib/components/bmb-search-card/bmb-search-card-item/bmb-search-card-item.component.ts","34","",""
"BmbSearchCardItemComponent","itemId","Sin descripción documentada.","Componente","bmb-search-card-item","itemId","string","No","''","input","Biblioteca","No","No","ui-angular/src/lib/components/bmb-search-card/bmb-search-card-item/bmb-search-card-item.component.ts","35","",""
"BmbSearchCardItemComponent","subtitle","Sin descripción documentada.","Componente","bmb-search-card-item","subtitle","string","No","''","input","Biblioteca","No","No","ui-angular/src/lib/components/bmb-search-card/bmb-search-card-item/bmb-search-card-item.component.ts","36","",""
"BmbSearchCardItemComponent","icon","Sin descripción documentada.","Componente","bmb-search-card-item","icon","string","No","'crop_square'","input","Biblioteca","No","No","ui-angular/src/lib/components/bmb-search-card/bmb-search-card-item/bmb-search-card-item.component.ts","37","",""
"BmbSearchCardItemComponent","isService","Sin descripción documentada.","Componente","bmb-search-card-item","isService","boolean","No","true","input","Biblioteca","No","No","ui-angular/src/lib/components/bmb-search-card/bmb-search-card-item/bmb-search-card-item.component.ts","38","",""
"BmbSearchCardItemComponent","backgroundColorIcon","Sin descripción documentada.","Componente","bmb-search-card-item","backgroundColorIcon","IBmbInteractiveIconAppearance","No","'white_primary'","input","Biblioteca","No","No","ui-angular/src/lib/components/bmb-search-card/bmb-search-card-item/bmb-search-card-item.component.ts","39","",""
"BmbSearchCardItemComponent","isBookmarkActive","Sin descripción documentada.","Componente","bmb-search-card-item","isBookmarkActive","boolean","No","false","input","Biblioteca","No","No","ui-angular/src/lib/components/bmb-search-card/bmb-search-card-item/bmb-search-card-item.component.ts","40","",""
"BmbSearchCardItemComponent","showBookmark","Sin descripción documentada.","Componente","bmb-search-card-item","showBookmark","boolean","No","true","input","Biblioteca","No","No","ui-angular/src/lib/components/bmb-search-card/bmb-search-card-item/bmb-search-card-item.component.ts","41","",""
"BmbSearchInputComponent","inputId","Sets the unique identifier for the field.

This property is used to link the label to the field through the ***for*** attribute, improving accessibility and usability.","Componente","bmb-search-input","inputId","string","No","getUUID()","input","Biblioteca","No","No","ui-angular/src/lib/components/bmb-search-input/bmb-search-input.component.ts","42","ui-angular/src/lib/components/bmb-search-input/bmb-search-input.stories.ts:70",""
"BmbSearchInputComponent","name","Sets the field name.

ℹ️**Important**

This property is essential for correct behavior of the the `FormControl`.

If no name is assigned, a name will be added using `window.crypto.randomUUID()`","Componente","bmb-search-input","name","string","No","getUUID()","input","Biblioteca","No","No","ui-angular/src/lib/components/bmb-search-input/bmb-search-input.component.ts","43","ui-angular/src/lib/components/bmb-search-input/bmb-search-input.stories.ts:71",""
"BmbSearchInputComponent","data","Data should be a collection of strings like: [""duck"", ""dog"", ...]","Componente","bmb-search-input","data","string[]","No","[]","input","Biblioteca","No","No","ui-angular/src/lib/components/bmb-search-input/bmb-search-input.component.ts","44","ui-angular/src/lib/components/bmb-search-input/bmb-search-input.stories.ts:72",""
"BmbSearchInputComponent","isLoading","Set the loading state.","Componente","bmb-search-input","isLoading","boolean","No","false","input","Biblioteca","No","No","ui-angular/src/lib/components/bmb-search-input/bmb-search-input.component.ts","45","ui-angular/src/lib/components/bmb-search-input/bmb-search-input.stories.ts:82",""
"BmbSearchInputComponent","isServerSideFilter","Set the server side filter.","Componente","bmb-search-input","isServerSideFilter","boolean","No","false","input","Biblioteca","No","No","ui-angular/src/lib/components/bmb-search-input/bmb-search-input.component.ts","46","ui-angular/src/lib/components/bmb-search-input/bmb-search-input.stories.ts:91",""
"BmbSearchInputComponent","placeholder","Sets the text to be displayed as a placeholder within the field.","Componente","bmb-search-input","placeholder","string","No","''","input","Biblioteca","No","No","ui-angular/src/lib/components/bmb-search-input/bmb-search-input.component.ts","47","ui-angular/src/lib/components/bmb-search-input/bmb-search-input.stories.ts:100",""
"BmbSearchInputComponent","serverSideFilteredData","Once the server has filtered the result it must place it in this input attribute.","Componente","bmb-search-input","serverSideFilteredData","string[]","No","[]","input","Biblioteca","No","No","ui-angular/src/lib/components/bmb-search-input/bmb-search-input.component.ts","48","ui-angular/src/lib/components/bmb-search-input/bmb-search-input.stories.ts:101",""
"BmbSelectComponent","value","Sin descripción documentada.","Componente","bmb-select","value","unknown","No","null","input","Biblioteca","No","No","ui-angular/src/lib/components/bmb-select/bmb-select.component.ts","27","",""
"BmbSelectItemComponent","value","Sin descripción documentada.","Componente","bmb-select-item","value","string | number","No","''","input","Biblioteca","No","No","ui-angular/src/lib/components/bmb-select/bmb-select-item/bmb-select-item.component.ts","18","",""
"BmbSelectorDirective","idSelector","Sin descripción documentada.","Directiva","[bmbSelector]","idSelector","number | string","Sí","Sin valor predeterminado (requerido)","input.required","Biblioteca","Sí","No","ui-angular/src/lib/directives/old/bmb-selector/bmb-selector.directive.ts","8","",""
"BmbSelectorDirective","activeSelectorID","Sin descripción documentada.","Directiva","[bmbSelector]","activeSelectorID","number | string","Sí","Sin valor predeterminado (requerido)","input.required","Biblioteca","Sí","No","ui-angular/src/lib/directives/old/bmb-selector/bmb-selector.directive.ts","9","",""
"BmbServerTableComponent","columns","Sets the columns to show in the table.","Componente","bmb-server-table","columns","IBmbServerTableColumn[]","No","[]","input","Biblioteca","No","No","ui-angular/src/lib/components/bmb-server-table/bmb-server-table.component.ts","32","ui-angular/src/lib/components/bmb-server-table/bmb-server-table.component.stories.ts:63",""
"BmbServerTableComponent","data","Sets the data to show in the table.","Componente","bmb-server-table","data","any[]","No","[]","input","Biblioteca","No","No","ui-angular/src/lib/components/bmb-server-table/bmb-server-table.component.ts","33","ui-angular/src/lib/components/bmb-server-table/bmb-server-table.component.stories.ts:52",""
"BmbServerTableComponent","totalRecords","Sets the total number of records.","Componente","bmb-server-table","totalRecords","number","No","0","input","Biblioteca","No","No","ui-angular/src/lib/components/bmb-server-table/bmb-server-table.component.ts","34","ui-angular/src/lib/components/bmb-server-table/bmb-server-table.component.stories.ts:74",""
"BmbServerTableComponent","pageSize","Sets the number of records per page.","Componente","bmb-server-table","pageSize","number","No","10","input","Biblioteca","No","No","ui-angular/src/lib/components/bmb-server-table/bmb-server-table.component.ts","35","ui-angular/src/lib/components/bmb-server-table/bmb-server-table.component.stories.ts:83",""
"BmbServerTableComponent","pageSizeOptions","Sets the options for the page size.","Componente","bmb-server-table","pageSizeOptions","number[]","No","[]","input","Biblioteca","No","No","ui-angular/src/lib/components/bmb-server-table/bmb-server-table.component.ts","36","ui-angular/src/lib/components/bmb-server-table/bmb-server-table.component.stories.ts:92",""
"BmbServerTableComponent","loading","Sets the loading state.","Componente","bmb-server-table","loading","boolean","No","false","input","Biblioteca","No","No","ui-angular/src/lib/components/bmb-server-table/bmb-server-table.component.ts","37","ui-angular/src/lib/components/bmb-server-table/bmb-server-table.component.stories.ts:101",""
"BmbSidebarComponent","elements","Sets the list of the elements, each containing a list of child elements.

ℹ️**Important**

There is a limit of two levels of nesting and the main list must have a maximum of two lists, the first has a limit of 5 elements and the second a limit of 3.","Componente","bmb-sidebar","elements","SidebarElement[][]","No","[]","input","Biblioteca","No","No","ui-angular/src/lib/components/bmb-sidebar/bmb-sidebar.component.ts","41","ui-angular/src/lib/components/bmb-sidebar/bmb-sidebar.stories.ts:190",""
"BmbSidebarComponent","position","Sets the position of the sidebar.
⚠️**Warning**

This property affected to web resolution only.","Componente","bmb-sidebar","position","IPositionButtonMenu","No","'left'","input","Biblioteca","No","No","ui-angular/src/lib/components/bmb-sidebar/bmb-sidebar.component.ts","42","ui-angular/src/lib/components/bmb-sidebar/bmb-sidebar.stories.ts:329",""
"BmbSidebarComponent","componentTitle","Sets the title of the navigation sidebar for mobile.","Componente","bmb-sidebar","componentTitle","string","No","'Navigation'","input","Biblioteca","No","No","ui-angular/src/lib/components/bmb-sidebar/bmb-sidebar.component.ts","43","ui-angular/src/lib/components/bmb-sidebar/bmb-sidebar.stories.ts:300",""
"BmbSidebarComponent","showHeaderForChildren","Sets the header visible for children when true.

The header is the parent option selected.

> [!CALLOUT]
ℹ️**Important**

>The mobile variant always has a header.","Componente","bmb-sidebar","showHeaderForChildren","boolean","No","false","input","Biblioteca","No","No","ui-angular/src/lib/components/bmb-sidebar/bmb-sidebar.component.ts","44","ui-angular/src/lib/components/bmb-sidebar/bmb-sidebar.stories.ts:321",""
"BmbSidebarComponent","title","Please use `componentTitle` instead of `title` to set the component title.","Componente","bmb-sidebar","title","string","No","undefined","input","Biblioteca","No","Sí","ui-angular/src/lib/components/bmb-sidebar/bmb-sidebar.component.ts","46","ui-angular/src/lib/components/bmb-sidebar/bmb-sidebar.stories.ts:311",""
"BmbSimpleHeaderComponent","icon","Sets the name of the icon to be displayed.

> [!CALLOUT]
⚙️**Configuration**

>Please refer to [Google Fonts](https://fonts.google.com/icons?icon.size=24&icon.color=%23e8eaed&icon.style=Rounded&icon.set=Material+Symbols) for more icons and make sure that you have selected the filters:
- Fill
- Style:
 - Material Symbols
 - Rounded

‼️These filters are important to ensure that you are choosing an icon that meets the guidelines of ***Bamboo***‼️.

> [!NOTE]
✳️**Note**

>Images are also supported; instead of the icon name, enter the URL or path of the image to use.

> [!WARNING]
⚠️**Warning**

>Please remember that images need an *alt* to be accessible.
Look for the property to set the alt, if it does not exist in the component it is because the component implements it internally.

The icon is shown at right","Componente","bmb-simple-header","icon","string","No","''","input","Biblioteca","No","No","ui-angular/src/lib/components/bmb-simple-header/bmb-simple-header.component.ts","29","ui-angular/src/lib/components/bmb-simple-header/bmb-simple-header.stories.ts:37",""
"BmbSimpleHeaderComponent","iconAlternativeColor","Sets the primary color on the icon when true.","Componente","bmb-simple-header","iconAlternativeColor","boolean","No","false","input","Biblioteca","No","No","ui-angular/src/lib/components/bmb-simple-header/bmb-simple-header.component.ts","30","ui-angular/src/lib/components/bmb-simple-header/bmb-simple-header.stories.ts:43",""
"BmbSimpleHeaderComponent","componentTitle","Sets the title of header.","Componente","bmb-simple-header","componentTitle","string","No","undefined","input","Biblioteca","No","No","ui-angular/src/lib/components/bmb-simple-header/bmb-simple-header.component.ts","31","ui-angular/src/lib/components/bmb-simple-header/bmb-simple-header.stories.ts:36",""
"BmbSimpleHeaderComponent","title","Legacy input retained for compatibility. Prefer componentTitle.","Componente","bmb-simple-header","title","string","No","undefined","input","Biblioteca","No","No","ui-angular/src/lib/components/bmb-simple-header/bmb-simple-header.component.ts","34","ui-angular/src/lib/components/bmb-simple-header/bmb-simple-header.component.ts:34",""
"BmbSimpleTextComponent","size","Sets the title size. **Sizes Reference:**
  - **Size 1**: 10px
  - **Size 2**: 11px
  - **Size 3**: 12px
  - **Size 4**: 14px
  - **Size 5**: 16px
  - **Size 6**: 18px
  - **Size 7**: 20px
  - **Size 8**: 22px
  - **Size 9**: 24px
  - **Size 10**: 26px
  - **Size 11**: 36px
  - **Size 12**: 48px","Componente","bmb-simple-text","size","IBmbSimpleTextSize","No","4","input","Biblioteca","No","No","ui-angular/src/lib/components/bmb-simple-text/bmb-simple-text.component.ts","22","ui-angular/src/lib/components/bmb-simple-text/bmb-simple-text.stories.ts:23",""
"BmbSimpleTextComponent","weight","Sets the font weight of the text.","Componente","bmb-simple-text","weight","IBmbSimpleTextWeight","No","'regular'","input","Biblioteca","No","No","ui-angular/src/lib/components/bmb-simple-text/bmb-simple-text.component.ts","23","ui-angular/src/lib/components/bmb-simple-text/bmb-simple-text.stories.ts:46",""
"BmbSimpleTextComponent","color","Sets the text color.","Componente","bmb-simple-text","color","IBmbBaseGeneralContrastColors","No","'general-contrasts-100'","input","Biblioteca","No","No","ui-angular/src/lib/components/bmb-simple-text/bmb-simple-text.component.ts","24","ui-angular/src/lib/components/bmb-simple-text/bmb-simple-text.stories.ts:56",""
"BmbSimpleTextComponent","elementType","Sets the html tag used to render the component.","Componente","bmb-simple-text","elementType","IBmbSimpleTextElementType","No","'p'","input","Biblioteca","No","No","ui-angular/src/lib/components/bmb-simple-text/bmb-simple-text.component.ts","25","ui-angular/src/lib/components/bmb-simple-text/bmb-simple-text.stories.ts:66",""
"BmbSkeletonComponent","type","Sets the type of skeleton to display.","Componente","bmb-skeleton","type","BmbSkeletonType","No","'header'","input","Biblioteca","No","No","ui-angular/src/lib/components/bmb-skeleton/bmb-skeleton.component.ts","23","ui-angular/src/lib/components/bmb-skeleton/bmb-skeleton.component.stories.ts:23",""
"BmbSoundsCardComponent","subtitle","Refers to the subTitle for the card.","Componente","bmb-sounds-card","subtitle","string","No","''","input","Biblioteca","No","No","ui-angular/src/lib/components/bmb-sounds-card/bmb-sounds-card.component.ts","28","ui-angular/src/lib/components/bmb-sounds-card/bmb-sounds-card.stories.ts:72",""
"BmbSoundsCardComponent","width","Sets the width style.","Componente","bmb-sounds-card","width","string","No","'100%'","input","Biblioteca","No","No","ui-angular/src/lib/components/bmb-sounds-card/bmb-sounds-card.component.ts","29","ui-angular/src/lib/components/bmb-sounds-card/bmb-sounds-card.stories.ts:83",""
"BmbSoundsCardComponent","ratio","Sets the ratio of the image.","Componente","bmb-sounds-card","ratio","string","No","undefined","input","Biblioteca","No","No","ui-angular/src/lib/components/bmb-sounds-card/bmb-sounds-card.component.ts","30","ui-angular/src/lib/components/bmb-sounds-card/bmb-sounds-card.stories.ts:94",""
"BmbSoundsCardComponent","componentTitle","Refers to the Title for the card.","Componente","bmb-sounds-card","componentTitle","string","No","undefined","input","Biblioteca","No","No","ui-angular/src/lib/components/bmb-sounds-card/bmb-sounds-card.component.ts","31","ui-angular/src/lib/components/bmb-sounds-card/bmb-sounds-card.stories.ts:61",""
"BmbSoundsCardComponent","title","Please use `componentTitle` instead of `title` to set the component title.","Componente","bmb-sounds-card","title","string","No","undefined","input","Biblioteca","No","Sí","ui-angular/src/lib/components/bmb-sounds-card/bmb-sounds-card.component.ts","33","ui-angular/src/lib/components/bmb-sounds-card/bmb-sounds-card.stories.ts:116",""
"BmbStatCounterComponent","activeStep","Refers to the step that is active.","Componente","bmb-stat-counter","activeStep","number","No","0","input","Biblioteca","No","No","ui-angular/src/lib/components/bmb-stat-counter/bmb-stat-counter.component.ts","22","ui-angular/src/lib/components/bmb-stat-counter/bmb-stat-counter.stories.ts:50",""
"BmbStatCounterComponent","totalSteps","Number of steps that the counter will show.","Componente","bmb-stat-counter","totalSteps","number","No","0","input","Biblioteca","No","No","ui-angular/src/lib/components/bmb-stat-counter/bmb-stat-counter.component.ts","23","ui-angular/src/lib/components/bmb-stat-counter/bmb-stat-counter.stories.ts:59",""
"BmbStepProgressBarComponent","activeStep","Sets the step that is active.
    
> [!WARNING]
⚠️**Warning**

>***activeStep = 0*** is for **step number** 1.
      Therefore, should always be assigned to the `activeStep` the **step number** - 1.","Componente","bmb-step-progress-bar","activeStep","number","No","0","model","Biblioteca","No","No","ui-angular/src/lib/components/bmb-step-progress-bar/bmb-step-progress-bar.component.ts","53","ui-angular/src/lib/components/bmb-step-progress-bar/bmb-step-progress-bar.stories.ts:48",""
"BmbStepProgressBarComponent","totalSteps","Sets the number of steps that the counter will show.","Componente","bmb-step-progress-bar","totalSteps","number","No","0","input","Biblioteca","No","No","ui-angular/src/lib/components/bmb-step-progress-bar/bmb-step-progress-bar.component.ts","54","ui-angular/src/lib/components/bmb-step-progress-bar/bmb-step-progress-bar.stories.ts:49",""
"BmbStepProgressBarComponent","size","Sets the size of the steps.

 ⚠️**Warning**
 This property only works when the ***type*** is ***horizontal***.","Componente","bmb-step-progress-bar","size","BmbStepProgressBarSize","No","'normal'","input","Biblioteca","No","No","ui-angular/src/lib/components/bmb-step-progress-bar/bmb-step-progress-bar.component.ts","55","ui-angular/src/lib/components/bmb-step-progress-bar/bmb-step-progress-bar.stories.ts:50",""
"BmbStepProgressBarComponent","freeze","Freezes the state of progress steps.","Componente","bmb-step-progress-bar","freeze","boolean","No","false","input","Biblioteca","No","No","ui-angular/src/lib/components/bmb-step-progress-bar/bmb-step-progress-bar.component.ts","56","ui-angular/src/lib/components/bmb-step-progress-bar/bmb-step-progress-bar.stories.ts:51",""
"BmbStepProgressBarComponent","type","Changes the direction of the step progress bar, could be horizontal or vertical","Componente","bmb-step-progress-bar","type","BmbStepProgressBarType","No","'vertical'","input","Biblioteca","No","No","ui-angular/src/lib/components/bmb-step-progress-bar/bmb-step-progress-bar.component.ts","57","ui-angular/src/lib/components/bmb-step-progress-bar/bmb-step-progress-bar.stories.ts:52",""
"BmbStepProgressBarComponent","labelSteps","Sets the label for each step","Componente","bmb-step-progress-bar","labelSteps","string[]","No","[]","input","Biblioteca","No","No","ui-angular/src/lib/components/bmb-step-progress-bar/bmb-step-progress-bar.component.ts","58","ui-angular/src/lib/components/bmb-step-progress-bar/bmb-step-progress-bar.stories.ts:53",""
"BmbStepProgressBarComponent","labelComplete","Sets the label for complete steps","Componente","bmb-step-progress-bar","labelComplete","string","No","undefined","input","Biblioteca","No","No","ui-angular/src/lib/components/bmb-step-progress-bar/bmb-step-progress-bar.component.ts","59","ui-angular/src/lib/components/bmb-step-progress-bar/bmb-step-progress-bar.stories.ts:54",""
"BmbStepProgressBarComponent","labelIncomplete","Sets the label for incomplete steps","Componente","bmb-step-progress-bar","labelIncomplete","string","No","undefined","input","Biblioteca","No","No","ui-angular/src/lib/components/bmb-step-progress-bar/bmb-step-progress-bar.component.ts","60","ui-angular/src/lib/components/bmb-step-progress-bar/bmb-step-progress-bar.stories.ts:55",""
"BmbStepProgressBarComponent","stepTemplates","Sin descripción documentada.","Componente","bmb-step-progress-bar","stepTemplates","TemplateRef<any>[]","No","[]","input","Biblioteca","No","No","ui-angular/src/lib/components/bmb-step-progress-bar/bmb-step-progress-bar.component.ts","61","",""
"BmbStudentActivityCardComponent","startDate","Sets the start date label <luxon DateTime>.","Componente","bmb-student-activity-card","startDate","string","Sí","Sin valor predeterminado (requerido)","input.required","Biblioteca","No","No","ui-angular/src/lib/components/bmb-student-activity-card/bmb-student-activity-card.component.ts","32","ui-angular/src/lib/components/bmb-student-activity-card/bmb-student-activity-card.stories.ts:42",""
"BmbStudentActivityCardComponent","endDate","Sets the end date label <luxon DateTime>.","Componente","bmb-student-activity-card","endDate","string","Sí","Sin valor predeterminado (requerido)","input.required","Biblioteca","No","No","ui-angular/src/lib/components/bmb-student-activity-card/bmb-student-activity-card.component.ts","33","ui-angular/src/lib/components/bmb-student-activity-card/bmb-student-activity-card.stories.ts:50",""
"BmbStudentActivityCardComponent","location","Descripción no resuelta automáticamente; consultar la fuente de documentación.","Componente","bmb-student-activity-card","location","string","No","undefined","input","Biblioteca","No","No","ui-angular/src/lib/components/bmb-student-activity-card/bmb-student-activity-card.component.ts","34","ui-angular/src/lib/components/bmb-student-activity-card/bmb-student-activity-card.stories.ts:69",""
"BmbStudentActivityCardComponent","responsible","Descripción no resuelta automáticamente; consultar la fuente de documentación.","Componente","bmb-student-activity-card","responsible","string","No","undefined","input","Biblioteca","No","No","ui-angular/src/lib/components/bmb-student-activity-card/bmb-student-activity-card.component.ts","35","ui-angular/src/lib/components/bmb-student-activity-card/bmb-student-activity-card.stories.ts:80",""
"BmbStudentActivityCardComponent","type","Sets the color schema for the modal.","Componente","bmb-student-activity-card","type","IBmbEventType","No","'academic'","input","Biblioteca","No","No","ui-angular/src/lib/components/bmb-student-activity-card/bmb-student-activity-card.component.ts","36","ui-angular/src/lib/components/bmb-student-activity-card/bmb-student-activity-card.stories.ts:91",""
"BmbStudentActivityCardComponent","isListItem","Sets the card as a list item.","Componente","bmb-student-activity-card","isListItem","boolean","No","false","input","Biblioteca","No","No","ui-angular/src/lib/components/bmb-student-activity-card/bmb-student-activity-card.component.ts","37","ui-angular/src/lib/components/bmb-student-activity-card/bmb-student-activity-card.stories.ts:101",""
"BmbStudentActivityCardComponent","image","Sets the image URL.","Componente","bmb-student-activity-card","image","string","No","undefined","input","Biblioteca","No","No","ui-angular/src/lib/components/bmb-student-activity-card/bmb-student-activity-card.component.ts","38","ui-angular/src/lib/components/bmb-student-activity-card/bmb-student-activity-card.stories.ts:110",""
"BmbStudentActivityCardComponent","dateFormat","Sets the date format.","Componente","bmb-student-activity-card","dateFormat","string","No","'yyyy-MM-dd HH:mm:ss'","input","Biblioteca","No","No","ui-angular/src/lib/components/bmb-student-activity-card/bmb-student-activity-card.component.ts","39","ui-angular/src/lib/components/bmb-student-activity-card/bmb-student-activity-card.stories.ts:119",""
"BmbStudentActivityCardComponent","badgeText","Sets the badge text.","Componente","bmb-student-activity-card","badgeText","string","No","''","input","Biblioteca","No","No","ui-angular/src/lib/components/bmb-student-activity-card/bmb-student-activity-card.component.ts","40","ui-angular/src/lib/components/bmb-student-activity-card/bmb-student-activity-card.stories.ts:128",""
"BmbStudentActivityCardComponent","componentTitle","Sets the title on the top of the modal content.","Componente","bmb-student-activity-card","componentTitle","string","No","undefined","input","Biblioteca","No","No","ui-angular/src/lib/components/bmb-student-activity-card/bmb-student-activity-card.component.ts","41","ui-angular/src/lib/components/bmb-student-activity-card/bmb-student-activity-card.stories.ts:58",""
"BmbStudentActivityCardComponent","disableImage","Disable the image and show a colored bullet instead.","Componente","bmb-student-activity-card","disableImage","boolean","No","false","input","Biblioteca","No","No","ui-angular/src/lib/components/bmb-student-activity-card/bmb-student-activity-card.component.ts","42","ui-angular/src/lib/components/bmb-student-activity-card/bmb-student-activity-card.stories.ts:147",""
"BmbStudentActivityCardComponent","bulletColor","Sets the color of the bullet when image is disabled.","Componente","bmb-student-activity-card","bulletColor","IBmbColorSemantics","No","'success-primary'","input","Biblioteca","No","No","ui-angular/src/lib/components/bmb-student-activity-card/bmb-student-activity-card.component.ts","43","ui-angular/src/lib/components/bmb-student-activity-card/bmb-student-activity-card.stories.ts:156",""
"BmbStudentActivityCardComponent","title","Please use `componentTitle` instead of `title` to set the component title.","Componente","bmb-student-activity-card","title","string","No","undefined","input","Biblioteca","No","Sí","ui-angular/src/lib/components/bmb-student-activity-card/bmb-student-activity-card.component.ts","45","ui-angular/src/lib/components/bmb-student-activity-card/bmb-student-activity-card.stories.ts:137",""
"BmbSwitchComponent","leftText","Descripción no resuelta automáticamente; consultar la fuente de documentación.","Componente","bmb-switch","leftText","string","No","''","input","Biblioteca","No","No","ui-angular/src/lib/components/bmb-switch/bmb-switch.component.ts","42","ui-angular/src/lib/components/bmb-switch/bmb-switch.stories.ts:58",""
"BmbSwitchComponent","leftIcon","Descripción no resuelta automáticamente; consultar la fuente de documentación.","Componente","bmb-switch","leftIcon","string","No","''","input","Biblioteca","No","No","ui-angular/src/lib/components/bmb-switch/bmb-switch.component.ts","43","ui-angular/src/lib/components/bmb-switch/bmb-switch.stories.ts:69",""
"BmbSwitchComponent","rightText","Descripción no resuelta automáticamente; consultar la fuente de documentación.","Componente","bmb-switch","rightText","string","No","''","input","Biblioteca","No","No","ui-angular/src/lib/components/bmb-switch/bmb-switch.component.ts","44","ui-angular/src/lib/components/bmb-switch/bmb-switch.stories.ts:78",""
"BmbSwitchComponent","rightIcon","Descripción no resuelta automáticamente; consultar la fuente de documentación.","Componente","bmb-switch","rightIcon","string","No","''","input","Biblioteca","No","No","ui-angular/src/lib/components/bmb-switch/bmb-switch.component.ts","45","ui-angular/src/lib/components/bmb-switch/bmb-switch.stories.ts:89",""
"BmbSwitchComponent","isChecked","Determines whether the switch is in the ""on"" (true) or ""off"" (false) position.","Componente","bmb-switch","isChecked","boolean","No","false","model","Biblioteca","No","No","ui-angular/src/lib/components/bmb-switch/bmb-switch.component.ts","46","ui-angular/src/lib/components/bmb-switch/bmb-switch.stories.ts:99",""
"BmbSwitchComponent","ariaLabel","Defines a string that labels the field for accessibility purposes, which can be used when a visible label text is not present.","Componente","bmb-switch","ariaLabel","string","No","undefined","input","Biblioteca","No","No","ui-angular/src/lib/components/bmb-switch/bmb-switch.component.ts","47","ui-angular/src/lib/components/bmb-switch/bmb-switch.stories.ts:114",""
"BmbSwitchComponent","disabled","Disables the field when true, making it non-interactive and cannot be clicked.

This is useful for conditions where user interaction should be restricted.

It will not be necessary to define disabled property on the `FormControl` instance, as long as this properties is correctly assigned of this field .","Componente","bmb-switch","disabled","boolean","No","false","input","Biblioteca","No","No","ui-angular/src/lib/components/bmb-switch/bmb-switch.component.ts","48","ui-angular/src/lib/components/bmb-switch/bmb-switch.stories.ts:109",""
"BmbSwitchComponent","name","Sets the field name.

ℹ️**Important**

This property is essential for correct behavior of the the `FormControl`.

If no name is assigned, a name will be added using `window.crypto.randomUUID()`","Componente","bmb-switch","name","string","No","getUUID()","input","Biblioteca","No","No","ui-angular/src/lib/components/bmb-switch/bmb-switch.component.ts","49","ui-angular/src/lib/components/bmb-switch/bmb-switch.stories.ts:115",""
"BmbSwitchComponent","inputId","Sets the unique identifier for the field.

This property is used to link the label to the field through the ***for*** attribute, improving accessibility and usability.","Componente","bmb-switch","inputId","string","No","`bmb-switch-${this.name()}`","model","Biblioteca","No","No","ui-angular/src/lib/components/bmb-switch/bmb-switch.component.ts","51","ui-angular/src/lib/components/bmb-switch/bmb-switch.stories.ts:98",""
"BmbSwitchComponent","control","Sets the `FormControl` instance to manage the state of the field.

ℹ️**Important**

It is essential to assign the property `name` for correct behavior of the field.

It will not be necessary to define `Validators` in the `FormControl` instance, as long as the properties of this field are correctly assigned.

This component automatically implements the `Validators` on the following properties:

- **isRequired**: adds `Validators.required` to the `FormControl`
- **minlength**: adds `Validators.minLength` to the `FormControl`
- **maxlength**: adds `Validators.maxLength` to the `FormControl`
- **max**: adds `Validators.max` to the `FormControl`
- **min**: adds `Validators.min` to the `FormControl`
- **pattern**: adds `Validators.pattern` to the `FormControl`

In ***Bamboo***, it is possible to implement automatic field validation using the `bmb-form-validator` component.

The `bmb-form-validator` component contains the state of the form by collecting the form fields and adding them to a `FormGroup`.

Please check the ***Form validator*** documentation for details on how to implement `bmb-form-validator` component.

This documentation is displayed as a tab at the top.","Componente","bmb-switch","control","FormControl","No","newFormControlByType('checkbox')","model","Biblioteca","No","No","ui-angular/src/lib/components/bmb-switch/bmb-switch.component.ts","52","ui-angular/src/lib/components/bmb-switch/bmb-switch.stories.ts:116",""
"BmbTableLiteComponent","showSearch","Displays the search bar above the table. When `true`, users can filter data using keywords.","Componente","bmb-table-lite","showSearch","boolean","No","false","input","Biblioteca","No","No","ui-angular/src/lib/components/bmb-table-lite/bmb-table-lite.component.ts","96","ui-angular/src/lib/components/bmb-table-lite/bmb-table-lite.stories.ts:524",""
"BmbTableLiteComponent","pageSize","Sets the number of rows displayed per page when pagination is enabled.","Componente","bmb-table-lite","pageSize","number","No","undefined","input","Biblioteca","No","No","ui-angular/src/lib/components/bmb-table-lite/bmb-table-lite.component.ts","97","ui-angular/src/lib/components/bmb-table-lite/bmb-table-lite.stories.ts:555",""
"BmbTableLiteComponent","totalItems","Defines the total number of items when working with **server-side pagination**.","Componente","bmb-table-lite","totalItems","number","No","0","input","Biblioteca","No","No","ui-angular/src/lib/components/bmb-table-lite/bmb-table-lite.component.ts","98","ui-angular/src/lib/components/bmb-table-lite/bmb-table-lite.stories.ts:565",""
"BmbTableLiteComponent","data","Defines the data source for the table. Each object represents one row.","Componente","bmb-table-lite","data","any[]","No","[]","input","Biblioteca","No","No","ui-angular/src/lib/components/bmb-table-lite/bmb-table-lite.component.ts","99","ui-angular/src/lib/components/bmb-table-lite/bmb-table-lite.stories.ts:480",""
"BmbTableLiteComponent","columns","Defines the structure of the table columns, including labels, data keys, and optional templates.","Componente","bmb-table-lite","columns","TableColum[]","No","[]","input","Biblioteca","No","No","ui-angular/src/lib/components/bmb-table-lite/bmb-table-lite.component.ts","100","ui-angular/src/lib/components/bmb-table-lite/bmb-table-lite.stories.ts:490",""
"BmbTableLiteComponent","config","Sets the general configuration of the table, including options like selectability, expandability, pagination, and actions.","Componente","bmb-table-lite","config","TableConfig","No","undefined","input","Biblioteca","No","No","ui-angular/src/lib/components/bmb-table-lite/bmb-table-lite.component.ts","101","ui-angular/src/lib/components/bmb-table-lite/bmb-table-lite.stories.ts:500",""
"BmbTableLiteComponent","truncate","Determines whether long text inside cells should be truncated (with ellipsis).","Componente","bmb-table-lite","truncate","boolean","No","false","input","Biblioteca","No","No","ui-angular/src/lib/components/bmb-table-lite/bmb-table-lite.component.ts","103","ui-angular/src/lib/components/bmb-table-lite/bmb-table-lite.stories.ts:514",""
"BmbTableLiteComponent","lang","Sets the language of the table labels (headers, filters, etc).","Componente","bmb-table-lite","lang","IBmbTableLang","No","'es'","input","Biblioteca","No","No","ui-angular/src/lib/components/bmb-table-lite/bmb-table-lite.component.ts","104","ui-angular/src/lib/components/bmb-table-lite/bmb-table-lite.stories.ts:585",""
"BmbTableLiteComponent","serverSide","Enables server-side mode. When `true`, pagination, search, and filters emit events for remote data handling.","Componente","bmb-table-lite","serverSide","boolean","No","false","input","Biblioteca","No","No","ui-angular/src/lib/components/bmb-table-lite/bmb-table-lite.component.ts","105","ui-angular/src/lib/components/bmb-table-lite/bmb-table-lite.stories.ts:575",""
"BmbTableLiteComponent","filtersPosition","Defines the position where the filters section will appear around the table.","Componente","bmb-table-lite","filtersPosition","IBmbFiltersPosition","No","'top'","input","Biblioteca","No","No","ui-angular/src/lib/components/bmb-table-lite/bmb-table-lite.component.ts","106","ui-angular/src/lib/components/bmb-table-lite/bmb-table-lite.stories.ts:544",""
"BmbTableLiteComponent","initialTableSelection","Defines the initial row selection of the table.

This is an array of row indexes that will be automatically selected when the table loads.

If the data is loaded asynchronously, make sure to update this property after data is available.","Componente","bmb-table-lite","initialTableSelection","number[]","No","[]","input","Biblioteca","No","No","ui-angular/src/lib/components/bmb-table-lite/bmb-table-lite.component.ts","107","ui-angular/src/lib/components/bmb-table-lite/bmb-table-lite.stories.ts:600",""
"BmbTableLiteComponent","actionTemplate","Provides a custom Angular template to render buttons or elements inside the ""Actions"" column.","Componente","bmb-table-lite","actionTemplate","TemplateRef<any> | null","No","null","input","Biblioteca","No","No","ui-angular/src/lib/components/bmb-table-lite/bmb-table-lite.component.ts","108","ui-angular/src/lib/components/bmb-table-lite/bmb-table-lite.stories.ts:638",""
"BmbTableLiteComponent","detailTemplate","Defines the custom template to display below a row when it is expanded.","Componente","bmb-table-lite","detailTemplate","TemplateRef<any> | null","No","null","input","Biblioteca","No","No","ui-angular/src/lib/components/bmb-table-lite/bmb-table-lite.component.ts","109","ui-angular/src/lib/components/bmb-table-lite/bmb-table-lite.stories.ts:648",""
"BmbTableLiteComponent","clearSelection","Clears all selected rows when set to `true`. This property is a **Model**, allowing reactive control from outside the component.","Componente","bmb-table-lite","clearSelection","boolean","No","false","model","Biblioteca","No","No","ui-angular/src/lib/components/bmb-table-lite/bmb-table-lite.component.ts","114","ui-angular/src/lib/components/bmb-table-lite/bmb-table-lite.stories.ts:614",""
"BmbTableLiteComponent","currentPage","Represents the current page index. It can be **controlled externally** when using server-side pagination. This property is a **Model**.","Componente","bmb-table-lite","currentPage","number","No","0","model","Biblioteca","No","No","ui-angular/src/lib/components/bmb-table-lite/bmb-table-lite.component.ts","115","ui-angular/src/lib/components/bmb-table-lite/bmb-table-lite.stories.ts:624",""
"BmbTableLiteComponent","filtersVisible","Controls the visibility of the filters panel. This property is a **Model**, meaning it can be two-way bound.","Componente","bmb-table-lite","filtersVisible","boolean","No","false","model","Biblioteca","No","No","ui-angular/src/lib/components/bmb-table-lite/bmb-table-lite.component.ts","116","ui-angular/src/lib/components/bmb-table-lite/bmb-table-lite.stories.ts:534",""
"BmbTablesComponent","showSearch","Shows or hide the search input at the top of the table.","Componente","bmb-table","showSearch","boolean","No","false","input","Biblioteca","No","No","ui-angular/src/lib/components/bmb-tables/bmb-tables.component.ts","119","ui-angular/src/lib/components/bmb-tables/bmb-tables.stories.ts:711",""
"BmbTablesComponent","showFilters","Shows or hide the column filters section.","Componente","bmb-table","showFilters","boolean","No","false","input","Biblioteca","No","No","ui-angular/src/lib/components/bmb-tables/bmb-tables.component.ts","120","ui-angular/src/lib/components/bmb-tables/bmb-tables.stories.ts:722",""
"BmbTablesComponent","pageSize","Sets the number of elements to show in the table when the pagination is activated","Componente","bmb-table","pageSize","number","No","undefined","input","Biblioteca","No","No","ui-angular/src/lib/components/bmb-tables/bmb-tables.component.ts","121","ui-angular/src/lib/components/bmb-tables/bmb-tables.stories.ts:570",""
"BmbTablesComponent","totalItems","Sets the total number of items in the table for pagination (used for server-side pagination).","Componente","bmb-table","totalItems","number","No","0","input","Biblioteca","No","No","ui-angular/src/lib/components/bmb-tables/bmb-tables.component.ts","122","ui-angular/src/lib/components/bmb-tables/bmb-tables.stories.ts:589",""
"BmbTablesComponent","data","Sets the data to show in the table.","Componente","bmb-table","data","any[]","No","[]","input","Biblioteca","No","No","ui-angular/src/lib/components/bmb-tables/bmb-tables.component.ts","123","ui-angular/src/lib/components/bmb-tables/bmb-tables.stories.ts:469",""
"BmbTablesComponent","columns","Sets the columns to show in the table.","Componente","bmb-table","columns","TableColum[]","No","[]","input","Biblioteca","No","No","ui-angular/src/lib/components/bmb-tables/bmb-tables.component.ts","124","ui-angular/src/lib/components/bmb-tables/bmb-tables.stories.ts:480",""
"BmbTablesComponent","actionTemplate","Sets the action buttons to show in the Action column","Componente","bmb-table","actionTemplate","TemplateRef<any> | null","No","null","input","Biblioteca","No","No","ui-angular/src/lib/components/bmb-tables/bmb-tables.component.ts","125","ui-angular/src/lib/components/bmb-tables/bmb-tables.stories.ts:552",""
"BmbTablesComponent","config","Sets the main config for the table","Componente","bmb-table","config","TableConfig","No","undefined","input","Biblioteca","No","No","ui-angular/src/lib/components/bmb-tables/bmb-tables.component.ts","126","ui-angular/src/lib/components/bmb-tables/bmb-tables.stories.ts:508",""
"BmbTablesComponent","detailTemplate","Sets the template to show the detail row","Componente","bmb-table","detailTemplate","TemplateRef<any> | null","No","null","input","Biblioteca","No","No","ui-angular/src/lib/components/bmb-tables/bmb-tables.component.ts","127","ui-angular/src/lib/components/bmb-tables/bmb-tables.stories.ts:561",""
"BmbTablesComponent","truncate","Determines if the text in all table cells will be truncated or not.","Componente","bmb-table","truncate","boolean","No","false","input","Biblioteca","No","No","ui-angular/src/lib/components/bmb-tables/bmb-tables.component.ts","128","ui-angular/src/lib/components/bmb-tables/bmb-tables.stories.ts:517",""
"BmbTablesComponent","wrap","Determines if the text in all table cells will be wrapped or not.","Componente","bmb-table","wrap","boolean","No","true","input","Biblioteca","No","No","ui-angular/src/lib/components/bmb-tables/bmb-tables.component.ts","129","ui-angular/src/lib/components/bmb-tables/bmb-tables.stories.ts:540",""
"BmbTablesComponent","initialTableSelection","Sets the initial selection of the table.

This is an array of indexes that will be selected when the table is initialized.

⚠️**Warning**
 If the data is asynchronous, this property must also be asynchronous.","Componente","bmb-table","initialTableSelection","number[]","No","[]","input","Biblioteca","No","No","ui-angular/src/lib/components/bmb-tables/bmb-tables.component.ts","130","ui-angular/src/lib/components/bmb-tables/bmb-tables.stories.ts:695",""
"BmbTablesComponent","lang","Sets the language of the table. This will change the text of the headers table.","Componente","bmb-table","lang","BmbTableLang","No","'es'","input","Biblioteca","No","No","ui-angular/src/lib/components/bmb-tables/bmb-tables.component.ts","131","ui-angular/src/lib/components/bmb-tables/bmb-tables.stories.ts:733",""
"BmbTablesComponent","clearSelection","Sin descripción documentada.","Componente","bmb-table","clearSelection","boolean","No","false","model","Biblioteca","No","No","ui-angular/src/lib/components/bmb-tables/bmb-tables.component.ts","132","",""
"BmbTablesComponent","serverSide","Enables server-side mode. 
The data handling:
 Pagination, filtering, and sorting.","Componente","bmb-table","serverSide","boolean","No","false","input","Biblioteca","No","No","ui-angular/src/lib/components/bmb-tables/bmb-tables.component.ts","133","ui-angular/src/lib/components/bmb-tables/bmb-tables.stories.ts:599",""
"BmbTablesComponent","currentPage","Sets the current page index.","Componente","bmb-table","currentPage","number","No","0","model","Biblioteca","No","No","ui-angular/src/lib/components/bmb-tables/bmb-tables.component.ts","134","ui-angular/src/lib/components/bmb-tables/bmb-tables.stories.ts:580",""
"BmbTablesComponent","filtersVisible","Shows or hide the filters section. 
> [!CALLOUT]
⚙️**Configuration**

>
Remember that model is two-way binding (signal), it is possible to use it as:
    [(filtersVisible)]=""filtersVisible""
    `(filtersVisibleChange)=""handleFiltersVisibleChange()`","Componente","bmb-table","filtersVisible","boolean","No","false","model","Biblioteca","No","No","ui-angular/src/lib/components/bmb-tables/bmb-tables.component.ts","135","ui-angular/src/lib/components/bmb-tables/bmb-tables.stories.ts:529",""
"BmbTablesComponent","filtersPosition","Sets the position of the filters section.","Componente","bmb-table","filtersPosition","IBmbFiltersPosition","No","'top'","input","Biblioteca","No","No","ui-angular/src/lib/components/bmb-tables/bmb-tables.component.ts","136","ui-angular/src/lib/components/bmb-tables/bmb-tables.stories.ts:746",""
"BmbTablesComponent","filtersModel","Sets the current filters applied to the table.

> [!CALLOUT]
⚙️**Configuration**

>
Remember that model is two-way binding (signal), it is possible to use it as:
    [(filtersModel)]=""filtersModel""
    `(filtersModelChange)=""handleFiltersModelChange()`","Componente","bmb-table","filtersModel","Record<string, any>","No","{}","model","Biblioteca","No","No","ui-angular/src/lib/components/bmb-tables/bmb-tables.component.ts","137","ui-angular/src/lib/components/bmb-tables/bmb-tables.stories.ts:611",""
"BmbTablesComponent","selectionMode","Sets the selection mode of the table.","Componente","bmb-table","selectionMode","'page' | 'all'","No","'all'","input","Biblioteca","No","No","ui-angular/src/lib/components/bmb-tables/bmb-tables.component.ts","138","ui-angular/src/lib/components/bmb-tables/bmb-tables.stories.ts:664",""
"BmbTablesComponent","clearSelectionWhenPageChanges","Clears the selection when the page changes.","Componente","bmb-table","clearSelectionWhenPageChanges","boolean","No","false","input","Biblioteca","No","No","ui-angular/src/lib/components/bmb-tables/bmb-tables.component.ts","139","ui-angular/src/lib/components/bmb-tables/bmb-tables.stories.ts:642",""
"BmbTablesComponent","disableStickyColumn","Disable sticky behavior for the first (leftmost) column.","Componente","bmb-table","disableStickyColumn","boolean","No","false","input","Biblioteca","No","No","ui-angular/src/lib/components/bmb-tables/bmb-tables.component.ts","140","ui-angular/src/lib/components/bmb-tables/bmb-tables.stories.ts:653",""
"BmbTabsComponent","appearanceContrast","Sets the appearance of tabs, affecting its visual style.","Componente","bmb-tabs","appearanceContrast","IBmbContrast","No","'default'","input","Biblioteca","No","No","ui-angular/src/lib/components/bmb-tabs/bmb-tabs.component.ts","43","ui-angular/src/lib/components/bmb-tabs/bmb-tabs.component.stories.ts:201",""
"BmbTabsComponent","format","⛔**Deprecated**
This property will not be maintainable.
  This will be removed in future versions.","Componente","bmb-tabs","format","string","No","''","input","Biblioteca","No","No","ui-angular/src/lib/components/bmb-tabs/bmb-tabs.component.ts","44","ui-angular/src/lib/components/bmb-tabs/bmb-tabs.component.stories.ts:245",""
"BmbTabsComponent","tabs","Sets the data of the tabs.

Data:
- ***id***: Unique identifier for the tab.
- ***title***: Display title of the tab.
- ***isActive***: Indicates if the tab is currently active.
- ***badge***: Optional badge number to display on the tab.
- ***isMobile***: Indicates if the tab is visible on mobile devices.
- ***isDesktop***: Indicates if the tab is visible on desktop devices.","Componente","bmb-tabs","tabs","IBmbTab[]","No","[]","input","Biblioteca","No","No","ui-angular/src/lib/components/bmb-tabs/bmb-tabs.component.ts","45","ui-angular/src/lib/components/bmb-tabs/bmb-tabs.component.stories.ts:206",""
"BmbTabsComponent","selectedTabId","Sets the currently selected tab id.","Componente","bmb-tabs","selectedTabId","number","No","0","model","Biblioteca","No","No","ui-angular/src/lib/components/bmb-tabs/bmb-tabs.component.ts","46","ui-angular/src/lib/components/bmb-tabs/bmb-tabs.component.stories.ts:236",""
"BmbTagComponent","appearance","Sets the appearance of tag, affecting its visual style.","Componente","bmb-tag","appearance","IBmbTagColors | IBmbActivityTags","No","'normal'","input","Biblioteca","No","No","ui-angular/src/lib/components/bmb-tags/bmb-tags.component.ts","29","ui-angular/src/lib/components/bmb-tags/bmb-tags.stories.ts:100",""
"BmbTagComponent","text","Sets the text of the tag.

✳️**Note**

The width of the tag will increase depending on the length of the text.","Componente","bmb-tag","text","string","No","''","input","Biblioteca","No","No","ui-angular/src/lib/components/bmb-tags/bmb-tags.component.ts","30","ui-angular/src/lib/components/bmb-tags/bmb-tags.stories.ts:116",""
"BmbTagComponent","grouped","Sets the tags in a group by assigning them to a parent element when true.

✳️**Note**

The default value is false. It is not necessary to explicitly set default values, the property can be omitted.

  Properties can be omitted if they are not required and do not contain a default value.

The tag should always have a parent element.","Componente","bmb-tag","grouped","boolean","No","false","input","Biblioteca","No","No","ui-angular/src/lib/components/bmb-tags/bmb-tags.component.ts","31","ui-angular/src/lib/components/bmb-tags/bmb-tags.stories.ts:120",""
"BmbTagComponent","dismissible","Sets the close icon when true.

Whenever the tag is dismissible, the different states of the tag will be added to its behavior.

Please remember to refer to the [Bamboo - General documentation](https://bamboo.tec.mx/latest/componentes/tag/descripcion-general-hqSuz4Cb) for more details about it.","Componente","bmb-tag","dismissible","boolean","No","false","input","Biblioteca","No","No","ui-angular/src/lib/components/bmb-tags/bmb-tags.component.ts","32","ui-angular/src/lib/components/bmb-tags/bmb-tags.stories.ts:128",""
"BmbTagComponent","rounded","⛔**Deprecated**
This property will not be maintainable.
  This will be removed in future versions.

The tag always has the highest border-radius, , this cannot be changed via properties.","Componente","bmb-tag","rounded","boolean","No","false","input","Biblioteca","No","No","ui-angular/src/lib/components/bmb-tags/bmb-tags.component.ts","33","ui-angular/src/lib/components/bmb-tags/bmb-tags.stories.ts:101",""
"BmbTagComponent","activityTag","⛔**Deprecated**
This property will not be maintainable.
  This will be removed in future versions.

Whenever `dismissible` property is false, the appearance will be a normal tag.","Componente","bmb-tag","activityTag","boolean","No","false","input","Biblioteca","No","No","ui-angular/src/lib/components/bmb-tags/bmb-tags.component.ts","34","ui-angular/src/lib/components/bmb-tags/bmb-tags.stories.ts:110",""
"BmbTagComponent","isDisabled","Disables the element when true, making it non-interactive and cannot be clicked.

This is useful for conditions where user interaction should be restricted.

Disabled state will only be applied when `dismissible` property is true.","Componente","bmb-tag","isDisabled","boolean","No","false","input","Biblioteca","No","No","ui-angular/src/lib/components/bmb-tags/bmb-tags.component.ts","35","ui-angular/src/lib/components/bmb-tags/bmb-tags.stories.ts:139",""
"BmbTagComponent","isActive","Sets the active state when true.

Sets the appearance of the active or selected state, only applies when `dismissible` is true","Componente","bmb-tag","isActive","boolean","No","false","input","Biblioteca","No","No","ui-angular/src/lib/components/bmb-tags/bmb-tags.component.ts","36","ui-angular/src/lib/components/bmb-tags/bmb-tags.stories.ts:133",""
"BmbTagComponent","enableClick","Sets the enable the tag to be clickable when true.

✳️**Note**

The default value is false. It is not necessary to explicitly set default values, the property can be omitted.

  Properties can be omitted if they are not required and do not contain a default value.","Componente","bmb-tag","enableClick","boolean","No","false","input","Biblioteca","No","No","ui-angular/src/lib/components/bmb-tags/bmb-tags.component.ts","37","ui-angular/src/lib/components/bmb-tags/bmb-tags.stories.ts:145",""
"BmbTextEditorComponent","control","Instance of FormControl to manage the input control state.","Componente","bmb-text-editor","control","FormControl","No","new FormControl('')","input","Biblioteca","No","No","ui-angular/src/lib/components/bmb-text-editor/bmb-text-editor.component.ts","55","ui-angular/src/lib/components/bmb-text-editor/bmb-text-editor.component.stories.ts:70",""
"BmbTextEditorComponent","settingsItems","Sin descripción documentada.","Componente","bmb-text-editor","settingsItems","IActions[]","No","getSettingsList(this as any, this.translations)","input","Biblioteca","No","No","ui-angular/src/lib/components/bmb-text-editor/bmb-text-editor.component.ts","70","",""
"BmbTextEditorComponent","insertItems","Sin descripción documentada.","Componente","bmb-text-editor","insertItems","IActions[]","No","getInsertList(this as any, this.translations)","input","Biblioteca","No","No","ui-angular/src/lib/components/bmb-text-editor/bmb-text-editor.component.ts","74","",""
"BmbTextEditorPromptComponent","type","Sin descripción documentada.","Componente","bmb-text-editor-prompt","type","IBmbTextEditorPromptType","Sí","Sin valor predeterminado (requerido)","input.required","Biblioteca","No","No","ui-angular/src/lib/components/bmb-text-editor/bmb-text-editor-prompt/bmb-text-editor-prompt.component.ts","53","",""
"BmbTextLinkComponent","textLink","Sets the label to display on the component.","Componente","bmb-text-link","textLink","string","No","undefined","input","Biblioteca","No","No","ui-angular/src/lib/components/bmb-text-link/bmb-text-link.component.ts","34","ui-angular/src/lib/components/bmb-text-link/bmb-text-link.stories.ts:39",""
"BmbTextLinkComponent","textLinkStyle","Sets the text link, this has two styles, with icon or an underlined link, it can be changed with this property","Componente","bmb-text-link","textLinkStyle","IBmbTextLinkStyle","No","'icon'","input","Biblioteca","No","No","ui-angular/src/lib/components/bmb-text-link/bmb-text-link.component.ts","35","ui-angular/src/lib/components/bmb-text-link/bmb-text-link.stories.ts:49",""
"BmbTextLinkComponent","target","Sets the target property for the link. Refer to [here](https://developer.mozilla.org/en-US/docs/Web/HTML/Element/a) for more information.","Componente","bmb-text-link","target","IBmbTargetLink","No","'_blank'","input","Biblioteca","No","No","ui-angular/src/lib/components/bmb-text-link/bmb-text-link.component.ts","36","ui-angular/src/lib/components/bmb-text-link/bmb-text-link.stories.ts:62",""
"BmbTextLinkComponent","icon","Sets the name of the icon to be displayed.

> [!CALLOUT]
⚙️**Configuration**

>Please refer to [Google Fonts](https://fonts.google.com/icons?icon.size=24&icon.color=%23e8eaed&icon.style=Rounded&icon.set=Material+Symbols) for more icons and make sure that you have selected the filters:
- Fill
- Style:
 - Material Symbols
 - Rounded

‼️These filters are important to ensure that you are choosing an icon that meets the guidelines of ***Bamboo***‼️.

> [!NOTE]
✳️**Note**

>Images are also supported; instead of the icon name, enter the URL or path of the image to use.

> [!WARNING]
⚠️**Warning**

>Please remember that images need an *alt* to be accessible.
Look for the property to set the alt, if it does not exist in the component it is because the component implements it internally.","Componente","bmb-text-link","icon","string","No","'arrow_forward'","input","Biblioteca","No","No","ui-angular/src/lib/components/bmb-text-link/bmb-text-link.component.ts","37","ui-angular/src/lib/components/bmb-text-link/bmb-text-link.stories.ts:63",""
"BmbTextLinkComponent","iconPosition","Sets the position of the icon in the link.","Componente","bmb-text-link","iconPosition","IBmbIconPosition","No","'right'","input","Biblioteca","No","No","ui-angular/src/lib/components/bmb-text-link/bmb-text-link.component.ts","38","ui-angular/src/lib/components/bmb-text-link/bmb-text-link.stories.ts:70",""
"BmbTextLinkComponent","link","Sets the link for redirection to another or same page.","Componente","bmb-text-link","link","string","Sí","Sin valor predeterminado (requerido)","input.required","Biblioteca","No","No","ui-angular/src/lib/components/bmb-text-link/bmb-text-link.component.ts","39","ui-angular/src/lib/components/bmb-text-link/bmb-text-link.stories.ts:82",""
"BmbTextLinkComponent","disabled","Disables the element when true, making it non-interactive and cannot be clicked.

This is useful for conditions where user interaction should be restricted.","Componente","bmb-text-link","disabled","boolean","No","false","input","Biblioteca","No","No","ui-angular/src/lib/components/bmb-text-link/bmb-text-link.component.ts","40","ui-angular/src/lib/components/bmb-text-link/bmb-text-link.stories.ts:83",""
"BmbTextLinkComponent","testId","Sin descripción documentada.","Componente","bmb-text-link","testId","string","No","getUUID()","input","Biblioteca","No","No","ui-angular/src/lib/components/bmb-text-link/bmb-text-link.component.ts","41","",""
"BmbThemeComponent","initialTheme","Sets the initial theme for the component.","Componente","bmb-theme","initialTheme","string","No","''","input","Biblioteca","No","No","ui-angular/src/lib/components/bmb-theme/bmb-theme.component.ts","22","ui-angular/src/lib/components/bmb-theme/bmb-theme.stories.ts:61",""
"BmbThemeComponent","showControls","Shows the theme control","Componente","bmb-theme","showControls","boolean","No","false","input","Biblioteca","No","No","ui-angular/src/lib/components/bmb-theme/bmb-theme.component.ts","23","ui-angular/src/lib/components/bmb-theme/bmb-theme.stories.ts:73",""
"BmbThemeComponent","leftText","Sets one of the labels associated with theme.

The label helps users understand the context of what represents.

The label will be displayed left to the theme.","Componente","bmb-theme","leftText","string","No","''","input","Biblioteca","No","No","ui-angular/src/lib/components/bmb-theme/bmb-theme.component.ts","24","ui-angular/src/lib/components/bmb-theme/bmb-theme.stories.ts:53",""
"BmbThemeComponent","rightText","Sets one of the labels associated with theme.

The label helps users understand the context of what represents.

The label will be displayed right to the theme.","Componente","bmb-theme","rightText","string","No","''","input","Biblioteca","No","No","ui-angular/src/lib/components/bmb-theme/bmb-theme.component.ts","25","ui-angular/src/lib/components/bmb-theme/bmb-theme.stories.ts:57",""
"BmbThemeComponent","leftIcon","⛔**Deprecated**
This property will not be maintainable.
  This will be removed in future versions.","Componente","bmb-theme","leftIcon","string","No","'light_mode'","model","Biblioteca","No","No","ui-angular/src/lib/components/bmb-theme/bmb-theme.component.ts","28","ui-angular/src/lib/components/bmb-theme/bmb-theme.stories.ts:82",""
"BmbThemeComponent","rightIcon","⛔**Deprecated**
This property will not be maintainable.
  This will be removed in future versions.","Componente","bmb-theme","rightIcon","string","No","'dark_mode'","model","Biblioteca","No","No","ui-angular/src/lib/components/bmb-theme/bmb-theme.component.ts","29","ui-angular/src/lib/components/bmb-theme/bmb-theme.stories.ts:83",""
"BmbThreeColsComponent","gapSize","Sin descripción documentada.","Componente","bmb-three-cols","gapSize","SizeNames","No","'m'","input","Biblioteca","No","No","ui-angular/src/lib/components/bmb-three-cols/bmb-three-cols.component.ts","31","",""
"BmbThreeColsComponent","justify","Sin descripción documentada.","Componente","bmb-three-cols","justify","IJustifyOptions","No","'spaceBetween'","input","Biblioteca","No","No","ui-angular/src/lib/components/bmb-three-cols/bmb-three-cols.component.ts","32","",""
"BmbThreeColsComponent","alignItems","Sin descripción documentada.","Componente","bmb-three-cols","alignItems","IAlignItemsOptions","No","'center'","input","Biblioteca","No","No","ui-angular/src/lib/components/bmb-three-cols/bmb-three-cols.component.ts","33","",""
"BmbThreeColsComponent","expandMainColumn","Sin descripción documentada.","Componente","bmb-three-cols","expandMainColumn","boolean","No","false","input","Biblioteca","No","No","ui-angular/src/lib/components/bmb-three-cols/bmb-three-cols.component.ts","34","",""
"BmbTimestreamCardComponent","subtitle","Sets the subtitle of the card.","Componente","bmb-timestream-card","subtitle","string","No","undefined","input","Biblioteca","No","No","ui-angular/src/lib/components/bmb-timestream-card/bmb-timestream-card.component.ts","58","ui-angular/src/lib/components/bmb-timestream-card/bmb-timestream-card.stories.ts:129",""
"BmbTimestreamCardComponent","dataLocalNav","Sets a list of breadcrumb data for local navigation.","Componente","bmb-timestream-card","dataLocalNav","IBmbDataTopBar[]","No","[]","input","Biblioteca","No","No","ui-angular/src/lib/components/bmb-timestream-card/bmb-timestream-card.component.ts","59","ui-angular/src/lib/components/bmb-timestream-card/bmb-timestream-card.stories.ts:132",""
"BmbTimestreamCardComponent","icon","Sets the name of the icon to be displayed.

> [!CALLOUT]
⚙️**Configuration**

>Please refer to [Google Fonts](https://fonts.google.com/icons?icon.size=24&icon.color=%23e8eaed&icon.style=Rounded&icon.set=Material+Symbols) for more icons and make sure that you have selected the filters:
- Fill
- Style:
 - Material Symbols
 - Rounded

‼️These filters are important to ensure that you are choosing an icon that meets the guidelines of ***Bamboo***‼️.

> [!NOTE]
✳️**Note**

>Images are also supported; instead of the name of the header icon, enter the URL or path of the image to use.

> [!WARNING]
⚠️**Warning**

>Please remember that images need an *alt* to be accessible.
Look for the property to set the alt, if it does not exist in the component it is because the component implements it internally.","Componente","bmb-timestream-card","icon","string","No","'trending_up'","input","Biblioteca","No","No","ui-angular/src/lib/components/bmb-timestream-card/bmb-timestream-card.component.ts","60","ui-angular/src/lib/components/bmb-timestream-card/bmb-timestream-card.stories.ts:149",""
"BmbTimestreamCardComponent","bgIconAppearance","Sets the appearance of background appearance, affecting its visual style.","Componente","bmb-timestream-card","bgIconAppearance","IBmbColor","No","'mitec-red'","input","Biblioteca","No","No","ui-angular/src/lib/components/bmb-timestream-card/bmb-timestream-card.component.ts","61","ui-angular/src/lib/components/bmb-timestream-card/bmb-timestream-card.stories.ts:160",""
"BmbTimestreamCardComponent","componentTitle","Sets the title of the card.","Componente","bmb-timestream-card","componentTitle","string","No","undefined","input","Biblioteca","No","No","ui-angular/src/lib/components/bmb-timestream-card/bmb-timestream-card.component.ts","62","ui-angular/src/lib/components/bmb-timestream-card/bmb-timestream-card.stories.ts:128",""
"BmbTimestreamCardComponent","title","Please use `componentTitle` instead of `title` to set the component title.","Componente","bmb-timestream-card","title","string","No","undefined","input","Biblioteca","No","Sí","ui-angular/src/lib/components/bmb-timestream-card/bmb-timestream-card.component.ts","64","ui-angular/src/lib/components/bmb-timestream-card/bmb-timestream-card.stories.ts:176",""
"BmbTimestreamCardComponent","lang","Sets the language for all text, numbers, currencies, date formats, etc.

By default, the supported language are:
- ***en***: english
- ***es***: spanish.","Componente","bmb-timestream-card","lang","string","No","'es'","input","Biblioteca","No","No","ui-angular/src/lib/components/bmb-timestream-card/bmb-timestream-card.component.ts","66","ui-angular/src/lib/components/bmb-timestream-card/bmb-timestream-card.stories.ts:186",""
"BmbTimestreamCardComponent","dateFormat","Sets the format for all dates.","Componente","bmb-timestream-card","dateFormat","string","No","'dd/MM/yyyy'","input","Biblioteca","No","No","ui-angular/src/lib/components/bmb-timestream-card/bmb-timestream-card.component.ts","67","ui-angular/src/lib/components/bmb-timestream-card/bmb-timestream-card.stories.ts:165",""
"BmbTimestreamCardComponent","events","List of events to display.","Componente","bmb-timestream-card","events","ITimelineEvent[]","No","[]","input","Biblioteca","No","No","ui-angular/src/lib/components/bmb-timestream-card/bmb-timestream-card.component.ts","68","ui-angular/src/lib/components/bmb-timestream-card/bmb-timestream-card.stories.ts:187",""
"BmbTimestreamComponent","isMicro","Shows micro version of the timestream.","Componente","bmb-timestream","isMicro","boolean","No","false","input","Biblioteca","No","No","ui-angular/src/lib/components/bmb-timestream/bmb-timestream.component.ts","80","ui-angular/src/lib/components/bmb-timestream/bmb-timestream.stories.ts:34",""
"BmbTimestreamComponent","lang","Sets the language for all text, numbers, currencies, date formats, etc.

By default, the supported language are:
- ***en***: english
- ***es***: spanish.","Componente","bmb-timestream","lang","string","No","'es'","input","Biblioteca","No","No","ui-angular/src/lib/components/bmb-timestream/bmb-timestream.component.ts","81","ui-angular/src/lib/components/bmb-timestream/bmb-timestream.stories.ts:56",""
"BmbTimestreamComponent","dateFormat","Sets the format for all dates.","Componente","bmb-timestream","dateFormat","string","No","'dd/MM/yyyy'","input","Biblioteca","No","No","ui-angular/src/lib/components/bmb-timestream/bmb-timestream.component.ts","82","ui-angular/src/lib/components/bmb-timestream/bmb-timestream.stories.ts:45",""
"BmbTimestreamComponent","events","Sets the list of events to display.","Componente","bmb-timestream","events","ITimelineEvent[]","No","[]","input","Biblioteca","No","No","ui-angular/src/lib/components/bmb-timestream/bmb-timestream.component.ts","83","ui-angular/src/lib/components/bmb-timestream/bmb-timestream.stories.ts:57",""
"BmbTimestreamComponent","clamp","Sets the height of the timestream","Componente","bmb-timestream","clamp","IBmbClamp","No","{ min: 100, max: '100dvh', size: '100%' }","input","Biblioteca","No","No","ui-angular/src/lib/components/bmb-timestream/bmb-timestream.component.ts","84","ui-angular/src/lib/components/bmb-timestream/bmb-timestream.stories.ts:67",""
"BmbTimestreamDetailsComponent","lang","Sin descripción documentada.","Componente","bmb-timestream-detail","lang","string","No","'es'","input","Biblioteca","No","No","ui-angular/src/lib/components/bmb-timestream/bmb-timestream-detail/bmb-timestream-detail.component.ts","37","",""
"BmbTimestreamDetailsComponent","now","Sin descripción documentada.","Componente","bmb-timestream-detail","now","DateTime","No","DateTime.now()","input","Biblioteca","No","No","ui-angular/src/lib/components/bmb-timestream/bmb-timestream-detail/bmb-timestream-detail.component.ts","38","",""
"BmbTimestreamDetailsComponent","selectedDate","Sin descripción documentada.","Componente","bmb-timestream-detail","selectedDate","ISelectedDate","No","{ day: '', month: '', date: this.now(), }","input","Biblioteca","No","No","ui-angular/src/lib/components/bmb-timestream/bmb-timestream-detail/bmb-timestream-detail.component.ts","39","",""
"BmbTimestreamDetailsComponent","orderedEvents","Sin descripción documentada.","Componente","bmb-timestream-detail","orderedEvents","ITimelineEventParsed[]","No","[]","input","Biblioteca","No","No","ui-angular/src/lib/components/bmb-timestream/bmb-timestream-detail/bmb-timestream-detail.component.ts","44","",""
"BmbTimestreamDetailsComponent","isMicro","Sin descripción documentada.","Componente","bmb-timestream-detail","isMicro","boolean","No","false","input","Biblioteca","No","No","ui-angular/src/lib/components/bmb-timestream/bmb-timestream-detail/bmb-timestream-detail.component.ts","45","",""
"BmbTitleComponent","componentTitle","Sets the title.","Componente","bmb-title","componentTitle","string","Sí","Sin valor predeterminado (requerido)","input.required","Biblioteca","No","No","ui-angular/src/lib/components/bmb-title/bmb-title.component.ts","23","ui-angular/src/lib/components/bmb-title/bmp-title.stories.ts:21",""
"BmbTitleComponent","titleSize","Sets the title size. **Sizes Reference:**
  - **Size 1**: 10px
  - **Size 2**: 11px
  - **Size 3**: 12px
  - **Size 4**: 14px
  - **Size 4_5**: 15px
  - **Size 5**: 16px
  - **Size 6**: 18px
  - **Size 7**: 20px
  - **Size 8**: 22px
  - **Size 9**: 24px
  - **Size 10**: 26px
  - **Size 11**: 36px
  - **Size 12**: 48px","Componente","bmb-title","titleSize","string","No","'5'","input","Biblioteca","No","No","ui-angular/src/lib/components/bmb-title/bmb-title.component.ts","24","ui-angular/src/lib/components/bmb-title/bmp-title.stories.ts:29",""
"BmbTitleComponent","titleFontWeight","Sets the title font weight. Font weights: 100, 200, 300, 400, 500, 600, 700, 800, 900","Componente","bmb-title","titleFontWeight","string","No","'600'","input","Biblioteca","No","No","ui-angular/src/lib/components/bmb-title/bmb-title.component.ts","25","ui-angular/src/lib/components/bmb-title/bmp-title.stories.ts:69",""
"BmbTitleComponent","subtitle","Sets the subtitle (optional)","Componente","bmb-title","subtitle","string","No","undefined","input","Biblioteca","No","No","ui-angular/src/lib/components/bmb-title/bmb-title.component.ts","26","ui-angular/src/lib/components/bmb-title/bmp-title.stories.ts:82",""
"BmbTitleComponent","subtitleSize","Sets the subtitle size. **Sizes Reference:**
  - **Size 1**: 10px
  - **Size 2**: 11px
  - **Size 3**: 12px
  - **Size 4**: 14px
  - **Size 4_5**: 15px
  - **Size 5**: 16px
  - **Size 6**: 18px
  - **Size 7**: 20px
  - **Size 8**: 22px
  - **Size 9**: 24px
  - **Size 10**: 26px
  - **Size 11**: 36px
  - **Size 12**: 48px","Componente","bmb-title","subtitleSize","string","No","'3'","input","Biblioteca","No","No","ui-angular/src/lib/components/bmb-title/bmb-title.component.ts","27","ui-angular/src/lib/components/bmb-title/bmp-title.stories.ts:91",""
"BmbTitleComponent","subtitleFontWeight","Sets the title font weight. Font weights: 100, 200, 300, 400, 500, 600, 700, 800, 900","Componente","bmb-title","subtitleFontWeight","string","No","'400'","input","Biblioteca","No","No","ui-angular/src/lib/components/bmb-title/bmb-title.component.ts","28","ui-angular/src/lib/components/bmb-title/bmp-title.stories.ts:131",""
"BmbTitleComponent","isCenterContent","Sets the content centered when true, refers to the title and subtitle.","Componente","bmb-title","isCenterContent","boolean","No","false","input","Biblioteca","No","No","ui-angular/src/lib/components/bmb-title/bmb-title.component.ts","29","ui-angular/src/lib/components/bmb-title/bmp-title.stories.ts:144",""
"BmbTitleContentComponent","titleSize","Sets the title size. **Sizes Reference:**
  - **Size 1**: 10px
  - **Size 2**: 11px
  - **Size 3**: 12px
  - **Size 4**: 14px
  - **Size 4_5**: 15px
  - **Size 5**: 16px
  - **Size 6**: 18px
  - **Size 7**: 20px
  - **Size 8**: 22px
  - **Size 9**: 24px
  - **Size 10**: 26px
  - **Size 11**: 36px
  - **Size 12**: 48px","Componente","bmb-title-content","titleSize","string","No","'5'","input","Biblioteca","No","No","ui-angular/src/lib/components/bmb-title-content/bmb-title-content.component.ts","49","ui-angular/src/lib/components/bmb-title-content/bmp-title-content.stories.ts:49",""
"BmbTitleContentComponent","titleFontWeight","Sets the title font weight. Font weights: 100, 200, 300, 400, 500, 600, 700, 800, 900","Componente","bmb-title-content","titleFontWeight","IBmbFontWeightContent","No","'600'","input","Biblioteca","No","No","ui-angular/src/lib/components/bmb-title-content/bmb-title-content.component.ts","50","ui-angular/src/lib/components/bmb-title-content/bmp-title-content.stories.ts:90",""
"BmbTitleContentComponent","subtitle","Sets the subtitle (optional)","Componente","bmb-title-content","subtitle","string | undefined","No","''","input","Biblioteca","No","No","ui-angular/src/lib/components/bmb-title-content/bmb-title-content.component.ts","51","ui-angular/src/lib/components/bmb-title-content/bmp-title-content.stories.ts:104",""
"BmbTitleContentComponent","subtitleSize","Sets the subtitle size. **Sizes Reference:**
  - **Size 1**: 10px
  - **Size 2**: 11px
  - **Size 3**: 12px
  - **Size 4**: 14px
  - **Size 4_5**: 15px
  - **Size 5**: 16px
  - **Size 6**: 18px
  - **Size 7**: 20px
  - **Size 8**: 22px
  - **Size 9**: 24px
  - **Size 10**: 26px
  - **Size 11**: 36px
  - **Size 12**: 48px","Componente","bmb-title-content","subtitleSize","string","No","'3'","input","Biblioteca","No","No","ui-angular/src/lib/components/bmb-title-content/bmb-title-content.component.ts","52","ui-angular/src/lib/components/bmb-title-content/bmp-title-content.stories.ts:113",""
"BmbTitleContentComponent","subtitleFontWeight","Sets the title font weight. Font weights: 100, 200, 300, 400, 500, 600, 700, 800, 900","Componente","bmb-title-content","subtitleFontWeight","IBmbFontWeightContent","No","'400'","input","Biblioteca","No","No","ui-angular/src/lib/components/bmb-title-content/bmb-title-content.component.ts","53","ui-angular/src/lib/components/bmb-title-content/bmp-title-content.stories.ts:154",""
"BmbTitleContentComponent","subtitleIcon","Sets the subtitle icon.","Componente","bmb-title-content","subtitleIcon","string","No","''","input","Biblioteca","No","No","ui-angular/src/lib/components/bmb-title-content/bmb-title-content.component.ts","54","ui-angular/src/lib/components/bmb-title-content/bmp-title-content.stories.ts:168",""
"BmbTitleContentComponent","subtitleIconSize","Size of the subtitle icon or width of the image to use.

✳️**Note**
<= 0 will be inherited.","Componente","bmb-title-content","subtitleIconSize","number","No","0","input","Biblioteca","No","No","ui-angular/src/lib/components/bmb-title-content/bmb-title-content.component.ts","55","ui-angular/src/lib/components/bmb-title-content/bmp-title-content.stories.ts:177",""
"BmbTitleContentComponent","isCenterContent","Sets the content centered when true, refers to the title and subtitle.","Componente","bmb-title-content","isCenterContent","boolean","No","false","input","Biblioteca","No","No","ui-angular/src/lib/components/bmb-title-content/bmb-title-content.component.ts","56","ui-angular/src/lib/components/bmb-title-content/bmp-title-content.stories.ts:188",""
"BmbTitleContentComponent","dataLocalNav","Array of breadcrumb data for Local Navigation.","Componente","bmb-title-content","dataLocalNav","IBmbDataTopBar[]","No","[]","input","Biblioteca","No","No","ui-angular/src/lib/components/bmb-title-content/bmb-title-content.component.ts","57","ui-angular/src/lib/components/bmb-title-content/bmp-title-content.stories.ts:199",""
"BmbTitleContentComponent","transparentBgC","Sets the icon's background color to transparent when true.","Componente","bmb-title-content","transparentBgC","boolean","No","false","input","Biblioteca","No","No","ui-angular/src/lib/components/bmb-title-content/bmb-title-content.component.ts","58","ui-angular/src/lib/components/bmb-title-content/bmp-title-content.stories.ts:288",""
"BmbTitleContentComponent","icon","Sets the icon.","Componente","bmb-title-content","icon","string","No","''","input","Biblioteca","No","No","ui-angular/src/lib/components/bmb-title-content/bmb-title-content.component.ts","59","ui-angular/src/lib/components/bmb-title-content/bmp-title-content.stories.ts:211",""
"BmbTitleContentComponent","iconSize","Sets the size of the icon or width of the image to use.

✳️**Note**
 <= 0 will be inherited.","Componente","bmb-title-content","iconSize","number","No","24","input","Biblioteca","No","No","ui-angular/src/lib/components/bmb-title-content/bmb-title-content.component.ts","60","ui-angular/src/lib/components/bmb-title-content/bmp-title-content.stories.ts:220",""
"BmbTitleContentComponent","bgIconAppearance","Sets icon background color.","Componente","bmb-title-content","bgIconAppearance","IBmbColor","No","undefined","input","Biblioteca","No","No","ui-angular/src/lib/components/bmb-title-content/bmb-title-content.component.ts","61","ui-angular/src/lib/components/bmb-title-content/bmp-title-content.stories.ts:221",""
"BmbTitleContentComponent","isAvatarIcon","Sets whether the icon is an avatar image when true.","Componente","bmb-title-content","isAvatarIcon","boolean","No","false","input","Biblioteca","No","No","ui-angular/src/lib/components/bmb-title-content/bmb-title-content.component.ts","62","ui-angular/src/lib/components/bmb-title-content/bmp-title-content.stories.ts:298",""
"BmbTitleContentComponent","avatarSize","Sets the avatar size.","Componente","bmb-title-content","avatarSize","IBmbUserImageSize","No","'desktop-small'","input","Biblioteca","No","No","ui-angular/src/lib/components/bmb-title-content/bmb-title-content.component.ts","63","ui-angular/src/lib/components/bmb-title-content/bmp-title-content.stories.ts:308",""
"BmbTitleContentComponent","forceSquareApp","Forces the icon to have a square appearance when true, even if it is an image with transparent background.","Componente","bmb-title-content","forceSquareApp","boolean","No","false","input","Biblioteca","No","No","ui-angular/src/lib/components/bmb-title-content/bmb-title-content.component.ts","64","ui-angular/src/lib/components/bmb-title-content/bmp-title-content.stories.ts:328",""
"BmbTitleContentComponent","componentTitle","Sin descripción documentada.","Componente","bmb-title-content","componentTitle","string","No","undefined","input","Biblioteca","No","No","ui-angular/src/lib/components/bmb-title-content/bmb-title-content.component.ts","65","",""
"BmbTitleContentComponent","title","Sets the title.","Componente","bmb-title-content","title","string","No","undefined","input","Biblioteca","No","Sí","ui-angular/src/lib/components/bmb-title-content/bmb-title-content.component.ts","67","ui-angular/src/lib/components/bmb-title-content/bmp-title-content.stories.ts:40",""
"BmbTitleContentComponent","currentBot","Sin descripción documentada.","Componente","bmb-title-content","currentBot","IBotType","No","undefined","model","Biblioteca","No","No","ui-angular/src/lib/components/bmb-title-content/bmb-title-content.component.ts","85","",""
"BmbToastComponent","appearance","Sets the visual style of the toast, allowing it to match the context of the notification. Each option represents a different level of notification severity or type, such as informational (neutral), success (successful), warning (warning), error (error), event (event), or reminder (reminder).","Componente","bmb-toast","appearance","BmbToastAppearance","No","'neutral'","input","Biblioteca","No","No","ui-angular/src/lib/components/bmb-toast/bmb-toast.component.ts","30","ui-angular/src/lib/components/bmb-toast/bmb-toast.stories.ts:102",""
"BmbToastComponent","isClosable","Shows the close button when true. Determines whether the toast can be closed by the user. **this property is valid only for the `portal` component.**","Componente","bmb-toast","isClosable","boolean","No","false","input","Biblioteca","No","No","ui-angular/src/lib/components/bmb-toast/bmb-toast.component.ts","31","ui-angular/src/lib/components/bmb-toast/bmb-toast.stories.ts:113",""
"BmbToastComponent","description","Sets additional details or context in the toast notification, displayed beneath the title. This is optional and should be used when more information is needed.","Componente","bmb-toast","description","string","No","undefined","input","Biblioteca","No","No","ui-angular/src/lib/components/bmb-toast/bmb-toast.component.ts","32","ui-angular/src/lib/components/bmb-toast/bmb-toast.stories.ts:91",""
"BmbToastComponent","id","Sets the unique identifier for the toast, allowing you to target specific notifications for updates or removal.","Componente","bmb-toast","id","string | number","No","''","input","Biblioteca","No","No","ui-angular/src/lib/components/bmb-toast/bmb-toast.component.ts","33","ui-angular/src/lib/components/bmb-toast/bmb-toast.stories.ts:123",""
"BmbToastComponent","componentTitle","Sets the title of toast notification.

This title should be concise and direct, providing the user with immediate feedback or information related to their actions.","Componente","bmb-toast","componentTitle","string","No","undefined","input","Biblioteca","No","No","ui-angular/src/lib/components/bmb-toast/bmb-toast.component.ts","34","ui-angular/src/lib/components/bmb-toast/bmb-toast.stories.ts:88",""
"BmbToastComponent","title","Please use `componentTitle` instead of `title` to set the component title.","Componente","bmb-toast","title","string","No","undefined","input","Biblioteca","No","Sí","ui-angular/src/lib/components/bmb-toast/bmb-toast.component.ts","36","ui-angular/src/lib/components/bmb-toast/bmb-toast.stories.ts:135",""
"BmbToastComponent","position","⛔**Deprecated**
This property will not be maintainable.
  This will be removed in future versions.","Componente","bmb-toast","position","string","No","'top'","input","Biblioteca","No","Sí","ui-angular/src/lib/components/bmb-toast/bmb-toast.component.ts","37","ui-angular/src/lib/components/bmb-toast/bmb-toast.stories.ts:134",""
"BmbTooltipBaseComponent","text","Sin descripción documentada.","Componente","bmb-tooltip-base","text","string","No","''","input","Biblioteca","No","No","ui-angular/src/lib/components/bmb-tooltip/bmb-tooltip-base/bmb-tooltip-base.component.ts","33","",""
"BmbTooltipBaseComponent","componentTitle","Sin descripción documentada.","Componente","bmb-tooltip-base","componentTitle","string","No","undefined","input","Biblioteca","No","No","ui-angular/src/lib/components/bmb-tooltip/bmb-tooltip-base/bmb-tooltip-base.component.ts","34","",""
"BmbTooltipComponent","text","Sets the detail or description to show as a tooltip.","Componente","bmb-tooltip","text","string","No","''","input","Biblioteca","No","No","ui-angular/src/lib/components/bmb-tooltip/bmb-tooltip.component.ts","23","ui-angular/src/lib/components/bmb-tooltip/bmb-tooltip.stories.ts:56",""
"BmbTooltipComponent","icon","Sets the name of the icon to be displayed.

> [!CALLOUT]
⚙️**Configuration**

>Please refer to [Google Fonts](https://fonts.google.com/icons?icon.size=24&icon.color=%23e8eaed&icon.style=Rounded&icon.set=Material+Symbols) for more icons and make sure that you have selected the filters:
- Fill
- Style:
 - Material Symbols
 - Rounded

‼️These filters are important to ensure that you are choosing an icon that meets the guidelines of ***Bamboo***‼️.","Componente","bmb-tooltip","icon","string","No","'help'","input","Biblioteca","No","No","ui-angular/src/lib/components/bmb-tooltip/bmb-tooltip.component.ts","24","ui-angular/src/lib/components/bmb-tooltip/bmb-tooltip.stories.ts:57",""
"BmbTooltipComponent","size","Sets the size of the icon or width of the image to use.

✳️**Note**
 <= 0 will be inherited.","Componente","bmb-tooltip","size","number","No","undefined","input","Biblioteca","No","No","ui-angular/src/lib/components/bmb-tooltip/bmb-tooltip.component.ts","25","ui-angular/src/lib/components/bmb-tooltip/bmb-tooltip.stories.ts:68",""
"BmbTooltipComponent","isFill","⛔**Deprecated**
This property will not be maintainable.
  This will be removed in future versions.

Please remember to refer to the [Bamboo - General documentation](https://bamboo.tec.mx/latest/foundations/icon/iconos-wukxE19q) for more details about it. Visit the best practices section.","Componente","bmb-tooltip","isFill","boolean","No","true","input","Biblioteca","No","No","ui-angular/src/lib/components/bmb-tooltip/bmb-tooltip.component.ts","26","ui-angular/src/lib/components/bmb-tooltip/bmb-tooltip.stories.ts:69",""
"BmbTooltipComponent","componentTitle","Sets the title of tooltip.","Componente","bmb-tooltip","componentTitle","string","No","undefined","input","Biblioteca","No","No","ui-angular/src/lib/components/bmb-tooltip/bmb-tooltip.component.ts","27","ui-angular/src/lib/components/bmb-tooltip/bmb-tooltip.stories.ts:55",""
"BmbTooltipComponent","title","Please use `componentTitle` instead of `title` to set the component title.","Componente","bmb-tooltip","title","string","No","undefined","input","Biblioteca","No","Sí","ui-angular/src/lib/components/bmb-tooltip/bmb-tooltip.component.ts","29","ui-angular/src/lib/components/bmb-tooltip/bmb-tooltip.stories.ts:72",""
"BmbTooltipComponent","align","⛔**Deprecated**
This property will not be maintainable.
  This will be removed in future versions.","Componente","bmb-tooltip","align","string","No","undefined","input","Biblioteca","No","Sí","ui-angular/src/lib/components/bmb-tooltip/bmb-tooltip.component.ts","30","ui-angular/src/lib/components/bmb-tooltip/bmb-tooltip.stories.ts:70",""
"BmbTooltipComponent","justify","⛔**Deprecated**
This property will not be maintainable.
  This will be removed in future versions.","Componente","bmb-tooltip","justify","string","No","undefined","input","Biblioteca","No","Sí","ui-angular/src/lib/components/bmb-tooltip/bmb-tooltip.component.ts","31","ui-angular/src/lib/components/bmb-tooltip/bmb-tooltip.stories.ts:71",""
"BmbTopBarComponent","userInformation","Descripción no resuelta automáticamente; consultar la fuente de documentación.","Componente","bmb-top-bar","userInformation","IUserInformation | null","No","null","input","Biblioteca","No","No","ui-angular/src/lib/components/bmb-top-bar/bmb-top-bar.component.ts","40","ui-angular/src/lib/components/bmb-top-bar/bmb-top-bar.stories.ts:70",""
"BmbTopBarComponent","appName","Sets the App name.","Componente","bmb-top-bar","appName","string","No","''","input","Biblioteca","No","No","ui-angular/src/lib/components/bmb-top-bar/bmb-top-bar.component.ts","41","ui-angular/src/lib/components/bmb-top-bar/bmb-top-bar.stories.ts:108",""
"BmbTopBarComponent","appPowered","Sets the Powered x Bamboo Design text (is optional).","Componente","bmb-top-bar","appPowered","string","No","''","input","Biblioteca","No","No","ui-angular/src/lib/components/bmb-top-bar/bmb-top-bar.component.ts","42","ui-angular/src/lib/components/bmb-top-bar/bmb-top-bar.stories.ts:119",""
"BmbTopBarComponent","appSubTitle","⛔**Deprecated**
This property will not be maintainable.
  This will be removed in future versions.","Componente","bmb-top-bar","appSubTitle","string","No","''","input","Biblioteca","No","No","ui-angular/src/lib/components/bmb-top-bar/bmb-top-bar.component.ts","43","ui-angular/src/lib/components/bmb-top-bar/bmb-top-bar.stories.ts:215",""
"BmbTopBarComponent","lang","Sets the default language.","Componente","bmb-top-bar","lang","string","No","'es'","input","Biblioteca","No","No","ui-angular/src/lib/components/bmb-top-bar/bmb-top-bar.component.ts","44","ui-angular/src/lib/components/bmb-top-bar/bmb-top-bar.stories.ts:131",""
"BmbTopBarComponent","mitec","Switches to the mitec top bar version.","Componente","bmb-top-bar","mitec","boolean","No","false","input","Biblioteca","No","No","ui-angular/src/lib/components/bmb-top-bar/bmb-top-bar.component.ts","45","ui-angular/src/lib/components/bmb-top-bar/bmb-top-bar.stories.ts:142",""
"BmbTopBarComponent","alertNotification","Sets the notifications for the top bar in the alert icon","Componente","bmb-top-bar","alertNotification","IBmbDataAlert[]","No","[]","input","Biblioteca","No","No","ui-angular/src/lib/components/bmb-top-bar/bmb-top-bar.component.ts","46","ui-angular/src/lib/components/bmb-top-bar/bmb-top-bar.stories.ts:153",""
"BmbTopBarComponent","showRoleButton","⛔**Deprecated**
This property will not be maintainable.
  This will be removed in future versions.","Componente","bmb-top-bar","showRoleButton","boolean","No","false","input","Biblioteca","No","Sí","ui-angular/src/lib/components/bmb-top-bar/bmb-top-bar.component.ts","47","ui-angular/src/lib/components/bmb-top-bar/bmb-top-bar.stories.ts:204",""
"BmbTopBarComponent","showSearchButton","Descripción no resuelta automáticamente; consultar la fuente de documentación.","Componente","bmb-top-bar","showSearchButton","boolean","No","false","input","Biblioteca","No","No","ui-angular/src/lib/components/bmb-top-bar/bmb-top-bar.component.ts","48","ui-angular/src/lib/components/bmb-top-bar/bmb-top-bar.stories.ts:210",""
"BmbTopBarComponent","showHelpButton","Descripción no resuelta automáticamente; consultar la fuente de documentación.","Componente","bmb-top-bar","showHelpButton","boolean","No","false","input","Biblioteca","No","No","ui-angular/src/lib/components/bmb-top-bar/bmb-top-bar.component.ts","49","ui-angular/src/lib/components/bmb-top-bar/bmb-top-bar.stories.ts:200",""
"BmbTopBarComponent","showFavoritesButton","Sin descripción documentada.","Componente","bmb-top-bar","showFavoritesButton","boolean","No","false","input","Biblioteca","No","No","ui-angular/src/lib/components/bmb-top-bar/bmb-top-bar.component.ts","50","",""
"BmbTopBarComponent","allowSidebarForMobile","Adjusts the contents of the **Top bar** when true.

The Top bar header content shifts to the left, this allows the sidebar to be displayed in the mobile header.

✳️**Note**

The setting applies only to mobile.","Componente","bmb-top-bar","allowSidebarForMobile","boolean","No","true","input","Biblioteca","No","No","ui-angular/src/lib/components/bmb-top-bar/bmb-top-bar.component.ts","51","ui-angular/src/lib/components/bmb-top-bar/bmb-top-bar.stories.ts:178",""
"BmbTopBarComponent","getLogoLink","Sets the link for redirection to another or same page. If this property is empty it will emit the button event.","Componente","bmb-top-bar","getLogoLink","string","No","''","input","Biblioteca","No","No","ui-angular/src/lib/components/bmb-top-bar/bmb-top-bar.component.ts","52","ui-angular/src/lib/components/bmb-top-bar/bmb-top-bar.stories.ts:208",""
"BmbTopBarComponent","getLogoTarget","Sets the target property for the link. Refer to [here](https://developer.mozilla.org/en-US/docs/Web/HTML/Element/a) for more information.","Componente","bmb-top-bar","getLogoTarget","IBmbTargetLink","No","'_blank'","input","Biblioteca","No","No","ui-angular/src/lib/components/bmb-top-bar/bmb-top-bar.component.ts","53","ui-angular/src/lib/components/bmb-top-bar/bmb-top-bar.stories.ts:209",""
"BmbTopBarComponent","image","Sets the app logo.","Componente","bmb-top-bar","image","string","No","''","model","Biblioteca","No","No","ui-angular/src/lib/components/bmb-top-bar/bmb-top-bar.component.ts","55","ui-angular/src/lib/components/bmb-top-bar/bmb-top-bar.stories.ts:86",""
"BmbTopBarComponent","mobileImage","Sets the app logo for low resolutions.","Componente","bmb-top-bar","mobileImage","string","No","''","model","Biblioteca","No","No","ui-angular/src/lib/components/bmb-top-bar/bmb-top-bar.component.ts","56","ui-angular/src/lib/components/bmb-top-bar/bmb-top-bar.stories.ts:97",""
"BmbTopBarUserSectionComponent","userInformation","Sin descripción documentada.","Componente","bmb-top-bar-user-section","userInformation","IUserInformation","No","{ image: '', name: '', role: '', }","input","Biblioteca","No","No","ui-angular/src/lib/components/bmb-top-bar/bmb-top-bar-user-section/bmb-top-bar-user-section.component.ts","47","",""
"BmbTopBarUserSectionComponent","mitec","Sin descripción documentada.","Componente","bmb-top-bar-user-section","mitec","boolean","No","false","input","Biblioteca","No","No","ui-angular/src/lib/components/bmb-top-bar/bmb-top-bar-user-section/bmb-top-bar-user-section.component.ts","52","",""
"BmbTopBarUserSectionComponent","showNotifications","Sin descripción documentada.","Componente","bmb-top-bar-user-section","showNotifications","boolean","No","true","input","Biblioteca","No","No","ui-angular/src/lib/components/bmb-top-bar/bmb-top-bar-user-section/bmb-top-bar-user-section.component.ts","53","",""
"BmbTopBarUserSectionComponent","notificationNotification","Sin descripción documentada.","Componente","bmb-top-bar-user-section","notificationNotification","IBmbDataAlert[]","No","[]","input","Biblioteca","No","No","ui-angular/src/lib/components/bmb-top-bar/bmb-top-bar-user-section/bmb-top-bar-user-section.component.ts","54","",""
"BmbTopBarUserSectionComponent","showRoleButton","Sin descripción documentada.","Componente","bmb-top-bar-user-section","showRoleButton","boolean","No","false","input","Biblioteca","No","Sí","ui-angular/src/lib/components/bmb-top-bar/bmb-top-bar-user-section/bmb-top-bar-user-section.component.ts","55","",""
"BmbTopBarUserSectionComponent","showSearchButton","Sin descripción documentada.","Componente","bmb-top-bar-user-section","showSearchButton","boolean","No","false","input","Biblioteca","No","No","ui-angular/src/lib/components/bmb-top-bar/bmb-top-bar-user-section/bmb-top-bar-user-section.component.ts","56","",""
"BmbTopBarUserSectionComponent","showHelpButton","Sin descripción documentada.","Componente","bmb-top-bar-user-section","showHelpButton","boolean","No","false","input","Biblioteca","No","No","ui-angular/src/lib/components/bmb-top-bar/bmb-top-bar-user-section/bmb-top-bar-user-section.component.ts","57","",""
"BmbTopBarUserSectionComponent","showFavoritesButton","Sin descripción documentada.","Componente","bmb-top-bar-user-section","showFavoritesButton","boolean","No","false","input","Biblioteca","No","No","ui-angular/src/lib/components/bmb-top-bar/bmb-top-bar-user-section/bmb-top-bar-user-section.component.ts","58","",""
"BmbTotpComponent","subtitle","Sets the subtitle of the TOTP prompt","Componente","bmb-totp","subtitle","string","No","undefined","input","Biblioteca","No","No","ui-angular/src/lib/components/bmb-totp/bmb-totp.component.ts","51","ui-angular/src/lib/components/bmb-totp/bmb-totp.stories.ts:107",""
"BmbTotpComponent","instanceId","Sets the instance ID of the TOTP prompt","Componente","bmb-totp","instanceId","string","No","getUUID()","input","Biblioteca","No","No","ui-angular/src/lib/components/bmb-totp/bmb-totp.component.ts","52","ui-angular/src/lib/components/bmb-totp/bmb-totp.stories.ts:116",""
"BmbTotpComponent","codeError","Indicates if there is a code error","Componente","bmb-totp","codeError","boolean","No","false","input","Biblioteca","No","No","ui-angular/src/lib/components/bmb-totp/bmb-totp.component.ts","53","ui-angular/src/lib/components/bmb-totp/bmb-totp.stories.ts:125",""
"BmbTotpComponent","errorMessage","Sets the error message of the TOTP prompt","Componente","bmb-totp","errorMessage","string","No","''","input","Biblioteca","No","No","ui-angular/src/lib/components/bmb-totp/bmb-totp.component.ts","54","ui-angular/src/lib/components/bmb-totp/bmb-totp.stories.ts:134",""
"BmbTotpComponent","helperText","Sets the text to be displayed as a supporting message below the field.","Componente","bmb-totp","helperText","string","No","''","input","Biblioteca","No","No","ui-angular/src/lib/components/bmb-totp/bmb-totp.component.ts","55","ui-angular/src/lib/components/bmb-totp/bmb-totp.stories.ts:143",""
"BmbTotpComponent","showButton","Indicates if the submit button should be shown","Componente","bmb-totp","showButton","boolean","No","false","input","Biblioteca","No","No","ui-angular/src/lib/components/bmb-totp/bmb-totp.component.ts","56","ui-angular/src/lib/components/bmb-totp/bmb-totp.stories.ts:144",""
"BmbTotpComponent","buttonText","Sets the text of the submit button","Componente","bmb-totp","buttonText","string","No","''","input","Biblioteca","No","No","ui-angular/src/lib/components/bmb-totp/bmb-totp.component.ts","57","ui-angular/src/lib/components/bmb-totp/bmb-totp.stories.ts:153",""
"BmbTotpComponent","disableButton","Indicates if the submit button should be disabled","Componente","bmb-totp","disableButton","boolean","No","false","input","Biblioteca","No","No","ui-angular/src/lib/components/bmb-totp/bmb-totp.component.ts","58","ui-angular/src/lib/components/bmb-totp/bmb-totp.stories.ts:161",""
"BmbTotpComponent","componentTitle","Sets the title of the TOTP prompt","Componente","bmb-totp","componentTitle","string","No","undefined","input","Biblioteca","No","No","ui-angular/src/lib/components/bmb-totp/bmb-totp.component.ts","59","ui-angular/src/lib/components/bmb-totp/bmb-totp.stories.ts:98",""
"BmbTotpComponent","title","Please use `componentTitle` instead of `title` to set the component title.","Componente","bmb-totp","title","string","No","undefined","input","Biblioteca","No","Sí","ui-angular/src/lib/components/bmb-totp/bmb-totp.component.ts","61","ui-angular/src/lib/components/bmb-totp/bmb-totp.stories.ts:174",""
"BmbUserImageComponent","size","Sets the size of the user image, affecting its visual size.","Componente","bmb-user-image","size","IBmbUserImageSize","No","undefined","input","Biblioteca","No","No","ui-angular/src/lib/components/bmb-user-image/bmb-user-image.component.ts","27","ui-angular/src/lib/components/bmb-user-image/bmb-user-images.stories.ts:41",""
"BmbUserImageComponent","image","Sets the source of the image to display, either from a path or a URL.","Componente","bmb-user-image","image","string","No","''","input","Biblioteca","No","No","ui-angular/src/lib/components/bmb-user-image/bmb-user-image.component.ts","28","ui-angular/src/lib/components/bmb-user-image/bmb-user-images.stories.ts:39",""
"BmbUserImageComponent","altImage","Sets the alternative text of the images. It is an essential part of making content accessible.

Refer [here](https://www.w3.org/WAI/alt/) for more information.","Componente","bmb-user-image","altImage","string","No","''","input","Biblioteca","No","No","ui-angular/src/lib/components/bmb-user-image/bmb-user-image.component.ts","29","ui-angular/src/lib/components/bmb-user-image/bmb-user-images.stories.ts:40",""
"BmbUserImageComponent","link","Sets the link for redirection to another or same page. If this property is empty it will emit the button event.","Componente","bmb-user-image","link","string","No","''","input","Biblioteca","No","No","ui-angular/src/lib/components/bmb-user-image/bmb-user-image.component.ts","30","ui-angular/src/lib/components/bmb-user-image/bmb-user-images.stories.ts:60",""
"BmbUserImageComponent","target","Sets the target property for the link. Refer to [here](https://developer.mozilla.org/en-US/docs/Web/HTML/Element/a) for more information.","Componente","bmb-user-image","target","IBmbTargetLink","No","undefined","input","Biblioteca","No","No","ui-angular/src/lib/components/bmb-user-image/bmb-user-image.component.ts","31","ui-angular/src/lib/components/bmb-user-image/bmb-user-images.stories.ts:61",""
"BmbUserImageComponent","bordered","Sets the bordered attribute draw a color border around the image when true.","Componente","bmb-user-image","bordered","boolean","No","false","input","Biblioteca","No","No","ui-angular/src/lib/components/bmb-user-image/bmb-user-image.component.ts","32","ui-angular/src/lib/components/bmb-user-image/bmb-user-images.stories.ts:62",""
"BmbUserProfileComponent","headerLabel","Sets the label to be displayed in the header.","Componente","bmb-user-profile","headerLabel","string","No","undefined","input","Biblioteca","No","No","ui-angular/src/lib/components/bmb-user-profile/bmb-user-profile.component.ts","49","ui-angular/src/lib/components/bmb-user-profile/bmb-user-profile.stories.ts:31",""
"BmbUserProfileComponent","anotherAccountLabel","Sets the label for the option to log in with another account.","Componente","bmb-user-profile","anotherAccountLabel","string","No","undefined","input","Biblioteca","No","No","ui-angular/src/lib/components/bmb-user-profile/bmb-user-profile.component.ts","50","ui-angular/src/lib/components/bmb-user-profile/bmb-user-profile.stories.ts:40",""
"BmbUserProfileComponent","anotherAccountLink","Sets the link for redirection to another or same page.","Componente","bmb-user-profile","anotherAccountLink","string","No","''","input","Biblioteca","No","No","ui-angular/src/lib/components/bmb-user-profile/bmb-user-profile.component.ts","51","ui-angular/src/lib/components/bmb-user-profile/bmb-user-profile.stories.ts:50",""
"BmbUserProfileComponent","anotherAccountTarget","Sets the target property for the link. Refer to [here](https://developer.mozilla.org/en-US/docs/Web/HTML/Element/a) for more information.","Componente","bmb-user-profile","anotherAccountTarget","IBmbTargetLink","No","'_blank'","input","Biblioteca","No","No","ui-angular/src/lib/components/bmb-user-profile/bmb-user-profile.component.ts","52","ui-angular/src/lib/components/bmb-user-profile/bmb-user-profile.stories.ts:51",""
"BmbUserProfileComponent","buttonLabel","Sets the label for the continue button.","Componente","bmb-user-profile","buttonLabel","string","No","undefined","input","Biblioteca","No","No","ui-angular/src/lib/components/bmb-user-profile/bmb-user-profile.component.ts","53","ui-angular/src/lib/components/bmb-user-profile/bmb-user-profile.stories.ts:52",""
"BmbUserProfileComponent","userInfo","Sets an object containing user information, such as profile picture, full name, and user ID. This input is required.
      IBmbUserInfo = {
        id: string;
        fullName: string;
        profilePicture: string;
      }","Componente","bmb-user-profile","userInfo","IBmbUserInfo","Sí","Sin valor predeterminado (requerido)","input.required","Biblioteca","No","No","ui-angular/src/lib/components/bmb-user-profile/bmb-user-profile.component.ts","54","ui-angular/src/lib/components/bmb-user-profile/bmb-user-profile.stories.ts:61",""
"BmbUserProfileComponent","actionHeaderLinks","Sets an object of IBmbActionHeaderLinks type.

    export interface IBmbActionHeaderLinks {
      apple: IBmbLinkInfo,
      android: IBmbLinkInfo,
      twitter: IBmbLinkInfo,
      facebook: IBmbLinkInfo,
      instagram: IBmbLinkInfo,
      youtube: IBmbLinkInfo,
    }

Template:

    actionHeaderLinks:IBmbActionHeaderLinks = {
      apple: {
        link: '',
        target: '',
      },
      android: {
        link: '',
        target: '',
      },
      twitter: {
        link: '',
        target: '',
      },
      facebook: {
        link: '',
        target: '',
      },
      instagram: {
        link: '',
        target: '',
      },
      youtube: {
        link: '',
        target: '',
      },
    },","Componente","bmb-user-profile","actionHeaderLinks","IBmbActionHeaderLinks","No","undefined","input","Biblioteca","No","No","ui-angular/src/lib/components/bmb-user-profile/bmb-user-profile.component.ts","55","ui-angular/src/lib/components/bmb-user-profile/bmb-user-profile.stories.ts:75",""
"BmbUserProfileContentComponent","anotherAccountLabel","Sets the label for the option to log in with another account.","Componente","bmb-user-profile-content","anotherAccountLabel","string","No","''","input","Biblioteca","No","No","ui-angular/src/lib/components/bmb-user-profile/bmb-user-profile-content/bmb-user-profile-content.component.ts","21","ui-angular/src/lib/components/bmb-user-profile/bmb-user-profile-content/bmb-user-profile-content.stories.ts:45",""
"BmbUserProfileContentComponent","anotherAccountLink","Sets the link for the option to log in with another account.","Componente","bmb-user-profile-content","anotherAccountLink","string","No","''","input","Biblioteca","No","No","ui-angular/src/lib/components/bmb-user-profile/bmb-user-profile-content/bmb-user-profile-content.component.ts","22","ui-angular/src/lib/components/bmb-user-profile/bmb-user-profile-content/bmb-user-profile-content.stories.ts:56",""
"BmbUserProfileContentComponent","anotherAccountTarget","Sets the target for the option to log in with another account.","Componente","bmb-user-profile-content","anotherAccountTarget","IBmbTargetLink","No","'_blank'","input","Biblioteca","No","No","ui-angular/src/lib/components/bmb-user-profile/bmb-user-profile-content/bmb-user-profile-content.component.ts","23","ui-angular/src/lib/components/bmb-user-profile/bmb-user-profile-content/bmb-user-profile-content.stories.ts:67",""
"BmbUserProfileContentComponent","userInfo","Sets an object containing user information, such as profile picture, full name, and user ID. This input is required.
      IBmbUserInfo = {
        id: string;
        fullName: string;
        profilePicture: string;
      }","Componente","bmb-user-profile-content","userInfo","IBmbUserInfo","Sí","Sin valor predeterminado (requerido)","input.required","Biblioteca","No","No","ui-angular/src/lib/components/bmb-user-profile/bmb-user-profile-content/bmb-user-profile-content.component.ts","24","ui-angular/src/lib/components/bmb-user-profile/bmb-user-profile-content/bmb-user-profile-content.stories.ts:30",""
"BmbUserSummaryComponent","isProfile","Indicates if the summary is shown as a profile view.

For profile content the ***ID Digital*** button will be displayed","Componente","bmb-user-summary","isProfile","boolean","No","false","input","Biblioteca","No","No","ui-angular/src/lib/components/bmb-user-summary/bmb-user-summary.component.ts","28","ui-angular/src/lib/components/bmb-user-summary/bmb-user-summary.stories.ts:26",""
"BmbUserSummaryComponent","name","Sets the user full name.","Componente","bmb-user-summary","name","string","No","''","input","Biblioteca","No","No","ui-angular/src/lib/components/bmb-user-summary/bmb-user-summary.component.ts","29","ui-angular/src/lib/components/bmb-user-summary/bmb-user-summary.stories.ts:39",""
"BmbUserSummaryComponent","id","Sets the user information.","Componente","bmb-user-summary","id","string","No","''","input","Biblioteca","No","No","ui-angular/src/lib/components/bmb-user-summary/bmb-user-summary.component.ts","30","ui-angular/src/lib/components/bmb-user-summary/bmb-user-summary.stories.ts:48",""
"BmbUserSummaryComponent","image","Sets the user's profile picture using the user's image path.","Componente","bmb-user-summary","image","string","No","''","input","Biblioteca","No","No","ui-angular/src/lib/components/bmb-user-summary/bmb-user-summary.component.ts","31","ui-angular/src/lib/components/bmb-user-summary/bmb-user-summary.stories.ts:57",""
"BmbUserSummaryComponent","infoCareer","Sets the text to display basic information below the user's image.","Componente","bmb-user-summary","infoCareer","string","No","''","input","Biblioteca","No","No","ui-angular/src/lib/components/bmb-user-summary/bmb-user-summary.component.ts","32","ui-angular/src/lib/components/bmb-user-summary/bmb-user-summary.stories.ts:67",""
"BmbUserSummaryComponent","noBox","Sets the profile background when true","Componente","bmb-user-summary","noBox","boolean","No","false","input","Biblioteca","No","No","ui-angular/src/lib/components/bmb-user-summary/bmb-user-summary.component.ts","33","ui-angular/src/lib/components/bmb-user-summary/bmb-user-summary.stories.ts:87",""
"BmbUserSummaryComponent","salutation","Sets the salutation for the user. This is added only when the `isProfile` is false.","Componente","bmb-user-summary","salutation","string","No","undefined","input","Biblioteca","No","No","ui-angular/src/lib/components/bmb-user-summary/bmb-user-summary.component.ts","34","ui-angular/src/lib/components/bmb-user-summary/bmb-user-summary.stories.ts:77",""
"BmbUserSummaryContentComponent","isProfile","Changes the content template.","Componente","bmb-user-summary-content","isProfile","boolean","No","false","input","Biblioteca","No","No","ui-angular/src/lib/components/bmb-user-summary/bmb-user-summary-content/bmb-user-summary-content.component.ts","46","ui-angular/src/lib/components/bmb-user-summary/bmb-user-summary-content/bmb-user-summary-content.stories.ts:54",""
"BmbUserSummaryContentComponent","name","Sets the user full name.","Componente","bmb-user-summary-content","name","string","No","''","input","Biblioteca","No","No","ui-angular/src/lib/components/bmb-user-summary/bmb-user-summary-content/bmb-user-summary-content.component.ts","47","ui-angular/src/lib/components/bmb-user-summary/bmb-user-summary-content/bmb-user-summary-content.stories.ts:63",""
"BmbUserSummaryContentComponent","userId","Sets the user information.","Componente","bmb-user-summary-content","userId","string","No","''","input","Biblioteca","No","No","ui-angular/src/lib/components/bmb-user-summary/bmb-user-summary-content/bmb-user-summary-content.component.ts","48","ui-angular/src/lib/components/bmb-user-summary/bmb-user-summary-content/bmb-user-summary-content.stories.ts:72",""
"BmbUserSummaryContentComponent","image","Sets the source of the user's profile picture to display, either from a path or a URL.","Componente","bmb-user-summary-content","image","string","No","''","input","Biblioteca","No","No","ui-angular/src/lib/components/bmb-user-summary/bmb-user-summary-content/bmb-user-summary-content.component.ts","49","ui-angular/src/lib/components/bmb-user-summary/bmb-user-summary-content/bmb-user-summary-content.stories.ts:81",""
"BmbUserSummaryContentComponent","isImageBordered","Sets a colored border around the image.","Componente","bmb-user-summary-content","isImageBordered","boolean","No","true","input","Biblioteca","No","No","ui-angular/src/lib/components/bmb-user-summary/bmb-user-summary-content/bmb-user-summary-content.component.ts","50","ui-angular/src/lib/components/bmb-user-summary/bmb-user-summary-content/bmb-user-summary-content.stories.ts:88",""
"BmbUserSummaryContentComponent","altImage","Sets the alternative text of the images. It is an essential part of making content accessible.

Refer [here](https://www.w3.org/WAI/alt/) for more information.","Componente","bmb-user-summary-content","altImage","string","No","'Alt image description'","input","Biblioteca","No","No","ui-angular/src/lib/components/bmb-user-summary/bmb-user-summary-content/bmb-user-summary-content.component.ts","51","ui-angular/src/lib/components/bmb-user-summary/bmb-user-summary-content/bmb-user-summary-content.stories.ts:99",""
"BmbUserSummaryContentComponent","imageSize","Sets the appearance of image size, affecting its visual style.","Componente","bmb-user-summary-content","imageSize","IBmbUserImageSize","No","'mobile-large'","input","Biblioteca","No","No","ui-angular/src/lib/components/bmb-user-summary/bmb-user-summary-content/bmb-user-summary-content.component.ts","52","ui-angular/src/lib/components/bmb-user-summary/bmb-user-summary-content/bmb-user-summary-content.stories.ts:181",""
"BmbUserSummaryContentComponent","infoCareer","Sets the text to display basic information below the user's image.","Componente","bmb-user-summary-content","infoCareer","string","No","''","input","Biblioteca","No","No","ui-angular/src/lib/components/bmb-user-summary/bmb-user-summary-content/bmb-user-summary-content.component.ts","53","ui-angular/src/lib/components/bmb-user-summary/bmb-user-summary-content/bmb-user-summary-content.stories.ts:100",""
"BmbUserSummaryContentComponent","campus","Sets the user campus.","Componente","bmb-user-summary-content","campus","string","No","''","input","Biblioteca","No","No","ui-angular/src/lib/components/bmb-user-summary/bmb-user-summary-content/bmb-user-summary-content.component.ts","54","ui-angular/src/lib/components/bmb-user-summary/bmb-user-summary-content/bmb-user-summary-content.stories.ts:130",""
"BmbUserSummaryContentComponent","role","Sets the user role.","Componente","bmb-user-summary-content","role","string","No","''","input","Biblioteca","No","No","ui-angular/src/lib/components/bmb-user-summary/bmb-user-summary-content/bmb-user-summary-content.component.ts","55","ui-angular/src/lib/components/bmb-user-summary/bmb-user-summary-content/bmb-user-summary-content.stories.ts:139",""
"BmbUserSummaryContentComponent","email","Sets the user email. Can be string or IBmbLinkConfiguration.","Componente","bmb-user-summary-content","email","string | IBmbLinkConfiguration","No","''","input","Biblioteca","No","No","ui-angular/src/lib/components/bmb-user-summary/bmb-user-summary-content/bmb-user-summary-content.component.ts","56","ui-angular/src/lib/components/bmb-user-summary/bmb-user-summary-content/bmb-user-summary-content.stories.ts:110",""
"BmbUserSummaryContentComponent","salutation","Sets the salutation for the user. This is added only when the 'Is profile' is false.","Componente","bmb-user-summary-content","salutation","string","No","'Buenas tardes'","input","Biblioteca","No","No","ui-angular/src/lib/components/bmb-user-summary/bmb-user-summary-content/bmb-user-summary-content.component.ts","57","ui-angular/src/lib/components/bmb-user-summary/bmb-user-summary-content/bmb-user-summary-content.stories.ts:120",""
"BmbUserSummaryContentComponent","contentLayout","Sets the content layout for the profile.","Componente","bmb-user-summary-content","contentLayout","IBmbContentLayoutSummary","No","'column'","input","Biblioteca","No","No","ui-angular/src/lib/components/bmb-user-summary/bmb-user-summary-content/bmb-user-summary-content.component.ts","58","ui-angular/src/lib/components/bmb-user-summary/bmb-user-summary-content/bmb-user-summary-content.stories.ts:166",""
"BmbUserSummaryContentComponent","gapSize","Sets the appearance of gap size, affecting its visual style.","Componente","bmb-user-summary-content","gapSize","SizeNames","No","'none'","input","Biblioteca","No","No","ui-angular/src/lib/components/bmb-user-summary/bmb-user-summary-content/bmb-user-summary-content.component.ts","59","ui-angular/src/lib/components/bmb-user-summary/bmb-user-summary-content/bmb-user-summary-content.stories.ts:176",""
"BmbUserSummaryContentComponent","CURP","Sets the user CURP.","Componente","bmb-user-summary-content","CURP","string","No","undefined","input","Biblioteca","No","No","ui-angular/src/lib/components/bmb-user-summary/bmb-user-summary-content/bmb-user-summary-content.component.ts","60","ui-angular/src/lib/components/bmb-user-summary/bmb-user-summary-content/bmb-user-summary-content.stories.ts:157",""
"BmbUserSummaryContentComponent","additionalInfo","Sets additional info of the user.","Componente","bmb-user-summary-content","additionalInfo","string","No","undefined","input","Biblioteca","No","No","ui-angular/src/lib/components/bmb-user-summary/bmb-user-summary-content/bmb-user-summary-content.component.ts","61","ui-angular/src/lib/components/bmb-user-summary/bmb-user-summary-content/bmb-user-summary-content.stories.ts:148",""
"BmbUserSummaryContentComponent","idDigital","Sin descripción documentada.","Componente","bmb-user-summary-content","idDigital","string","No","undefined","input","Biblioteca","No","No","ui-angular/src/lib/components/bmb-user-summary/bmb-user-summary-content/bmb-user-summary-content.component.ts","62","",""
"BmbValueCounterComponent","label","Sets the label for the content of the left section.","Componente","bmb-value-counter","label","string","No","''","input","Biblioteca","No","No","ui-angular/src/lib/components/bmb-value-counter/bmb-value-counter.component.ts","27","ui-angular/src/lib/components/bmb-value-counter/bmb-value-counter.stories.ts:28",""
"BmbValueCounterComponent","value","Sets the total value for the content of the right section.","Componente","bmb-value-counter","value","string","No","''","input","Biblioteca","No","No","ui-angular/src/lib/components/bmb-value-counter/bmb-value-counter.component.ts","28","ui-angular/src/lib/components/bmb-value-counter/bmb-value-counter.stories.ts:29",""
"BmbValueCounterComponent","progress","Sets the progress value for the content of the right section.","Componente","bmb-value-counter","progress","string","No","''","input","Biblioteca","No","No","ui-angular/src/lib/components/bmb-value-counter/bmb-value-counter.component.ts","29","ui-angular/src/lib/components/bmb-value-counter/bmb-value-counter.stories.ts:30",""
"BmbValueCounterComponent","textFormatSeparator","Sin descripción documentada.","Componente","bmb-value-counter","textFormatSeparator","string","No","''","input","Biblioteca","No","No","ui-angular/src/lib/components/bmb-value-counter/bmb-value-counter.component.ts","30","",""
"BmbValueCounterComponent","textFormat","Sets the text format function to show the percentage in the progress bar.
  

This property is displayed for the property type:

- counter
- container

  The function receives two parameters: the current value and the total value, and should return a formatted string.

  If not set, it defaults to showing the value as *""value/total""*.

  ✳️**Note**
 Avoid return HTML code, whether HTML code will be parsed.","Componente","bmb-value-counter","textFormat","BmbValueCounterFormatter","No","defaultValueCounterFormatter","input","Biblioteca","No","No","ui-angular/src/lib/components/bmb-value-counter/bmb-value-counter.component.ts","31","ui-angular/src/lib/components/bmb-value-counter/bmb-value-counter.stories.ts:31",""
"BmbVerticalLayoutDirective","gapSize","Sets the size of the space between elements.

  SizeNames =
    | 'xs'
    | 's'
    | 'm'
    | 'l'
    | 'xl'
    | 'none'
    | 'auto'","Directiva","[bmbVerticalLayout]","gapSize","SizeNames","No","'m'","input","Biblioteca","No","No","ui-angular/src/lib/directives/bmb-layout/bmb-vertical-layout/bmb-vertical-layout.directive.ts","13","ui-angular/src/lib/directives/bmb-layout/bmb-vertical-layout/bmb-vertical-layout.stories.ts:60",""
"BmbVerticalLayoutDirective","justify","Sets the justify content.

  IJustifyOptions =
    | 'center'
    | 'end'
    | 'start'
    | 'stretch'
    | 'spaceAround'
    | 'spaceBetween'
    | 'spaceEvenly'","Directiva","[bmbVerticalLayout]","justify","IJustifyOptions","No","'start'","input","Biblioteca","No","No","ui-angular/src/lib/directives/bmb-layout/bmb-vertical-layout/bmb-vertical-layout.directive.ts","14","ui-angular/src/lib/directives/bmb-layout/bmb-vertical-layout/bmb-vertical-layout.stories.ts:81",""
"BmbVerticalLayoutDirective","alignItems","Set the align items.

    IAlignItemsOptions =
      | 'center'
      | 'end'
      | 'start'
      | 'stretch'","Directiva","[bmbVerticalLayout]","alignItems","IAlignItemsOptions","No","'start'","input","Biblioteca","No","No","ui-angular/src/lib/directives/bmb-layout/bmb-vertical-layout/bmb-vertical-layout.directive.ts","15","ui-angular/src/lib/directives/bmb-layout/bmb-vertical-layout/bmb-vertical-layout.stories.ts:110",""
"BmbVerticalLayoutDirective","layoutHeight","Sets the height of the layout container.","Directiva","[bmbVerticalLayout]","layoutHeight","string","No","'auto'","input","Biblioteca","No","No","ui-angular/src/lib/directives/bmb-layout/bmb-vertical-layout/bmb-vertical-layout.directive.ts","16","ui-angular/src/lib/directives/bmb-layout/bmb-vertical-layout/bmb-vertical-layout.stories.ts:128",""
"BmbVerticalLayoutDirective","margin","Sin descripción documentada.","Directiva","[bmbVerticalLayout]","margin","SizeNames","No","'none'","input","Biblioteca","No","No","ui-angular/src/lib/directives/bmb-layout/bmb-vertical-layout/bmb-vertical-layout.directive.ts","17","",""
"BmbVerticalLayoutItemDirective","rowGrow","Sets how much of the flex container positive free space, if any, should be assigned to the flex item main size.","Directiva","[bmbVerticalLayoutItem]","rowGrow","number","No","0","input","Biblioteca","No","No","ui-angular/src/lib/directives/bmb-layout/bmb-vertical-layout/bmb-vertical-layout-item.directive.ts","8","ui-angular/src/lib/directives/bmb-layout/bmb-vertical-layout/bmb-vertical-layout-item.stories.ts:58",""
"BmbVerticalLayoutItemDirective","isFullWidth","Sin descripción documentada.","Directiva","[bmbVerticalLayoutItem]","isFullWidth","boolean","No","true","input","Biblioteca","No","No","ui-angular/src/lib/directives/bmb-layout/bmb-vertical-layout/bmb-vertical-layout-item.directive.ts","9","",""
"BmbVerticalLayoutItemDirective","disableScroll","Sin descripción documentada.","Directiva","[bmbVerticalLayoutItem]","disableScroll","boolean","No","false","input","Biblioteca","No","No","ui-angular/src/lib/directives/bmb-layout/bmb-vertical-layout/bmb-vertical-layout-item.directive.ts","10","",""
"BmbWebTemplatesComponent","isFullScreen","Set the full screen class.","Componente","bmb-web-templates","isFullScreen","boolean","No","false","input","Biblioteca","No","No","ui-angular/src/lib/components/bmb-web-templates/bmb-web-templates.component.ts","51","ui-angular/src/lib/components/bmb-web-templates/bmb-web-templates.component.stories.ts:31",""
"BmbWebTemplatesComponent","titleScreen","Set the title screen in the header.","Componente","bmb-web-templates","titleScreen","string","No","undefined","input","Biblioteca","No","No","ui-angular/src/lib/components/bmb-web-templates/bmb-web-templates.component.ts","52","ui-angular/src/lib/components/bmb-web-templates/bmb-web-templates.component.stories.ts:41",""
"BmbWebTemplatesComponent","subTitleScreen","Set the subtitle screen in the header.","Componente","bmb-web-templates","subTitleScreen","string","No","undefined","input","Biblioteca","No","No","ui-angular/src/lib/components/bmb-web-templates/bmb-web-templates.component.ts","53","ui-angular/src/lib/components/bmb-web-templates/bmb-web-templates.component.stories.ts:52",""
"BmbWebTemplatesComponent","template","Set template layout, depending of the template, it required to send the next templates: `#bmbTemplateAside`, `#bmbTemplateSecondAside` and `#bmbTemplateMain`.","Componente","bmb-web-templates","template","IBmbTemplateName","No","'full-width-card'","input","Biblioteca","No","No","ui-angular/src/lib/components/bmb-web-templates/bmb-web-templates.component.ts","54","ui-angular/src/lib/components/bmb-web-templates/bmb-web-templates.component.stories.ts:63",""
"BmbWebTemplatesComponent","titleMainSlot","Set the title text for the main slot.","Componente","bmb-web-templates","titleMainSlot","string","No","undefined","input","Biblioteca","No","No","ui-angular/src/lib/components/bmb-web-templates/bmb-web-templates.component.ts","55","ui-angular/src/lib/components/bmb-web-templates/bmb-web-templates.component.stories.ts:84",""
"BmbWebTemplatesComponent","titleAsideSlot","Set the title text for the aside slot.","Componente","bmb-web-templates","titleAsideSlot","string","No","undefined","input","Biblioteca","No","No","ui-angular/src/lib/components/bmb-web-templates/bmb-web-templates.component.ts","56","ui-angular/src/lib/components/bmb-web-templates/bmb-web-templates.component.stories.ts:95",""
"BmbWebTemplatesComponent","topBarUserInformation","Descripción no resuelta automáticamente; consultar la fuente de documentación.","Componente","bmb-web-templates","topBarUserInformation","IUserInformation | null","No","null","input","Biblioteca","No","No","ui-angular/src/lib/components/bmb-web-templates/bmb-web-templates.component.ts","59","ui-angular/src/lib/components/bmb-web-templates/bmb-web-templates.component.stories.ts:119",""
"BmbWebTemplatesComponent","topBarHasLogoutButton","Shows the end session button, only works if the user information is provided.","Componente","bmb-web-templates","topBarHasLogoutButton","boolean","No","true","input","Biblioteca","No","No","ui-angular/src/lib/components/bmb-web-templates/bmb-web-templates.component.ts","60","ui-angular/src/lib/components/bmb-web-templates/bmb-web-templates.component.stories.ts:128",""
"BmbWebTemplatesComponent","topBarImage","Replace the default logo.","Componente","bmb-web-templates","topBarImage","string","No","'assets/images/tec-logo.svg'","input","Biblioteca","No","No","ui-angular/src/lib/components/bmb-web-templates/bmb-web-templates.component.ts","61","ui-angular/src/lib/components/bmb-web-templates/bmb-web-templates.component.stories.ts:139",""
"BmbWebTemplatesComponent","topBarMobileImage","Replace the default logo for low resolutions.","Componente","bmb-web-templates","topBarMobileImage","string","No","'assets/images/tec-logo-mob.svg'","input","Biblioteca","No","No","ui-angular/src/lib/components/bmb-web-templates/bmb-web-templates.component.ts","62","ui-angular/src/lib/components/bmb-web-templates/bmb-web-templates.component.stories.ts:150",""
"BmbWebTemplatesComponent","topBarAppName","Set the App name.","Componente","bmb-web-templates","topBarAppName","string","No","''","input","Biblioteca","No","No","ui-angular/src/lib/components/bmb-web-templates/bmb-web-templates.component.ts","63","ui-angular/src/lib/components/bmb-web-templates/bmb-web-templates.component.stories.ts:161",""
"BmbWebTemplatesComponent","topBarAppSubTitle","Set the App sub-title.","Componente","bmb-web-templates","topBarAppSubTitle","string","No","''","input","Biblioteca","No","No","ui-angular/src/lib/components/bmb-web-templates/bmb-web-templates.component.ts","64","ui-angular/src/lib/components/bmb-web-templates/bmb-web-templates.component.stories.ts:173",""
"BmbWebTemplatesComponent","topBarShowLang","Shows the lang selector.","Componente","bmb-web-templates","topBarShowLang","boolean","No","false","input","Biblioteca","No","No","ui-angular/src/lib/components/bmb-web-templates/bmb-web-templates.component.ts","65","ui-angular/src/lib/components/bmb-web-templates/bmb-web-templates.component.stories.ts:185",""
"BmbWebTemplatesComponent","topBarLang","Set the default language.","Componente","bmb-web-templates","topBarLang","string","No","'es'","input","Biblioteca","No","No","ui-angular/src/lib/components/bmb-web-templates/bmb-web-templates.component.ts","66","ui-angular/src/lib/components/bmb-web-templates/bmb-web-templates.component.stories.ts:195",""
"BmbWebTemplatesComponent","topBarMitec","Top Bar changes to the mitec version","Componente","bmb-web-templates","topBarMitec","boolean","No","false","input","Biblioteca","No","No","ui-angular/src/lib/components/bmb-web-templates/bmb-web-templates.component.ts","67","ui-angular/src/lib/components/bmb-web-templates/bmb-web-templates.component.stories.ts:207",""
"BmbWebTemplatesComponent","topBarAssignmentNotification","Set the number of notifications for the icon assignment","Componente","bmb-web-templates","topBarAssignmentNotification","string[]","No","[]","input","Biblioteca","No","No","ui-angular/src/lib/components/bmb-web-templates/bmb-web-templates.component.ts","68","ui-angular/src/lib/components/bmb-web-templates/bmb-web-templates.component.stories.ts:219",""
"BmbWebTemplatesComponent","topBarAlertNotification","Set the number of notifications for the icon alert","Componente","bmb-web-templates","topBarAlertNotification","IBmbDataAlert[]","No","[]","input","Biblioteca","No","No","ui-angular/src/lib/components/bmb-web-templates/bmb-web-templates.component.ts","69","ui-angular/src/lib/components/bmb-web-templates/bmb-web-templates.component.stories.ts:230",""
"BmbWebTemplatesComponent","sideBarElements","An array of sidebar elements, each containing a list of child elements.","Componente","bmb-web-templates","sideBarElements","SidebarElement[][]","No","[]","input","Biblioteca","No","No","ui-angular/src/lib/components/bmb-web-templates/bmb-web-templates.component.ts","75","ui-angular/src/lib/components/bmb-web-templates/bmb-web-templates.component.stories.ts:260",""
"BmbWebTemplatesComponent","sideBarTitle","The title of the navigation sidebar for mobile.","Componente","bmb-web-templates","sideBarTitle","string","No","''","input","Biblioteca","No","No","ui-angular/src/lib/components/bmb-web-templates/bmb-web-templates.component.ts","76","ui-angular/src/lib/components/bmb-web-templates/bmb-web-templates.component.stories.ts:273",""
"ChatActionsComponent","message","Sin descripción documentada.","Componente","bmb-chat-actions","message","BmbChatMessage","Sí","Sin valor predeterminado (requerido)","input.required","Biblioteca","No","No","ui-angular/src/lib/components/bmb-ai-chat-bubble/bmb-chat-actions/bmb-chat-actions.component.ts","30","",""
"ChatActionsComponent","actions","Sin descripción documentada.","Componente","bmb-chat-actions","actions","BmbChatAction[] | null","No","null","input","Biblioteca","No","No","ui-angular/src/lib/components/bmb-ai-chat-bubble/bmb-chat-actions/bmb-chat-actions.component.ts","31","",""
"ChatActionsComponent","copyState","Sin descripción documentada.","Componente","bmb-chat-actions","copyState","BmbChatCopyState","No","'idle'","input","Biblioteca","No","No","ui-angular/src/lib/components/bmb-ai-chat-bubble/bmb-chat-actions/bmb-chat-actions.component.ts","32","",""
"ImageMessageComponent","message","Sin descripción documentada.","Componente","bmb-image-message","message","BmbImageMessage","Sí","Sin valor predeterminado (requerido)","input.required","Biblioteca","No","No","ui-angular/src/lib/components/bmb-ai-chat-bubble/bmb-message-renderers/bmb-image-message/bmb-image-message.component.ts","20","",""
"LinkMessageComponent","message","Sin descripción documentada.","Componente","bmb-link-message","message","BmbLinkMessage","Sí","Sin valor predeterminado (requerido)","input.required","Biblioteca","No","No","ui-angular/src/lib/components/bmb-ai-chat-bubble/bmb-message-renderers/bmb-link-message/bmb-link-message.component.ts","15","",""
"MixedMessageComponent","message","Sin descripción documentada.","Componente","bmb-mixed-message","message","BmbMixedMessage","Sí","Sin valor predeterminado (requerido)","input.required","Biblioteca","No","No","ui-angular/src/lib/components/bmb-ai-chat-bubble/bmb-message-renderers/bmb-mixed-message/bmb-mixed-message.component.ts","20","",""
"OptionsMessageComponent","message","Options message contract.","Componente","bmb-options-message","message","BmbOptionsMessage","Sí","Sin valor predeterminado (requerido)","input.required","Biblioteca","No","No","ui-angular/src/lib/components/bmb-ai-chat-bubble/bmb-message-renderers/bmb-options-message/bmb-options-message.component.ts","38","ui-angular/src/lib/components/bmb-ai-chat-bubble/bmb-message-renderers/bmb-options-message/bmb-options-message.component.ts:38",""
"TemplateMessageComponent","message","Sin descripción documentada.","Componente","bmb-template-message","message","BmbTemplateMessage","Sí","Sin valor predeterminado (requerido)","input.required","Biblioteca","No","No","ui-angular/src/lib/components/bmb-ai-chat-bubble/bmb-message-renderers/bmb-template-message/bmb-template-message.component.ts","14","",""
"TemplateNameDirective","templateName","Sin descripción documentada.","Directiva","[templateName]","templateName","string","Sí","Sin valor predeterminado (requerido)","input.required","Biblioteca","No","No","ui-angular/src/lib/components/bmb-tables/bmb-tables.directive.ts","7","",""
"TextMessageComponent","message","Sin descripción documentada.","Componente","bmb-text-message","message","BmbTextMessage","Sí","Sin valor predeterminado (requerido)","input.required","Biblioteca","No","No","ui-angular/src/lib/components/bmb-ai-chat-bubble/bmb-message-renderers/bmb-text-message/bmb-text-message.component.ts","14","",""
"BmbNativeModalStory","title","Specifies the text display. This message should be concise and direct.","Componente","bmb-native-modal-story","title","string","No","''","input","Storybook","No","No","ui-angular/src/lib/components/bmb-modal/bmb-native-modal.stories.ts","54","ui-angular/src/lib/components/bmb-modal/bmb-native-modal.stories.ts:335",""
"BmbNativeModalStory","subtitle","Sets the subtitle text display. This message should be concise and direct.","Componente","bmb-native-modal-story","subtitle","string","No","''","input","Storybook","No","No","ui-angular/src/lib/components/bmb-modal/bmb-native-modal.stories.ts","55","ui-angular/src/lib/components/bmb-modal/bmb-native-modal.stories.ts:336",""
"BmbNativeModalStory","content","Sets the body text display. This attribute can receive a Template Reference or a Component instead of the string.","Componente","bmb-native-modal-story","content","string | TemplateRef<any> | null","No","''","input","Storybook","No","No","ui-angular/src/lib/components/bmb-modal/bmb-native-modal.stories.ts","56","ui-angular/src/lib/components/bmb-modal/bmb-native-modal.stories.ts:348",""
"BmbNativeModalStory","size","Sets the appearance of modal size, affecting its visual style.","Componente","bmb-native-modal-story","size","IBmbNativeModalSize","No","'medium'","input","Storybook","No","No","ui-angular/src/lib/components/bmb-modal/bmb-native-modal.stories.ts","57","ui-angular/src/lib/components/bmb-modal/bmb-native-modal.stories.ts:360",""
"BmbNativeModalStory","modalId","Sets the unique identifier for the modal instance.","Componente","bmb-native-modal-story","modalId","string | undefined","No","undefined","input","Storybook","No","No","ui-angular/src/lib/components/bmb-modal/bmb-native-modal.stories.ts","58","ui-angular/src/lib/components/bmb-modal/bmb-native-modal.stories.ts:365",""
"BmbNativeModalStory","iconStyle","Sets the icon to show at the left of the modal title.","Componente","bmb-native-modal-story","iconStyle","IBmbModalAlertStyle","No","undefined","input","Storybook","No","No","ui-angular/src/lib/components/bmb-modal/bmb-native-modal.stories.ts","59","ui-angular/src/lib/components/bmb-modal/bmb-native-modal.stories.ts:374",""
"BmbNativeModalStory","actions","Sets the actions to show at the bottom of the modal.","Componente","bmb-native-modal-story","actions","IBmbActionButton[]","No","[]","input","Storybook","No","No","ui-angular/src/lib/components/bmb-modal/bmb-native-modal.stories.ts","60","ui-angular/src/lib/components/bmb-modal/bmb-native-modal.stories.ts:384",""
"BmbRadiusPlaygroundComponent","radius","This is the collection of *radius* that can be used.

Please use this help to generate the *radius* variables to use.","Componente","bmb-radius-playground","radius","string","No","''","input","Storybook","No","No","ui-angular/src/lib/fundations/bmb-radius.stories.ts","44","ui-angular/src/lib/fundations/bmb-radius.stories.ts:89",""
"BmbSpacingPlaygroundComponent","padding","This is the collection of *padding* that can be used.

Please use this help to generate the *padding* variables to use.","Componente","bmb-spacing-playground","padding","string","No","''","input","Storybook","No","No","ui-angular/src/lib/fundations/bmb-spacing.stories.ts","99","ui-angular/src/lib/fundations/bmb-spacing.stories.ts:159",""
"BmbSpacingPlaygroundComponent","margin","This is the collection of *margin* that can be used.

Please use this help to generate the *margin* variables to use.","Componente","bmb-spacing-playground","margin","string","No","''","input","Storybook","No","No","ui-angular/src/lib/fundations/bmb-spacing.stories.ts","100","ui-angular/src/lib/fundations/bmb-spacing.stories.ts:170",""
"BmbSpacingPlaygroundComponent","gap","This is the collection of *gap* that can be used.

Please use this help to generate the *gap* variables to use.","Componente","bmb-spacing-playground","gap","string","No","''","input","Storybook","No","No","ui-angular/src/lib/fundations/bmb-spacing.stories.ts","101","ui-angular/src/lib/fundations/bmb-spacing.stories.ts:181",""
"StorybookAccordionTabs","modalId","Sin descripción documentada.","Componente","storybook-accordion-tabs","modalId","string | undefined","No","undefined","input","Storybook","No","No","ui-angular/src/lib/layouts/bmb_landing_accordion_tabs.stories.ts","551","",""
"StorybookAccordionTabs","modalId","Sin descripción documentada.","Componente","storybook-accordion-tabs","modalId","string | undefined","No","undefined","input","Storybook","No","No","ui-angular/src/lib/layouts/bmb_landing_servicios_admin.stories.ts","689","",""
"StorybookBorderStoriesComponent","color","This is the collection of *border colors* that can be used.

Please use this help to generate the *border colors* variables to use.","Componente","storybook-border-stories","color","string","No","undefined","input","Storybook","No","No","ui-angular/src/lib/fundations/bmb-border.stories.ts","31","ui-angular/src/lib/fundations/bmb-border.stories.ts:83",""
"StorybookBorderStoriesComponent","size","This is the collection of *border sizes* that can be used.

Please use this help to generate the *border sizes* variables to use.","Componente","storybook-border-stories","size","string","No","undefined","input","Storybook","No","No","ui-angular/src/lib/fundations/bmb-border.stories.ts","32","ui-angular/src/lib/fundations/bmb-border.stories.ts:111",""
"StorybookBorderStoriesComponent","type","This is the collection of *border types* that can be used.

Please use this help to generate the *border types* variables to use.","Componente","storybook-border-stories","type","string","No","undefined","input","Storybook","No","No","ui-angular/src/lib/fundations/bmb-border.stories.ts","33","ui-angular/src/lib/fundations/bmb-border.stories.ts:127",""
"StorybookGenericCardButtonPlayground","columns","Number of grid columns.","Componente","storybook-generic-card-button-playground","columns","number","No","4","input","Storybook","No","No","ui-angular/src/lib/components/bmb-generic-card-button/bmb-generic-card-button-playground.stories.ts","87","ui-angular/src/lib/components/bmb-generic-card-button/bmb-generic-card-button-playground.stories.ts:152",""
"StorybookGenericCardButtonPlayground","rows","Number of grid rows.","Componente","storybook-generic-card-button-playground","rows","number","No","2","input","Storybook","No","No","ui-angular/src/lib/components/bmb-generic-card-button/bmb-generic-card-button-playground.stories.ts","88","ui-angular/src/lib/components/bmb-generic-card-button/bmb-generic-card-button-playground.stories.ts:156",""
"StorybookGenericCardButtonPlayground","columnSize","Column track size, applied to every column (e.g. ""auto"", ""1fr"", ""100px"").","Componente","storybook-generic-card-button-playground","columnSize","string","No","'auto'","input","Storybook","No","No","ui-angular/src/lib/components/bmb-generic-card-button/bmb-generic-card-button-playground.stories.ts","89","ui-angular/src/lib/components/bmb-generic-card-button/bmb-generic-card-button-playground.stories.ts:160",""
"StorybookGenericCardButtonPlayground","rowSize","Row track size, applied to every row (e.g. ""auto"", ""1fr"", ""60px"").","Componente","storybook-generic-card-button-playground","rowSize","string","No","'auto'","input","Storybook","No","No","ui-angular/src/lib/components/bmb-generic-card-button/bmb-generic-card-button-playground.stories.ts","90","ui-angular/src/lib/components/bmb-generic-card-button/bmb-generic-card-button-playground.stories.ts:165",""
"StorybookGenericCardButtonPlayground","colGapSize","Gap between columns.","Componente","storybook-generic-card-button-playground","colGapSize","SizeNames","No","'m'","input","Storybook","No","No","ui-angular/src/lib/components/bmb-generic-card-button/bmb-generic-card-button-playground.stories.ts","91","ui-angular/src/lib/components/bmb-generic-card-button/bmb-generic-card-button-playground.stories.ts:170",""
"StorybookGenericCardButtonPlayground","rowGapSize","Gap between rows.","Componente","storybook-generic-card-button-playground","rowGapSize","SizeNames","No","'m'","input","Storybook","No","No","ui-angular/src/lib/components/bmb-generic-card-button/bmb-generic-card-button-playground.stories.ts","92","ui-angular/src/lib/components/bmb-generic-card-button/bmb-generic-card-button-playground.stories.ts:175",""
"StorybookGenericCardButtonPlayground","disabled","Descripción no resuelta automáticamente; consultar la fuente de documentación.","Componente","storybook-generic-card-button-playground","disabled","boolean","No","false","input","Storybook","No","No","ui-angular/src/lib/components/bmb-generic-card-button/bmb-generic-card-button-playground.stories.ts","93","ui-angular/src/lib/components/bmb-generic-card-button/bmb-generic-card-button-playground.stories.ts:180",""
"StorybookGenericCardButtonPlayground","selected","Descripción no resuelta automáticamente; consultar la fuente de documentación.","Componente","storybook-generic-card-button-playground","selected","boolean","No","false","input","Storybook","No","No","ui-angular/src/lib/components/bmb-generic-card-button/bmb-generic-card-button-playground.stories.ts","94","ui-angular/src/lib/components/bmb-generic-card-button/bmb-generic-card-button-playground.stories.ts:181",""
"StorybookGenericCardButtonPlayground","width","The card wrapper's width in px (no upper bound on the card itself).","Componente","storybook-generic-card-button-playground","width","number","No","328","input","Storybook","No","No","ui-angular/src/lib/components/bmb-generic-card-button/bmb-generic-card-button-playground.stories.ts","95","ui-angular/src/lib/components/bmb-generic-card-button/bmb-generic-card-button-playground.stories.ts:182",""
"StorybookGenericCardButtonPlayground","height","The card wrapper's height in px (no upper bound on the card itself).","Componente","storybook-generic-card-button-playground","height","number","No","208","input","Storybook","No","No","ui-angular/src/lib/components/bmb-generic-card-button/bmb-generic-card-button-playground.stories.ts","96","ui-angular/src/lib/components/bmb-generic-card-button/bmb-generic-card-button-playground.stories.ts:187",""
"StorybookGuidedTourHC","steps","Sin descripción documentada.","Componente","storybook-guided-tour","steps","OnboardingStep[]","No","[]","input","Storybook","No","No","ui-angular/src/lib/layouts/bmb-guided-tour/bmb-guided-tour-variant.stories.ts","189","",""
"StorybookGuidedTourHC","startIndex","Sin descripción documentada.","Componente","storybook-guided-tour","startIndex","number","No","0","input","Storybook","No","No","ui-angular/src/lib/layouts/bmb-guided-tour/bmb-guided-tour-variant.stories.ts","190","",""
"StorybookHackathon","modalId","Sin descripción documentada.","Componente","storybook-hackathon","modalId","string | undefined","No","undefined","input","Storybook","No","No","ui-angular/src/lib/layouts/bmb_landing_hackathon.stories.ts","611","",""
"StorybookHomeMitecMobile","userHasSession","Sin descripción documentada.","Componente","storybook-home-mitec-mobile","userHasSession","boolean","No","undefined","input","Storybook","No","No","ui-angular/src/lib/layouts/bmb-home-mitec-mobile.stories.ts","209","",""
"StorybookHomeMitecMobile","userHasValidToken","Sin descripción documentada.","Componente","storybook-home-mitec-mobile","userHasValidToken","boolean","No","undefined","model","Storybook","No","No","ui-angular/src/lib/layouts/bmb-home-mitec-mobile.stories.ts","210","",""
"StorybookLayoutBienvenida","steps","Sin descripción documentada.","Componente","storybook-layout-bienvenida","steps","OnboardingStep[]","No","[]","input","Storybook","No","No","ui-angular/src/lib/layouts/bmb-guided-tour/bmb-guided-tour.stories.ts","193","",""
"StorybookLayoutBienvenida","startIndex","Sin descripción documentada.","Componente","storybook-layout-bienvenida","startIndex","number","No","0","input","Storybook","No","No","ui-angular/src/lib/layouts/bmb-guided-tour/bmb-guided-tour.stories.ts","194","",""
"StorybookLayoutGridStories","colGapSize","The gap size between columns.","Componente","storybook-layout-grid-stories","colGapSize","SizeNames","No","'m'","input","Storybook","Sí","No","ui-angular/src/lib/directives/old/bmb-layout-grid/bmb-layout-grid-generator.stories.ts","119","ui-angular/src/lib/directives/old/bmb-layout-grid/bmb-layout-grid-generator.stories.ts:320",""
"StorybookLayoutGridStories","rowGapSize","The gap size between rows.","Componente","storybook-layout-grid-stories","rowGapSize","SizeNames","No","'m'","input","Storybook","Sí","No","ui-angular/src/lib/directives/old/bmb-layout-grid/bmb-layout-grid-generator.stories.ts","120","ui-angular/src/lib/directives/old/bmb-layout-grid/bmb-layout-grid-generator.stories.ts:376",""
"StorybookLayoutGridStories","columnSize","The size of the columns in the grid.","Componente","storybook-layout-grid-stories","columnSize","string[] | string","No","'auto'","input","Storybook","Sí","No","ui-angular/src/lib/directives/old/bmb-layout-grid/bmb-layout-grid-generator.stories.ts","121","ui-angular/src/lib/directives/old/bmb-layout-grid/bmb-layout-grid-generator.stories.ts:365",""
"StorybookLayoutGridStories","rowSize","The size of the rows in the grid.","Componente","storybook-layout-grid-stories","rowSize","string[] | string","No","'auto'","input","Storybook","Sí","No","ui-angular/src/lib/directives/old/bmb-layout-grid/bmb-layout-grid-generator.stories.ts","122","ui-angular/src/lib/directives/old/bmb-layout-grid/bmb-layout-grid-generator.stories.ts:354",""
"StorybookLayoutGridStories","columns","The number of columns in the grid.","Componente","storybook-layout-grid-stories","columns","number","No","1","input","Storybook","Sí","No","ui-angular/src/lib/directives/old/bmb-layout-grid/bmb-layout-grid-generator.stories.ts","123","ui-angular/src/lib/directives/old/bmb-layout-grid/bmb-layout-grid-generator.stories.ts:343",""
"StorybookLayoutGridStories","rows","The number of rows in the grid.","Componente","storybook-layout-grid-stories","rows","number","No","1","input","Storybook","Sí","No","ui-angular/src/lib/directives/old/bmb-layout-grid/bmb-layout-grid-generator.stories.ts","124","ui-angular/src/lib/directives/old/bmb-layout-grid/bmb-layout-grid-generator.stories.ts:332",""
"StorybookLayoutGridStories","height","The height of the grid. If a number is provided, it will be used as the height in pixels. If a string is provided, it will be used as the height in CSS units (e.g. ""100%"", ""50dvh"", etc.).","Componente","storybook-layout-grid-stories","height","string | number","No","'auto'","input","Storybook","Sí","No","ui-angular/src/lib/directives/old/bmb-layout-grid/bmb-layout-grid-generator.stories.ts","125","ui-angular/src/lib/directives/old/bmb-layout-grid/bmb-layout-grid-generator.stories.ts:388",""
"StorybookModalWrapperComponent","args","Sin descripción documentada.","Componente","storybook-modal-wrapper","args","undefined","No","undefined","input","Storybook","No","No","ui-angular/src/lib/components/bmb-home-card-chat/bmb-home-card-chat.stories.ts","97","",""
"StorybookModalWrapperComponent","title","Sin descripción documentada.","Componente","storybook-modal-wrapper","title","string","No","undefined","input","Storybook","No","No","ui-angular/src/lib/components/bmb-modal/bmb-modal.stories.ts","45","",""
"StorybookModalWrapperComponent","subtitle","Sin descripción documentada.","Componente","storybook-modal-wrapper","subtitle","string","No","undefined","input","Storybook","No","No","ui-angular/src/lib/components/bmb-modal/bmb-modal.stories.ts","46","",""
"StorybookModalWrapperComponent","content","Sin descripción documentada.","Componente","storybook-modal-wrapper","content","string","No","undefined","input","Storybook","No","No","ui-angular/src/lib/components/bmb-modal/bmb-modal.stories.ts","47","",""
"StorybookModalWrapperComponent","size","Sin descripción documentada.","Componente","storybook-modal-wrapper","size","'small' | 'medium' | 'large'","No","undefined","input","Storybook","No","No","ui-angular/src/lib/components/bmb-modal/bmb-modal.stories.ts","48","",""
"StorybookModalWrapperComponent","type","Sin descripción documentada.","Componente","storybook-modal-wrapper","type","'alert' | 'action' | 'informative'","No","undefined","input","Storybook","No","No","ui-angular/src/lib/components/bmb-modal/bmb-modal.stories.ts","49","",""
"StorybookModalWrapperComponent","alertStyle","Sin descripción documentada.","Componente","storybook-modal-wrapper","alertStyle","'error' | 'event' | 'neutral' | 'warning' | 'success'","No","undefined","input","Storybook","No","No","ui-angular/src/lib/components/bmb-modal/bmb-modal.stories.ts","50","",""
"StorybookModalWrapperComponent","primaryBtnLabel","Sin descripción documentada.","Componente","storybook-modal-wrapper","primaryBtnLabel","string","No","undefined","input","Storybook","No","No","ui-angular/src/lib/components/bmb-modal/bmb-modal.stories.ts","52","",""
"StorybookModalWrapperComponent","secondaryBtnLabel","Sin descripción documentada.","Componente","storybook-modal-wrapper","secondaryBtnLabel","string","No","undefined","input","Storybook","No","No","ui-angular/src/lib/components/bmb-modal/bmb-modal.stories.ts","53","",""
"StorybookModalWrapperComponent","hidePrimaryButton","Sin descripción documentada.","Componente","storybook-modal-wrapper","hidePrimaryButton","boolean","No","undefined","input","Storybook","No","No","ui-angular/src/lib/components/bmb-modal/bmb-modal.stories.ts","55","",""
"StorybookModalWrapperComponent","hideSecondaryButton","Sin descripción documentada.","Componente","storybook-modal-wrapper","hideSecondaryButton","boolean","No","undefined","input","Storybook","No","No","ui-angular/src/lib/components/bmb-modal/bmb-modal.stories.ts","56","",""
"StorybookModalWrapperComponent","extendButtons","Sin descripción documentada.","Componente","storybook-modal-wrapper","extendButtons","boolean","No","undefined","input","Storybook","No","No","ui-angular/src/lib/components/bmb-modal/bmb-modal.stories.ts","57","",""
"StorybookModalWrapperComponent","primaryAction","Sin descripción documentada.","Componente","storybook-modal-wrapper","primaryAction","() => void","No","undefined","input","Storybook","No","No","ui-angular/src/lib/components/bmb-modal/bmb-modal.stories.ts","59","",""
"StorybookModalWrapperComponent","secondaryAction","Sin descripción documentada.","Componente","storybook-modal-wrapper","secondaryAction","() => void","No","undefined","input","Storybook","No","No","ui-angular/src/lib/components/bmb-modal/bmb-modal.stories.ts","60","",""
"StorybookModalWrapperComponent","closeAction","Sin descripción documentada.","Componente","storybook-modal-wrapper","closeAction","() => void","No","undefined","input","Storybook","No","No","ui-angular/src/lib/components/bmb-modal/bmb-modal.stories.ts","61","",""
"StorybookShadowsStoriesComponent","shadowsName","This is the collection of *shadow boxes* that can be used.

Please use this help to generate the *shadow boxes* variables to use.","Componente","storybook-shadows-stories","shadowsName","string","No","undefined","input","Storybook","No","No","ui-angular/src/lib/fundations/bmb-shadows.stories.ts","39","ui-angular/src/lib/fundations/bmb-shadows.stories.ts:99",""
"StorybookToastWrapperComponent","title","Sin descripción documentada.","Componente","storybook-toast-wrapper","title","string","No","''","input","Storybook","No","No","ui-angular/src/lib/components/bmb-portal/bmb-portal.stories.ts","108","",""
"StorybookToastWrapperComponent","subtitle","Sin descripción documentada.","Componente","storybook-toast-wrapper","subtitle","string","No","''","input","Storybook","No","No","ui-angular/src/lib/components/bmb-portal/bmb-portal.stories.ts","109","",""
"StorybookToastWrapperComponent","content","Sin descripción documentada.","Componente","storybook-toast-wrapper","content","string","No","''","input","Storybook","No","No","ui-angular/src/lib/components/bmb-portal/bmb-portal.stories.ts","110","",""
"StorybookToastWrapperComponent","icon","Sin descripción documentada.","Componente","storybook-toast-wrapper","icon","string","No","''","input","Storybook","No","No","ui-angular/src/lib/components/bmb-portal/bmb-portal.stories.ts","111","",""
"StorybookToastWrapperComponent","type","Sin descripción documentada.","Componente","storybook-toast-wrapper","type","NotificationType","No","'tec'","input","Storybook","No","No","ui-angular/src/lib/components/bmb-portal/bmb-portal.stories.ts","112","",""
"StorybookToastWrapperComponent","isFullColor","Sin descripción documentada.","Componente","storybook-toast-wrapper","isFullColor","boolean","No","false","input","Storybook","No","No","ui-angular/src/lib/components/bmb-portal/bmb-portal.stories.ts","113","",""
"StorybookToastWrapperComponent","delay","Sin descripción documentada.","Componente","storybook-toast-wrapper","delay","number","No","5000","input","Storybook","No","No","ui-angular/src/lib/components/bmb-portal/bmb-portal.stories.ts","114","",""
"StorybookToastWrapperComponent","date","Sin descripción documentada.","Componente","storybook-toast-wrapper","date","string","No","''","input","Storybook","No","No","ui-angular/src/lib/components/bmb-portal/bmb-portal.stories.ts","115","",""
"StorybookToastWrapperComponent","appName","Sin descripción documentada.","Componente","storybook-toast-wrapper","appName","string","No","''","input","Storybook","No","No","ui-angular/src/lib/components/bmb-portal/bmb-portal.stories.ts","116","",""
"StorybookToastWrapperComponent","appIcon","Sin descripción documentada.","Componente","storybook-toast-wrapper","appIcon","string","No","''","input","Storybook","No","No","ui-angular/src/lib/components/bmb-portal/bmb-portal.stories.ts","117","",""
"StorybookToastWrapperComponent","media","Sin descripción documentada.","Componente","storybook-toast-wrapper","media","string","No","''","input","Storybook","No","No","ui-angular/src/lib/components/bmb-portal/bmb-portal.stories.ts","118","",""
"StorybookToastWrapperComponent","userName","Sin descripción documentada.","Componente","storybook-toast-wrapper","userName","string","No","''","input","Storybook","No","No","ui-angular/src/lib/components/bmb-portal/bmb-portal.stories.ts","119","",""
"StorybookToastWrapperComponent","userAvatar","Sin descripción documentada.","Componente","storybook-toast-wrapper","userAvatar","string","No","''","input","Storybook","No","No","ui-angular/src/lib/components/bmb-portal/bmb-portal.stories.ts","120","",""
"StorybookToastWrapperComponent","userMail","Sin descripción documentada.","Componente","storybook-toast-wrapper","userMail","string","No","''","input","Storybook","No","No","ui-angular/src/lib/components/bmb-portal/bmb-portal.stories.ts","121","",""
"StorybookToastWrapperComponent","component","Sin descripción documentada.","Componente","storybook-toast-wrapper","component","'toast' | 'notification' | 'notice-card'","No","'notification'","input","Storybook","No","No","ui-angular/src/lib/components/bmb-portal/bmb-portal.stories.ts","122","",""
"StorybookToastWrapperComponent","appearance","Sin descripción documentada.","Componente","storybook-toast-wrapper","appearance","BmbToastAppearance","No","'neutral'","input","Storybook","No","No","ui-angular/src/lib/components/bmb-portal/bmb-portal.stories.ts","123","",""
"StorybookToastWrapperComponent","position","Sin descripción documentada.","Componente","storybook-toast-wrapper","position","| 'top-left' | 'top-right' | 'top-center' | 'bottom-left' | 'bottom-right' | 'bottom-center'","No","'top-right'","input","Storybook","No","No","ui-angular/src/lib/components/bmb-portal/bmb-portal.stories.ts","124","",""
"StorybookToastWrapperComponent","buttonText","Sin descripción documentada.","Componente","storybook-toast-wrapper","buttonText","string","No","''","input","Storybook","No","No","ui-angular/src/lib/components/bmb-portal/bmb-portal.stories.ts","136","",""
"StorybookToastWrapperComponent","link","Sin descripción documentada.","Componente","storybook-toast-wrapper","link","string","No","''","input","Storybook","No","No","ui-angular/src/lib/components/bmb-portal/bmb-portal.stories.ts","137","",""
"StorybookToastWrapperComponent","title","Sin descripción documentada.","Componente","storybook-toast-wrapper","title","string","No","''","input","Storybook","No","No","ui-angular/src/lib/components/bmb-push-notification/bmb-push-notification.stories.ts","48","",""
"StorybookToastWrapperComponent","subtitle","Sin descripción documentada.","Componente","storybook-toast-wrapper","subtitle","string","No","''","input","Storybook","No","No","ui-angular/src/lib/components/bmb-push-notification/bmb-push-notification.stories.ts","49","",""
"StorybookToastWrapperComponent","content","Sin descripción documentada.","Componente","storybook-toast-wrapper","content","string","No","''","input","Storybook","No","No","ui-angular/src/lib/components/bmb-push-notification/bmb-push-notification.stories.ts","50","",""
"StorybookToastWrapperComponent","icon","Sin descripción documentada.","Componente","storybook-toast-wrapper","icon","string","No","''","input","Storybook","No","No","ui-angular/src/lib/components/bmb-push-notification/bmb-push-notification.stories.ts","51","",""
"StorybookToastWrapperComponent","type","Sin descripción documentada.","Componente","storybook-toast-wrapper","type","NotificationType","No","'tec'","input","Storybook","No","No","ui-angular/src/lib/components/bmb-push-notification/bmb-push-notification.stories.ts","52","",""
"StorybookToastWrapperComponent","isFullColor","Sin descripción documentada.","Componente","storybook-toast-wrapper","isFullColor","boolean","No","false","input","Storybook","No","No","ui-angular/src/lib/components/bmb-push-notification/bmb-push-notification.stories.ts","53","",""
"StorybookToastWrapperComponent","delay","Sin descripción documentada.","Componente","storybook-toast-wrapper","delay","number","No","5000","input","Storybook","No","No","ui-angular/src/lib/components/bmb-push-notification/bmb-push-notification.stories.ts","54","",""
"StorybookToastWrapperComponent","date","Sin descripción documentada.","Componente","storybook-toast-wrapper","date","string","No","''","input","Storybook","No","No","ui-angular/src/lib/components/bmb-push-notification/bmb-push-notification.stories.ts","55","",""
"StorybookToastWrapperComponent","appName","Sin descripción documentada.","Componente","storybook-toast-wrapper","appName","string","No","''","input","Storybook","No","No","ui-angular/src/lib/components/bmb-push-notification/bmb-push-notification.stories.ts","56","",""
"StorybookToastWrapperComponent","appIcon","Sin descripción documentada.","Componente","storybook-toast-wrapper","appIcon","string","No","''","input","Storybook","No","No","ui-angular/src/lib/components/bmb-push-notification/bmb-push-notification.stories.ts","57","",""
"StorybookToastWrapperComponent","media","Sin descripción documentada.","Componente","storybook-toast-wrapper","media","string","No","''","input","Storybook","No","No","ui-angular/src/lib/components/bmb-push-notification/bmb-push-notification.stories.ts","58","",""
"StorybookToastWrapperComponent","userName","Sin descripción documentada.","Componente","storybook-toast-wrapper","userName","string","No","''","input","Storybook","No","No","ui-angular/src/lib/components/bmb-push-notification/bmb-push-notification.stories.ts","59","",""
"StorybookToastWrapperComponent","userAvatar","Sin descripción documentada.","Componente","storybook-toast-wrapper","userAvatar","string","No","''","input","Storybook","No","No","ui-angular/src/lib/components/bmb-push-notification/bmb-push-notification.stories.ts","60","",""
"StorybookToastWrapperComponent","userMail","Sin descripción documentada.","Componente","storybook-toast-wrapper","userMail","string","No","''","input","Storybook","No","No","ui-angular/src/lib/components/bmb-push-notification/bmb-push-notification.stories.ts","61","",""
